text,label,source
"Go until jurong point, crazy.. Available only in bugis n great world la e buffet... Cine there got amore wat...",legitimate,uci_sms_spam
Ok lar... Joking wif u oni...,legitimate,uci_sms_spam
Free entry in 2 a wkly comp to win FA Cup final tkts 21st May 2005. Text FA to 87121 to receive entry question(std txt rate)T&C's apply 08452810075over18's,scam,uci_sms_spam
U dun say so early hor... U c already then say...,legitimate,uci_sms_spam
"Nah I don't think he goes to usf, he lives around here though",legitimate,uci_sms_spam
"FreeMsg Hey there darling it's been 3 week's now and no word back! I'd like some fun you up for it still? Tb ok! XxX std chgs to send, £1.50 to rcv",scam,uci_sms_spam
Even my brother is not like to speak with me. They treat me like aids patent.,legitimate,uci_sms_spam
As per your request 'Melle Melle (Oru Minnaminunginte Nurungu Vettam)' has been set as your callertune for all Callers. Press *9 to copy your friends Callertune,legitimate,uci_sms_spam
WINNER!! As a valued network customer you have been selected to receivea £900 prize reward! To claim call 09061701461. Claim code KL341. Valid 12 hours only.,scam,uci_sms_spam
Had your mobile 11 months or more? U R entitled to Update to the latest colour mobiles with camera for Free! Call The Mobile Update Co FREE on 08002986030,scam,uci_sms_spam
"I'm gonna be home soon and i don't want to talk about this stuff anymore tonight, k? I've cried enough today.",legitimate,uci_sms_spam
"SIX chances to win CASH! From 100 to 20,000 pounds txt> CSH11 and send to 87575. Cost 150p/day, 6days, 16+ TsandCs apply Reply HL 4 info",scam,uci_sms_spam
"URGENT! You have won a 1 week FREE membership in our £100,000 Prize Jackpot! Txt the word: CLAIM to No: 81010 T&C www.dbuk.net LCCLTD POBOX 4403LDNW1A7RW18",scam,uci_sms_spam
I've been searching for the right words to thank you for this breather. I promise i wont take your help for granted and will fulfil my promise. You have been wonderful and a blessing at all times.,legitimate,uci_sms_spam
I HAVE A DATE ON SUNDAY WITH WILL!!,legitimate,uci_sms_spam
"XXXMobileMovieClub: To use your credit, click the WAP link in the next txt message or click here>> http://wap. xxxmobilemovieclub.com?n=QJKGIGHJJGCBL",scam,uci_sms_spam
Oh k...i'm watching here:),legitimate,uci_sms_spam
Eh u remember how 2 spell his name... Yes i did. He v naughty make until i v wet.,legitimate,uci_sms_spam
Fine if thats the way u feel. Thats the way its gota b,legitimate,uci_sms_spam
"England v Macedonia - dont miss the goals/team news. Txt ur national team to 87077 eg ENGLAND to 87077 Try:WALES, SCOTLAND 4txt/ú1.20 POBOXox36504W45WQ 16+",scam,uci_sms_spam
Is that seriously how you spell his name?,legitimate,uci_sms_spam
I‘m going to try for 2 months ha ha only joking,legitimate,uci_sms_spam
So ü pay first lar... Then when is da stock comin...,legitimate,uci_sms_spam
Aft i finish my lunch then i go str down lor. Ard 3 smth lor. U finish ur lunch already?,legitimate,uci_sms_spam
Ffffffffff. Alright no way I can meet up with you sooner?,legitimate,uci_sms_spam
Just forced myself to eat a slice. I'm really not hungry tho. This sucks. Mark is getting worried. He knows I'm sick when I turn down pizza. Lol,legitimate,uci_sms_spam
Lol your always so convincing.,legitimate,uci_sms_spam
Did you catch the bus ? Are you frying an egg ? Did you make a tea? Are you eating your mom's left over dinner ? Do you feel my Love ?,legitimate,uci_sms_spam
"I'm back &amp; we're packing the car now, I'll let you know if there's room",legitimate,uci_sms_spam
Ahhh. Work. I vaguely remember that! What does it feel like? Lol,legitimate,uci_sms_spam
"Wait that's still not all that clear, were you not sure about me being sarcastic or that that's why x doesn't want to live with us",legitimate,uci_sms_spam
Yeah he got in at 2 and was v apologetic. n had fallen out and she was actin like spoilt child and he got caught up in that. Till 2! But we won't go there! Not doing too badly cheers. You? ,legitimate,uci_sms_spam
K tell me anything about you.,legitimate,uci_sms_spam
For fear of fainting with the of all that housework you just did? Quick have a cuppa,legitimate,uci_sms_spam
Thanks for your subscription to Ringtone UK your mobile will be charged £5/month Please confirm by replying YES or NO. If you reply NO you will not be charged,scam,uci_sms_spam
Yup... Ok i go home look at the timings then i msg ü again... Xuhui going to learn on 2nd may too but her lesson is at 8am,legitimate,uci_sms_spam
"Oops, I'll let you know when my roommate's done",legitimate,uci_sms_spam
I see the letter B on my car,legitimate,uci_sms_spam
Anything lor... U decide...,legitimate,uci_sms_spam
Hello! How's you and how did saturday go? I was just texting to see if you'd decided to do anything tomo. Not that i'm trying to invite myself or anything!,legitimate,uci_sms_spam
Pls go ahead with watts. I just wanted to be sure. Do have a great weekend. Abiola,legitimate,uci_sms_spam
"Did I forget to tell you ? I want you , I need you, I crave you ... But most of all ... I love you my sweet Arabian steed ... Mmmmmm ... Yummy",legitimate,uci_sms_spam
07732584351 - Rodger Burns - MSG = We tried to call you re your reply to our sms for a free nokia mobile + free camcorder. Please call now 08000930705 for delivery tomorrow,scam,uci_sms_spam
WHO ARE YOU SEEING?,legitimate,uci_sms_spam
Great! I hope you like your man well endowed. I am  &lt;#&gt;  inches...,legitimate,uci_sms_spam
No calls..messages..missed calls,legitimate,uci_sms_spam
Didn't you get hep b immunisation in nigeria.,legitimate,uci_sms_spam
"Fair enough, anything going on?",legitimate,uci_sms_spam
"Yeah hopefully, if tyler can't do it I could maybe ask around a bit",legitimate,uci_sms_spam
U don't know how stubborn I am. I didn't even want to go to the hospital. I kept telling Mark I'm not a weak sucker. Hospitals are for weak suckers.,legitimate,uci_sms_spam
What you thinked about me. First time you saw me in class.,legitimate,uci_sms_spam
"A gram usually runs like  &lt;#&gt; , a half eighth is smarter though and gets you almost a whole second gram for  &lt;#&gt;",legitimate,uci_sms_spam
K fyi x has a ride early tomorrow morning but he's crashing at our place tonight,legitimate,uci_sms_spam
"Wow. I never realized that you were so embarassed by your accomodations. I thought you liked it, since i was doing the best i could and you always seemed so happy about ""the cave"". I'm sorry I didn't and don't have more to give. I'm sorry i offered. I'm sorry your room was so embarassing.",legitimate,uci_sms_spam
SMS. ac Sptv: The New Jersey Devils and the Detroit Red Wings play Ice Hockey. Correct or Incorrect? End? Reply END SPTV,scam,uci_sms_spam
Do you know what Mallika Sherawat did yesterday? Find out now @  &lt;URL&gt;,legitimate,uci_sms_spam
"Congrats! 1 year special cinema pass for 2 is yours. call 09061209465 now! C Suprman V, Matrix3, StarWars3, etc all 4 FREE! bx420-ip4-5we. 150pm. Dont miss out! ",scam,uci_sms_spam
"Sorry, I'll call later in meeting.",legitimate,uci_sms_spam
Tell where you reached,legitimate,uci_sms_spam
Yes..gauti and sehwag out of odi series.,legitimate,uci_sms_spam
Your gonna have to pick up a $1 burger for yourself on your way home. I can't even move. Pain is killing me.,legitimate,uci_sms_spam
Ha ha ha good joke. Girls are situation seekers.,legitimate,uci_sms_spam
Its a part of checking IQ,legitimate,uci_sms_spam
"Sorry my roommates took forever, it ok if I come by now?",legitimate,uci_sms_spam
Ok lar i double check wif da hair dresser already he said wun cut v short. He said will cut until i look nice.,legitimate,uci_sms_spam
"As a valued customer, I am pleased to advise you that following recent review of your Mob No. you are awarded with a £1500 Bonus Prize, call 09066364589",scam,uci_sms_spam
"Today is ""song dedicated day.."" Which song will u dedicate for me? Send this to all ur valuable frnds but first rply me...",legitimate,uci_sms_spam
"Urgent UR awarded a complimentary trip to EuroDisinc Trav, Aco&Entry41 Or £1000. To claim txt DIS to 87121 18+6*£1.50(moreFrmMob. ShrAcomOrSglSuplt)10, LS1 3AJ",scam,uci_sms_spam
"Did you hear about the new ""Divorce Barbie""? It comes with all of Ken's stuff!",scam,uci_sms_spam
I plane to give on this month end.,legitimate,uci_sms_spam
Wah lucky man... Then can save money... Hee...,legitimate,uci_sms_spam
Finished class where are you.,legitimate,uci_sms_spam
HI BABE IM AT HOME NOW WANNA DO SOMETHING? XX,legitimate,uci_sms_spam
K..k:)where are you?how did you performed?,legitimate,uci_sms_spam
U can call me now...,legitimate,uci_sms_spam
I am waiting machan. Call me once you free.,legitimate,uci_sms_spam
Thats cool. i am a gentleman and will treat you with dignity and respect.,legitimate,uci_sms_spam
I like you peoples very much:) but am very shy pa.,legitimate,uci_sms_spam
Does not operate after  &lt;#&gt;  or what,legitimate,uci_sms_spam
Its not the same here. Still looking for a job. How much do Ta's earn there.,legitimate,uci_sms_spam
"Sorry, I'll call later",legitimate,uci_sms_spam
K. Did you call me just now ah? ,legitimate,uci_sms_spam
Ok i am on the way to home hi hi,legitimate,uci_sms_spam
You will be in the place of that man,legitimate,uci_sms_spam
Yup next stop.,legitimate,uci_sms_spam
"I call you later, don't have network. If urgnt, sms me.",legitimate,uci_sms_spam
For real when u getting on yo? I only need 2 more tickets and one more jacket and I'm done. I already used all my multis.,legitimate,uci_sms_spam
Yes I started to send requests to make it but pain came back so I'm back in bed. Double coins at the factory too. I gotta cash in all my nitros.,legitimate,uci_sms_spam
I'm really not up to it still tonight babe,legitimate,uci_sms_spam
"Ela kano.,il download, come wen ur free..",legitimate,uci_sms_spam
Yeah do! Don‘t stand to close tho- you‘ll catch something!,legitimate,uci_sms_spam
Sorry to be a pain. Is it ok if we meet another night? I spent late afternoon in casualty and that means i haven't done any of y stuff42moro and that includes all my time sheets and that. Sorry. ,legitimate,uci_sms_spam
Smile in Pleasure Smile in Pain Smile when trouble pours like Rain Smile when sum1 Hurts U Smile becoz SOMEONE still Loves to see u Smiling!!,legitimate,uci_sms_spam
Please call our customer service representative on 0800 169 6031 between 10am-9pm as you have WON a guaranteed £1000 cash or £5000 prize!,scam,uci_sms_spam
Havent planning to buy later. I check already lido only got 530 show in e afternoon. U finish work already?,legitimate,uci_sms_spam
"Your free ringtone is waiting to be collected. Simply text the password ""MIX"" to 85069 to verify. Get Usher and Britney. FML, PO Box 5249, MK17 92H. 450Ppw 16",scam,uci_sms_spam
Watching telugu movie..wat abt u?,legitimate,uci_sms_spam
i see. When we finish we have loads of loans to pay,legitimate,uci_sms_spam
"Hi. Wk been ok - on hols now! Yes on for a bit of a run. Forgot that i have hairdressers appointment at four so need to get home n shower beforehand. Does that cause prob for u?""",legitimate,uci_sms_spam
I see a cup of coffee animation,legitimate,uci_sms_spam
Please don't text me anymore. I have nothing else to say.,legitimate,uci_sms_spam
Okay name ur price as long as its legal! Wen can I pick them up? Y u ave x ams xx,legitimate,uci_sms_spam
I'm still looking for a car to buy. And have not gone 4the driving test yet.,legitimate,uci_sms_spam
"wow. You're right! I didn't mean to do that. I guess once i gave up on boston men and changed my search location to nyc, something changed. Cuz on my signin page it still says boston.",legitimate,uci_sms_spam
Umma my life and vava umma love you lot dear,legitimate,uci_sms_spam
Thanks a lot for your wishes on my birthday. Thanks you for making my birthday truly memorable.,legitimate,uci_sms_spam
"Aight, I'll hit you up when I get some cash",legitimate,uci_sms_spam
How would my ip address test that considering my computer isn't a minecraft server,legitimate,uci_sms_spam
I know! Grumpy old people. My mom was like you better not be lying. Then again I am always the one to play jokes...,legitimate,uci_sms_spam
Dont worry. I guess he's busy.,legitimate,uci_sms_spam
What is the plural of the noun research?,legitimate,uci_sms_spam
Going for dinner.msg you after.,legitimate,uci_sms_spam
I'm ok wif it cos i like 2 try new things. But i scared u dun like mah. Cos u said not too loud.,legitimate,uci_sms_spam
GENT! We are trying to contact you. Last weekends draw shows that you won a £1000 prize GUARANTEED. Call 09064012160. Claim Code K52. Valid 12hrs only. 150ppm,scam,uci_sms_spam
"Wa, ur openin sentence very formal... Anyway, i'm fine too, juz tt i'm eatin too much n puttin on weight...Haha... So anythin special happened?",legitimate,uci_sms_spam
"As I entered my cabin my PA said, '' Happy B'day Boss !!''. I felt special. She askd me 4 lunch. After lunch she invited me to her apartment. We went there.",legitimate,uci_sms_spam
You are a winner U have been specially selected 2 receive £1000 or a 4* holiday (flights inc) speak to a live operator 2 claim 0871277810910p/min (18+) ,scam,uci_sms_spam
Goodo! Yes we must speak friday - egg-potato ratio for tortilla needed! ,legitimate,uci_sms_spam
Hmm...my uncle just informed me that he's paying the school directly. So pls buy food.,legitimate,uci_sms_spam
PRIVATE! Your 2004 Account Statement for 07742676969 shows 786 unredeemed Bonus Points. To claim call 08719180248 Identifier Code: 45239 Expires,scam,uci_sms_spam
"URGENT! Your Mobile No. was awarded £2000 Bonus Caller Prize on 5/9/03 This is our final try to contact U! Call from Landline 09064019788 BOX42WR29C, 150PPM",scam,uci_sms_spam
here is my new address -apples&pairs&all that malarky,legitimate,uci_sms_spam
Todays Voda numbers ending 7548 are selected to receive a $350 award. If you have a match please call 08712300220 quoting claim code 4041 standard rates app,scam,uci_sms_spam
I am going to sao mu today. Will be done only at 12 ,legitimate,uci_sms_spam
Ü predict wat time ü'll finish buying?,legitimate,uci_sms_spam
"Good stuff, will do.",legitimate,uci_sms_spam
"Just so that you know,yetunde hasn't sent money yet. I just sent her a text not to bother sending. So its over, you dont have to involve yourself in anything. I shouldn't have imposed anything on you in the first place so for that, i apologise.",legitimate,uci_sms_spam
Are you there in room.,legitimate,uci_sms_spam
HEY GIRL. HOW R U? HOPE U R WELL ME AN DEL R BAK! AGAIN LONG TIME NO C! GIVE ME A CALL SUM TIME FROM LUCYxx,legitimate,uci_sms_spam
K..k:)how much does it cost?,legitimate,uci_sms_spam
I'm home.,legitimate,uci_sms_spam
"Dear, will call Tmorrow.pls accomodate.",legitimate,uci_sms_spam
First answer my question.,legitimate,uci_sms_spam
Sunshine Quiz Wkly Q! Win a top Sony DVD player if u know which country the Algarve is in? Txt ansr to 82277. £1.50 SP:Tyrone,scam,uci_sms_spam
Want 2 get laid tonight? Want real Dogging locations sent direct 2 ur mob? Join the UK's largest Dogging Network bt Txting GRAVEL to 69888! Nt. ec2a. 31p.msg@150p,scam,uci_sms_spam
I only haf msn. It's yijue@hotmail.com,legitimate,uci_sms_spam
He is there. You call and meet him,legitimate,uci_sms_spam
No no. I will check all rooms befor activities,legitimate,uci_sms_spam
You'll not rcv any more msgs from the chat svc. For FREE Hardcore services text GO to: 69988 If u get nothing u must Age Verify with yr network & try again,scam,uci_sms_spam
Got c... I lazy to type... I forgot ü in lect... I saw a pouch but like not v nice...,legitimate,uci_sms_spam
"K, text me when you're on the way",legitimate,uci_sms_spam
"Sir, Waiting for your mail.",legitimate,uci_sms_spam
"A swt thought: ""Nver get tired of doing little things 4 lovable persons.."" Coz..somtimes those little things occupy d biggest part in their Hearts.. Gud ni8",legitimate,uci_sms_spam
I know you are. Can you pls open the back?,legitimate,uci_sms_spam
Yes see ya not on the dot,legitimate,uci_sms_spam
Whats the staff name who is taking class for us?,legitimate,uci_sms_spam
"FreeMsg Why haven't you replied to my text? I'm Randy, sexy, female and live local. Luv to hear from u. Netcollex Ltd 08700621170150p per msg reply Stop to end",scam,uci_sms_spam
Ummma.will call after check in.our life will begin from qatar so pls pray very hard.,legitimate,uci_sms_spam
K..i deleted my contact that why?,legitimate,uci_sms_spam
Sindu got job in birla soft ..,legitimate,uci_sms_spam
The wine is flowing and i'm i have nevering..,legitimate,uci_sms_spam
Yup i thk cine is better cos no need 2 go down 2 plaza mah.,legitimate,uci_sms_spam
Ok... Ur typical reply...,legitimate,uci_sms_spam
"You are everywhere dirt, on the floor, the windows, even on my shirt. And sometimes when i open my mouth, you are all that comes flowing out. I dream of my world without you, then half my chores are out too. A time of joy for me, lots of tv shows i.ll see. But i guess like all things you just must exist, like rain, hail and mist, and when my time here is done, you and i become one.",legitimate,uci_sms_spam
Aaooooright are you at work?,legitimate,uci_sms_spam
I'm leaving my house now...,legitimate,uci_sms_spam
"Hello, my love. What are you doing? Did you get to that interview today? Are you you happy? Are you being a good boy? Do you think of me?Are you missing me ?",legitimate,uci_sms_spam
Customer service annoncement. You have a New Years delivery waiting for you. Please call 07046744435 now to arrange delivery,scam,uci_sms_spam
You are a winner U have been specially selected 2 receive £1000 cash or a 4* holiday (flights inc) speak to a live operator 2 claim 0871277810810,scam,uci_sms_spam
Keep yourself safe for me because I need you and I miss you already and I envy everyone that see's you in real life,legitimate,uci_sms_spam
New car and house for my parents.:)i have only new job in hand:),legitimate,uci_sms_spam
I'm so in love with you. I'm excited each day i spend with you. You make me so happy.,legitimate,uci_sms_spam
-PLS STOP bootydelious (32/F) is inviting you to be her friend. Reply YES-434 or NO-434 See her: www.SMS.ac/u/bootydelious STOP? Send STOP FRND to 62468,scam,uci_sms_spam
"BangBabes Ur order is on the way. U SHOULD receive a Service Msg 2 download UR content. If U do not, GoTo wap. bangb. tv on UR mobile internet/service menu",scam,uci_sms_spam
I place all ur points on e cultures module already.,legitimate,uci_sms_spam
URGENT! We are trying to contact you. Last weekends draw shows that you have won a £900 prize GUARANTEED. Call 09061701939. Claim code S89. Valid 12hrs only,scam,uci_sms_spam
"Hi frnd, which is best way to avoid missunderstding wit our beloved one's?",legitimate,uci_sms_spam
Great escape. I fancy the bridge but needs her lager. See you tomo ,legitimate,uci_sms_spam
Yes :)it completely in out of form:)clark also utter waste.,legitimate,uci_sms_spam
"Sir, I need AXIS BANK account no and bank address.",legitimate,uci_sms_spam
"Hmmm.. Thk sure got time to hop ard... Ya, can go 4 free abt... Muz call u to discuss liao... ",legitimate,uci_sms_spam
What time you coming down later? ,legitimate,uci_sms_spam
"Bloody hell, cant believe you forgot my surname Mr . Ill give u a clue, its spanish and begins with m... ",legitimate,uci_sms_spam
"Well, i'm gonna finish my bath now. Have a good...fine night.",legitimate,uci_sms_spam
Let me know when you've got the money so carlos can make the call,legitimate,uci_sms_spam
U still going to the mall?,legitimate,uci_sms_spam
"Turns out my friends are staying for the whole show and won't be back til ~ &lt;#&gt; , so feel free to go ahead and smoke that $ &lt;#&gt;  worth",legitimate,uci_sms_spam
Text her. If she doesnt reply let me know so i can have her log in,legitimate,uci_sms_spam
Hi! You just spoke to MANEESHA V. We'd like to know if you were satisfied with the experience. Reply Toll Free with Yes or No.,legitimate,uci_sms_spam
You lifted my hopes with the offer of money. I am in need. Especially when the end of the month approaches and it hurts my studying. Anyways have a gr8 weekend,legitimate,uci_sms_spam
Lol no. U can trust me.,legitimate,uci_sms_spam
ok. I am a gentleman and will treat you with dignity and respect.,legitimate,uci_sms_spam
"He will, you guys close?",legitimate,uci_sms_spam
Going on nothing great.bye,legitimate,uci_sms_spam
Hello handsome ! Are you finding that job ? Not being lazy ? Working towards getting back that net for mummy ? Where's my boytoy now ? Does he miss me ?,legitimate,uci_sms_spam
"Haha awesome, be there in a minute",legitimate,uci_sms_spam
Please call our customer service representative on FREEPHONE 0808 145 4742 between 9am-11pm as you have WON a guaranteed £1000 cash or £5000 prize!,scam,uci_sms_spam
Have you got Xmas radio times. If not i will get it now,legitimate,uci_sms_spam
I jus reached home. I go bathe first. But my sis using net tell u when she finishes k...,legitimate,uci_sms_spam
Are you unique enough? Find out from 30th August. www.areyouunique.co.uk,scam,uci_sms_spam
I'm sorry. I've joined the league of people that dont keep in touch. You mean a great deal to me. You have been a friend at all times even at great personal cost. Do have a great week.|,legitimate,uci_sms_spam
Hi :)finally i completed the course:),legitimate,uci_sms_spam
It will stop on itself. I however suggest she stays with someone that will be able to give ors for every stool.,legitimate,uci_sms_spam
How are you doing? Hope you've settled in for the new school year. Just wishin you a gr8 day,legitimate,uci_sms_spam
Gud mrng dear hav a nice day,legitimate,uci_sms_spam
Did u got that persons story,legitimate,uci_sms_spam
is your hamster dead? Hey so tmr i meet you at 1pm orchard mrt? ,legitimate,uci_sms_spam
Hi its Kate how is your evening? I hope i can see you tomorrow for a bit but i have to bloody babyjontet! Txt back if u can. :) xxx,legitimate,uci_sms_spam
"Found it, ENC  &lt;#&gt; , where you at?",legitimate,uci_sms_spam
I sent you  &lt;#&gt;  bucks,legitimate,uci_sms_spam
Hello darlin ive finished college now so txt me when u finish if u can love Kate xxx,legitimate,uci_sms_spam
Your account has been refilled successfully by INR  &lt;DECIMAL&gt; . Your KeralaCircle prepaid account balance is Rs  &lt;DECIMAL&gt; . Your Transaction ID is KR &lt;#&gt; .,legitimate,uci_sms_spam
Goodmorning sleeping ga.,legitimate,uci_sms_spam
U call me alter at 11 ok.,legitimate,uci_sms_spam
Ü say until like dat i dun buy ericsson oso cannot oredi lar...,legitimate,uci_sms_spam
"Aight yo, dats straight dogg",legitimate,uci_sms_spam
You please give us connection today itself before  &lt;DECIMAL&gt;  or refund the bill,legitimate,uci_sms_spam
Both :) i shoot big loads so get ready!,legitimate,uci_sms_spam
"What's up bruv, hope you had a great break. Do have a rewarding semester.",legitimate,uci_sms_spam
Home so we can always chat,legitimate,uci_sms_spam
K:)k:)good:)study well.,legitimate,uci_sms_spam
Yup... How ü noe leh...,legitimate,uci_sms_spam
Sounds great! Are you home now?,legitimate,uci_sms_spam
Finally the match heading towards draw as your prediction.,legitimate,uci_sms_spam
Tired. I haven't slept well the past few nights.,legitimate,uci_sms_spam
Easy ah?sen got selected means its good..,legitimate,uci_sms_spam
I have to take exam with march 3,legitimate,uci_sms_spam
Yeah you should. I think you can use your gt atm now to register. Not sure but if there's anyway i can help let me know. But when you do be sure you are ready.,legitimate,uci_sms_spam
Ok no prob. Take ur time.,legitimate,uci_sms_spam
There is os called ubandu which will run without installing in hard disk...you can use that os to copy the important files in system and give it to repair shop..,legitimate,uci_sms_spam
U say leh... Of course nothing happen lar. Not say v romantic jus a bit only lor. I thk e nite scenery not so nice leh.,legitimate,uci_sms_spam
"500 New Mobiles from 2004, MUST GO! Txt: NOKIA to No: 89545 & collect yours today!From ONLY £1 www.4-tc.biz 2optout 087187262701.50gbp/mtmsg18",scam,uci_sms_spam
Would really appreciate if you call me. Just need someone to talk to.,legitimate,uci_sms_spam
"Will u meet ur dream partner soon? Is ur career off 2 a flyng start? 2 find out free, txt HORO followed by ur star sign, e. g. HORO ARIES",scam,uci_sms_spam
Hey company elama po mudyadhu.,legitimate,uci_sms_spam
"Life is more strict than teacher... Bcoz Teacher teaches lesson &amp; then conducts exam, But Life first conducts Exam &amp; then teaches Lessons. Happy morning. . .",legitimate,uci_sms_spam
Dear good morning now only i am up,legitimate,uci_sms_spam
Get down in gandhipuram and walk to cross cut road. Right side &lt;#&gt; street road and turn at first right.,legitimate,uci_sms_spam
Dear we are going to our rubber place,legitimate,uci_sms_spam
"Sorry battery died, yeah I'm here",legitimate,uci_sms_spam
Yes:)here tv is always available in work place..,legitimate,uci_sms_spam
Text & meet someone sexy today. U can find a date or even flirt its up to U. Join 4 just 10p. REPLY with NAME & AGE eg Sam 25. 18 -msg recd@thirtyeight pence,scam,uci_sms_spam
I have printed it oh. So  &lt;#&gt;  come upstairs,legitimate,uci_sms_spam
Or ill be a little closer like at the bus stop on the same street,legitimate,uci_sms_spam
Where are you?when wil you reach here?,legitimate,uci_sms_spam
"New Theory: Argument wins d SITUATION, but loses the PERSON. So dont argue with ur friends just.. . . . kick them &amp; say, I'm always correct.!",legitimate,uci_sms_spam
U 447801259231 have a secret admirer who is looking 2 make contact with U-find out who they R*reveal who thinks UR so special-call on 09058094597,scam,uci_sms_spam
Tomarrow final hearing on my laptop case so i cant.,legitimate,uci_sms_spam
PLEASSSSSSSEEEEEE TEL ME V AVENT DONE SPORTSx,legitimate,uci_sms_spam
"Okay. No no, just shining on. That was meant to be signing, but that sounds better.",legitimate,uci_sms_spam
"Although i told u dat i'm into baig face watches now but i really like e watch u gave cos it's fr u. Thanx 4 everything dat u've done today, i'm touched...",legitimate,uci_sms_spam
U don't remember that old commercial?,legitimate,uci_sms_spam
Too late. I said i have the website. I didn't i have or dont have the slippers,legitimate,uci_sms_spam
I asked you to call him now ok,legitimate,uci_sms_spam
Kallis wont bat in 2nd innings.,legitimate,uci_sms_spam
It didnt work again oh. Ok goodnight then. I.ll fix and have it ready by the time you wake up. You are very dearly missed have a good night sleep.,legitimate,uci_sms_spam
Congratulations ur awarded 500 of CD vouchers or 125gift guaranteed & Free entry 2 100 wkly draw txt MUSIC to 87066 TnCs www.Ldew.com1win150ppmx3age16,scam,uci_sms_spam
Ranjith cal drpd Deeraj and deepak 5min hold,legitimate,uci_sms_spam
"Wen ur lovable bcums angry wid u, dnt take it seriously.. Coz being angry is d most childish n true way of showing deep affection, care n luv!.. kettoda manda... Have nice day da.",legitimate,uci_sms_spam
What you doing?how are you?,legitimate,uci_sms_spam
"Ups which is 3days also, and the shipping company that takes 2wks. The other way is usps which takes a week but when it gets to lag you may have to bribe nipost to get your stuff.",legitimate,uci_sms_spam
"I'm back, lemme know when you're ready",legitimate,uci_sms_spam
Don't necessarily expect it to be done before you get back though because I'm just now headin out,legitimate,uci_sms_spam
Mmm so yummy babe ... Nice jolt to the suzy,legitimate,uci_sms_spam
Where are you lover ? I need you ...,legitimate,uci_sms_spam
We tried to contact you re your reply to our offer of a Video Handset? 750 anytime networks mins? UNLIMITED TEXT? Camcorder? Reply or call 08000930705 NOW,scam,uci_sms_spam
I‘m parked next to a MINI!!!! When are you coming in today do you think?,legitimate,uci_sms_spam
Yup,legitimate,uci_sms_spam
Anyway i'm going shopping on my own now. Cos my sis not done yet. Dun disturb u liao.,legitimate,uci_sms_spam
MY NO. IN LUTON 0125698789 RING ME IF UR AROUND! H*,legitimate,uci_sms_spam
Hey I am really horny want to chat or see me naked text hot to 69698 text charged at 150pm to unsubscribe text stop 69698,scam,uci_sms_spam
Why you Dint come with us.,legitimate,uci_sms_spam
Same. Wana plan a trip sometme then,legitimate,uci_sms_spam
"Not sure yet, still trying to get a hold of him",legitimate,uci_sms_spam
Ur ringtone service has changed! 25 Free credits! Go to club4mobiles.com to choose content now! Stop? txt CLUB STOP to 87070. 150p/wk Club4 PO Box1146 MK45 2WT,scam,uci_sms_spam
The evo. I just had to download flash. Jealous?,legitimate,uci_sms_spam
Ringtone Club: Get the UK singles chart on your mobile each week and choose any top quality ringtone! This message is free of charge.,scam,uci_sms_spam
"Come to mu, we're sorting out our narcotics situation",legitimate,uci_sms_spam
"Night has ended for another day, morning has come in a special way. May you smile like the sunny rays and leaves your worries at the blue blue bay.",legitimate,uci_sms_spam
HMV BONUS SPECIAL 500 pounds of genuine HMV vouchers to be won. Just answer 4 easy questions. Play Now! Send HMV to 86688 More info:www.100percent-real.com,scam,uci_sms_spam
"Usf I guess, might as well take 1 car",legitimate,uci_sms_spam
No objection. My bf not coming.,legitimate,uci_sms_spam
Thanx...,legitimate,uci_sms_spam
Tell rob to mack his gf in the theater,legitimate,uci_sms_spam
"Awesome, I'll see you in a bit",legitimate,uci_sms_spam
Just sent it. So what type of food do you like?,legitimate,uci_sms_spam
All done? All handed in? Celebrations in full swing yet?,legitimate,uci_sms_spam
You got called a tool?,legitimate,uci_sms_spam
"Wen u miss someone, the person is definitely special for u..... But if the person is so special, why to miss them, just Keep-in-touch gdeve..",legitimate,uci_sms_spam
Ok. I asked for money how far,legitimate,uci_sms_spam
Okie...,legitimate,uci_sms_spam
"Yeah I think my usual guy's still passed out from last night, if you get ahold of anybody let me know and I'll throw down",legitimate,uci_sms_spam
"K, I might come by tonight then if my class lets out early",legitimate,uci_sms_spam
Ok..,legitimate,uci_sms_spam
hi baby im cruisin with my girl friend what r u up 2? give me a call in and hour at home if thats alright or fone me on this fone now love jenny xxx,legitimate,uci_sms_spam
"My life Means a lot to me, Not because I love my life, But because I love the people in my life, The world calls them friends, I call them my World:-).. Ge:-)..",legitimate,uci_sms_spam
"Dear,shall mail tonite.busy in the street,shall update you tonite.things are looking ok.varunnathu edukkukayee raksha ollu.but a good one in real sense.",legitimate,uci_sms_spam
Hey you told your name to gautham ah?,legitimate,uci_sms_spam
Haf u found him? I feel so stupid da v cam was working.,legitimate,uci_sms_spam
Oops. 4 got that bit.,legitimate,uci_sms_spam
Are you this much buzy,legitimate,uci_sms_spam
I accidentally deleted the message. Resend please.,legitimate,uci_sms_spam
T-Mobile customer you may now claim your FREE CAMERA PHONE upgrade & a pay & go sim card for your loyalty. Call on 0845 021 3680.Offer ends 28thFeb.T&C's apply,scam,uci_sms_spam
Unless it's a situation where YOU GO GURL would be more appropriate,legitimate,uci_sms_spam
Hurt me... Tease me... Make me cry... But in the end of my life when i die plz keep one rose on my grave and say STUPID I MISS U.. HAVE A NICE DAY BSLVYL,legitimate,uci_sms_spam
I cant pick the phone right now. Pls send a message,legitimate,uci_sms_spam
Need a coffee run tomo?Can't believe it's that time of week already,legitimate,uci_sms_spam
"Awesome, I remember the last time we got somebody high for the first time with diesel :V",legitimate,uci_sms_spam
"Shit that is really shocking and scary, cant imagine for a second. Def up for night out. Do u think there is somewhere i could crash for night, save on taxi?",legitimate,uci_sms_spam
Oh and by the way you do have more food in your fridge! Want to go out for a meal tonight? ,legitimate,uci_sms_spam
He is a womdarfull actor,legitimate,uci_sms_spam
"SMS. ac Blind Date 4U!: Rodds1 is 21/m from Aberdeen, United Kingdom. Check Him out http://img. sms. ac/W/icmb3cktz8r7!-4 no Blind Dates send HIDE",scam,uci_sms_spam
Yup... From what i remb... I think should be can book... ,legitimate,uci_sms_spam
Jos ask if u wana meet up?,legitimate,uci_sms_spam
Lol yes. Our friendship is hanging on a thread cause u won't buy stuff.,legitimate,uci_sms_spam
"TheMob> Check out our newest selection of content, Games, Tones, Gossip, babes and sport, Keep your mobile fit and funky text WAP to 82468",scam,uci_sms_spam
Where are the garage keys? They aren't on the bookshelf,legitimate,uci_sms_spam
Today is ACCEPT DAY..U Accept me as? Brother Sister Lover Dear1 Best1 Clos1 Lvblefrnd Jstfrnd Cutefrnd Lifpartnr Belovd Swtheart Bstfrnd No rply means enemy,legitimate,uci_sms_spam
"Think ur smart ? Win £200 this week in our weekly quiz, text PLAY to 85222 now!T&Cs WinnersClub PO BOX 84, M26 3UZ. 16+. GBP1.50/week",scam,uci_sms_spam
He says he'll give me a call when his friend's got the money but that he's definitely buying before the end of the week,legitimate,uci_sms_spam
"Hi the way I was with u 2day, is the normal way&this is the real me. UR unique&I hope I know u 4 the rest of mylife. Hope u find wot was lost.",legitimate,uci_sms_spam
You made my day. Do have a great day too.,legitimate,uci_sms_spam
K.k:)advance happy pongal.,legitimate,uci_sms_spam
"Hmmm... Guess we can go 4 kb n power yoga... Haha, dunno we can tahan power yoga anot... Thk got lo oso, forgot liao...",legitimate,uci_sms_spam
"Not really dude, have no friends i'm afraid :(",legitimate,uci_sms_spam
December only! Had your mobile 11mths+? You are entitled to update to the latest colour camera mobile for Free! Call The Mobile Update Co FREE on 08002986906,scam,uci_sms_spam
"Coffee cake, i guess...",legitimate,uci_sms_spam
"Merry Christmas to you too babe, i love ya *kisses*",legitimate,uci_sms_spam
Hey... Why dont we just go watch x men and have lunch... Haha ,legitimate,uci_sms_spam
cud u tell ppl im gona b a bit l8 cos 2 buses hav gon past cos they were full & im still waitin 4 1. Pete x,legitimate,uci_sms_spam
That would be great. We'll be at the Guild. Could meet on Bristol road or somewhere - will get in touch over weekend. Our plans take flight! Have a good week,legitimate,uci_sms_spam
No problem. How are you doing?,legitimate,uci_sms_spam
Hi da:)how is the todays class?,legitimate,uci_sms_spam
"I'd say that's a good sign but, well, you know my track record at reading women",legitimate,uci_sms_spam
"Cool, text me when you're parked",legitimate,uci_sms_spam
I'm reading the text i just sent you. Its meant to be a joke. So read it in that light,legitimate,uci_sms_spam
K.k:)apo k.good movie.,legitimate,uci_sms_spam
Maybe i could get book out tomo then return it immediately ..? Or something.,legitimate,uci_sms_spam
Call Germany for only 1 pence per minute! Call from a fixed line via access number 0844 861 85 85. No prepayment. Direct access!,scam,uci_sms_spam
Any chance you might have had with me evaporated as soon as you violated my privacy by stealing my phone number from your employer's paperwork. Not cool at all. Please do not contact me again or I will report you to your supervisor.,legitimate,uci_sms_spam
Valentines Day Special! Win over £1000 in our quiz and take your partner on the trip of a lifetime! Send GO to 83600 now. 150p/msg rcvd. CustCare:08718720201.,scam,uci_sms_spam
"Ta-Daaaaa! I am home babe, are you still up ?",legitimate,uci_sms_spam
Cool. So how come you havent been wined and dined before?,legitimate,uci_sms_spam
Just sleeping..and surfing,legitimate,uci_sms_spam
U calling me right? Call my hand phone...,legitimate,uci_sms_spam
Ok that's great thanx a lot.,legitimate,uci_sms_spam
I take it the post has come then! You must have 1000s of texts now! Happy reading. My one from wiv hello caroline at the end is my favourite. Bless him,legitimate,uci_sms_spam
Where u been hiding stranger?,legitimate,uci_sms_spam
Am not interested to do like that.,legitimate,uci_sms_spam
My sister cleared two round in birla soft yesterday.,legitimate,uci_sms_spam
Gudnite....tc...practice going on,legitimate,uci_sms_spam
Dis is yijue. I jus saw ur mail. In case huiming havent sent u my num. Dis is my num.,legitimate,uci_sms_spam
One small prestige problem now.,legitimate,uci_sms_spam
Fancy a shag? I do.Interested? sextextuk.com txt XXUK SUZY to 69876. Txts cost 1.50 per msg. TnCs on website. X,scam,uci_sms_spam
Just checking in on you. Really do miss seeing Jeremiah. Do have a great month,legitimate,uci_sms_spam
"Nah can't help you there, I've never had an iphone",legitimate,uci_sms_spam
If you're not in my car in an hour and a half I'm going apeshit,legitimate,uci_sms_spam
"TODAY is Sorry day.! If ever i was angry with you, if ever i misbehaved or hurt you? plz plz JUST SLAP URSELF Bcoz, Its ur fault, I'm basically GOOD",legitimate,uci_sms_spam
Yo you guys ever figure out how much we need for alcohol? Jay and I are trying to figure out how much we can safely spend on weed,legitimate,uci_sms_spam
&lt;#&gt; ISH MINUTES WAS 5 MINUTES AGO. WTF.,legitimate,uci_sms_spam
"Thank You for calling.Forgot to say Happy Onam to you Sirji.I am fine here and remembered you when i met an insurance person.Meet You in Qatar Insha Allah.Rakhesh, ex Tata AIG who joined TISSCO,Tayseer.",legitimate,uci_sms_spam
Ur cash-balance is currently 500 pounds - to maximize ur cash-in now send CASH to 86688 only 150p/msg. CC: 08708800282 HG/Suite342/2Lands Row/W1J6HL,scam,uci_sms_spam
"I'm an actor. When i work, i work in the evening and sleep late. Since i'm unemployed at the moment, i ALWAYS sleep late. When you're unemployed, every day is saturday.",legitimate,uci_sms_spam
"Hello! Just got here, st andrews-boy its a long way! Its cold. I will keep you posted",legitimate,uci_sms_spam
Ha ha cool cool chikku chikku:-):-DB-),legitimate,uci_sms_spam
Oh ok no prob..,legitimate,uci_sms_spam
Check audrey's status right now,legitimate,uci_sms_spam
Busy here. Trying to finish for new year. I am looking forward to finally meeting you...,legitimate,uci_sms_spam
"Good afternoon sunshine! How dawns that day ? Are we refreshed and happy to be alive? Do we breathe in the air and smile ? I think of you, my love ... As always",legitimate,uci_sms_spam
Well i know Z will take care of me. So no worries.,legitimate,uci_sms_spam
"Update_Now - Xmas Offer! Latest Motorola, SonyEricsson & Nokia & FREE Bluetooth! Double Mins & 1000 Txt on Orange. Call MobileUpd8 on 08000839402 or call2optout/F4Q=",scam,uci_sms_spam
Here is your discount code RP176781. To stop further messages reply stop. www.regalportfolio.co.uk. Customer Services 08717205546,scam,uci_sms_spam
Wat uniform? In where get?,legitimate,uci_sms_spam
"Cool, text me when you're ready",legitimate,uci_sms_spam
"Hello my boytoy ... Geeee I miss you already and I just woke up. I wish you were here in bed with me, cuddling me. I love you ...",legitimate,uci_sms_spam
I will spoil you in bed as well :),legitimate,uci_sms_spam
I'm going for bath will msg you next  &lt;#&gt;  min..,legitimate,uci_sms_spam
I cant keep talking to people if am not sure i can pay them if they agree to price. So pls tell me what you want to really buy and how much you are willing to pay,legitimate,uci_sms_spam
"Thanks for your Ringtone Order, Reference T91. You will be charged GBP 4 per week. You can unsubscribe at anytime by calling customer services on 09057039994",scam,uci_sms_spam
Can you say what happen,legitimate,uci_sms_spam
You could have seen me..i did't recognise you Face.:),legitimate,uci_sms_spam
Well there's not a lot of things happening in Lindsay on New years *sighs* Some bars in Ptbo and the blue heron has something going,legitimate,uci_sms_spam
Keep my payasam there if rinu brings,legitimate,uci_sms_spam
I taught that Ranjith sir called me. So only i sms like that. Becaus hes verifying about project. Prabu told today so only pa dont mistake me..,legitimate,uci_sms_spam
"I guess that's why you re worried. You must know that there's a way the body repairs itself. And i'm quite sure you shouldn't worry. We'll take it slow. First the tests, they will guide when your ovulation is then just relax. Nothing you've said is a reason to worry but i.ll keep on followin you up.",legitimate,uci_sms_spam
"Yeah sure, give me a couple minutes to track down my wallet",legitimate,uci_sms_spam
Hey leave it. not a big deal:-) take care.,legitimate,uci_sms_spam
Hey i will be late ah... Meet you at 945+,legitimate,uci_sms_spam
"Double mins and txts 4 6months FREE Bluetooth on Orange. Available on Sony, Nokia Motorola phones. Call MobileUpd8 on 08000839402 or call2optout/N9DX",scam,uci_sms_spam
It took Mr owl 3 licks,legitimate,uci_sms_spam
Customer place i will call you.,legitimate,uci_sms_spam
Mm that time you dont like fun,legitimate,uci_sms_spam
4mths half price Orange line rental & latest camera phones 4 FREE. Had your phone 11mths ? Call MobilesDirect free on 08000938767 to update now! or2stoptxt,scam,uci_sms_spam
Yup having my lunch buffet now.. U eat already?,legitimate,uci_sms_spam
Huh so late... Fr dinner?,legitimate,uci_sms_spam
Hey so this sat are we going for the intro pilates only? Or the kickboxing too? ,legitimate,uci_sms_spam
Morning only i can ok.,legitimate,uci_sms_spam
Yes i think so. I am in office but my lap is in room i think thats on for the last few days. I didnt shut that down,legitimate,uci_sms_spam
Pick you up bout 7.30ish? What time are  and that going?,legitimate,uci_sms_spam
From here after The performance award is calculated every two month.not for current one month period..,legitimate,uci_sms_spam
Was actually sleeping and still might when u call back. So a text is gr8. You rock sis. Will send u a text wen i wake.,legitimate,uci_sms_spam
"You are always putting your business out there. You put pictures of your ass on facebook. You are one of the most open people i've ever met. Why would i think a picture of your room would hurt you, make you feel violated.",legitimate,uci_sms_spam
"Good evening Sir, Al Salam Wahleykkum.sharing a happy news.By the grace of God, i got an offer from Tayseer,TISSCO and i joined.Hope you are fine.Inshah Allah,meet you sometime.Rakhesh,visitor from India.",legitimate,uci_sms_spam
Hmmm...k...but i want to change the field quickly da:-)i wanna get system administrator or network administrator..,legitimate,uci_sms_spam
"FREE RINGTONE text FIRST to 87131 for a poly or text GET to 87131 for a true tone! Help? 0845 2814032 16 after 1st free, tones are 3x£150pw to e£nd txt stop",scam,uci_sms_spam
Dear how is chechi. Did you talk to her,legitimate,uci_sms_spam
The hair cream has not been shipped.,legitimate,uci_sms_spam
None of that's happening til you get here though,legitimate,uci_sms_spam
"Yep, the great loxahatchee xmas tree burning of  &lt;#&gt;  starts in an hour",legitimate,uci_sms_spam
"Haha get used to driving to usf man, I know a lot of stoners",legitimate,uci_sms_spam
All was well until slightly disastrous class this pm with my fav darlings! Hope day off ok. Coffee wld be good as can't stay late tomorrow. Same time + place as always?,legitimate,uci_sms_spam
Hello! Good week? Fancy a drink or something later?,legitimate,uci_sms_spam
Headin towards busetop,legitimate,uci_sms_spam
Message:some text missing* Sender:Name Missing* *Number Missing *Sent:Date missing *Missing U a lot thats y everything is missing sent via fullonsms.com,legitimate,uci_sms_spam
Come by our room at some point so we can iron out the plan for this weekend,legitimate,uci_sms_spam
Cos i want it to be your thing,legitimate,uci_sms_spam
"Okies... I'll go yan jiu too... We can skip ard oso, go cine den go mrt one, blah blah blah... ",legitimate,uci_sms_spam
Bring home some Wendy =D,legitimate,uci_sms_spam
100 dating service cal;l 09064012103 box334sk38ch,scam,uci_sms_spam
Whatsup there. Dont u want to sleep,legitimate,uci_sms_spam
Alright i have a new goal now,legitimate,uci_sms_spam
FREE entry into our £250 weekly competition just text the word WIN to 80086 NOW. 18 T&C www.txttowin.co.uk,scam,uci_sms_spam
"Alright, I'll head out in a few minutes, text me where to meet you",legitimate,uci_sms_spam
Send a logo 2 ur lover - 2 names joined by a heart. Txt LOVE NAME1 NAME2 MOBNO eg LOVE ADAM EVE 07123456789 to 87077 Yahoo! POBox36504W45WQ TxtNO 4 no ads 150p,scam,uci_sms_spam
Yes:)from last week itself i'm taking live call.,legitimate,uci_sms_spam
Someone has contacted our dating service and entered your phone because they fancy you! To find out who it is call from a landline 09111032124 . PoBox12n146tf150p,scam,uci_sms_spam
Siva is in hostel aha:-.,legitimate,uci_sms_spam
URGENT! Your Mobile number has been awarded with a £2000 prize GUARANTEED. Call 09058094455 from land line. Claim 3030. Valid 12hrs only,scam,uci_sms_spam
Send this to ur friends and receive something about ur voice..... How is my speaking expression? 1.childish 2.naughty 3.Sentiment 4.rowdy 5.ful of attitude 6.romantic 7.shy 8.Attractive 9.funny  &lt;#&gt; .irritating  &lt;#&gt; .lovable. reply me..,legitimate,uci_sms_spam
Ok. She'll be ok. I guess,legitimate,uci_sms_spam
aathi..where are you dear..,legitimate,uci_sms_spam
Any pain on urination any thing else?,legitimate,uci_sms_spam
7 at esplanade.. Do ü mind giving me a lift cos i got no car today..,legitimate,uci_sms_spam
I wnt to buy a BMW car urgently..its vry urgent.but hv a shortage of  &lt;#&gt; Lacs.there is no source to arng dis amt. &lt;#&gt; lacs..thats my prob,legitimate,uci_sms_spam
At home watching tv lor.,legitimate,uci_sms_spam
Does she usually take fifteen fucking minutes to respond to a yes or no question,legitimate,uci_sms_spam
Congrats! Nokia 3650 video camera phone is your Call 09066382422 Calls cost 150ppm Ave call 3mins vary from mobiles 16+ Close 300603 post BCM4284 Ldn WC1N3XX,scam,uci_sms_spam
Booked ticket for pongal?,legitimate,uci_sms_spam
You available now? I'm like right around hillsborough &amp;  &lt;#&gt; th,legitimate,uci_sms_spam
The message sent is askin for  &lt;#&gt; dollars. Shoul i pay  &lt;#&gt;  or  &lt;#&gt; ?,legitimate,uci_sms_spam
"Ask g or iouri, I've told the story like ten times already",legitimate,uci_sms_spam
How long does applebees fucking take,legitimate,uci_sms_spam
"Hi hope u get this txt~journey hasnt been gd,now about 50 mins late I think.",legitimate,uci_sms_spam
But i have to. I like to have love and arrange.,legitimate,uci_sms_spam
Yes..he is really great..bhaji told kallis best cricketer after sachin in world:).very tough to get out.,legitimate,uci_sms_spam
You were supposed to wake ME up &gt;:(,legitimate,uci_sms_spam
Oic... I saw him too but i tot he din c me... I found a group liao...,legitimate,uci_sms_spam
"HEY HEY WERETHE MONKEESPEOPLE SAY WE MONKEYAROUND! HOWDY GORGEOUS, HOWU DOIN? FOUNDURSELF A JOBYET SAUSAGE?LOVE JEN XXX",legitimate,uci_sms_spam
"Sorry, my battery died, I can come by but I'm only getting a gram for now, where's your place?",legitimate,uci_sms_spam
"Well done, blimey, exercise, yeah, i kinda remember wot that is, hmm. ",legitimate,uci_sms_spam
I wont get concentration dear you know you are my mind and everything :-),legitimate,uci_sms_spam
LOL ... Have you made plans for new years?,legitimate,uci_sms_spam
10 min later k...,legitimate,uci_sms_spam
hanks lotsly!,legitimate,uci_sms_spam
Thanks for this hope you had a good day today,legitimate,uci_sms_spam
K:)k:)what are detail you want to transfer?acc no enough?,legitimate,uci_sms_spam
Ok i will tell her to stay out. Yeah its been tough but we are optimistic things will improve this month.,legitimate,uci_sms_spam
"Loan for any purpose £500 - £75,000. Homeowners + Tenants welcome. Have you been previously refused? We can still help. Call Free 0800 1956669 or text back 'help'",scam,uci_sms_spam
Si si. I think ill go make those oreo truffles.,legitimate,uci_sms_spam
"LOOK AT AMY URE A BEAUTIFUL, INTELLIGENT WOMAN AND I LIKE U A LOT. I KNOW U DONT LIKE ME LIKE THAT SO DONT WORRY.",legitimate,uci_sms_spam
I hope you that's the result of being consistently intelligent and kind. Start asking him about practicum links and keep your ears open and all the best. ttyl,legitimate,uci_sms_spam
"1.20 that call cost. Which i guess isnt bad. Miss ya, need ya, want ya, love ya",legitimate,uci_sms_spam
Going thru a very different feeling.wavering decisions and coping up with the same is the same individual.time will heal everything i believe.,legitimate,uci_sms_spam
Where did u go? My phone is gonna die you have to stay in here,legitimate,uci_sms_spam
Great. Never been better. Each day gives even more reasons to thank God,legitimate,uci_sms_spam
"UpgrdCentre Orange customer, you may now claim your FREE CAMERA PHONE upgrade for your loyalty. Call now on 0207 153 9153. Offer ends 26th July. T&C's apply. Opt-out available",scam,uci_sms_spam
"Sorry, I'll call later ok bye",legitimate,uci_sms_spam
Ok i am on the way to railway,legitimate,uci_sms_spam
great princess! I love giving and receiving oral. Doggy style is my fave position. How about you? I enjoy making love  &lt;#&gt;  times per night :),legitimate,uci_sms_spam
They don't put that stuff on the roads to keep it from getting slippery over there?,legitimate,uci_sms_spam
When are you going to ride your bike?,legitimate,uci_sms_spam
"Yup, no need. I'll jus wait 4 e rain 2 stop.",legitimate,uci_sms_spam
There are many company. Tell me the language.,legitimate,uci_sms_spam
okmail: Dear Dave this is your final notice to collect your 4* Tenerife Holiday or #5000 CASH award! Call 09061743806 from landline. TCs SAE Box326 CW25WX 150ppm,scam,uci_sms_spam
"How long has it been since you screamed, princess?",legitimate,uci_sms_spam
"Nothing. I meant that once the money enters your account here, the bank will remove its flat rate. Someone transfered  &lt;#&gt;  to my account and  &lt;#&gt; dollars got removed. So the banks differ and charges also differ.be sure you trust the 9ja person you are sending account details to cos...",legitimate,uci_sms_spam
Want 2 get laid tonight? Want real Dogging locations sent direct 2 ur Mob? Join the UK's largest Dogging Network by txting MOAN to 69888Nyt. ec2a. 31p.msg@150p,scam,uci_sms_spam
Nice line said by a broken heart- Plz don't cum 1 more times infront of me... Other wise once again I ll trust U... Good 9t:),legitimate,uci_sms_spam
Ok I'm gonna head up to usf in like fifteen minutes,legitimate,uci_sms_spam
Love you aathi..love u lot..,legitimate,uci_sms_spam
Tension ah?what machi?any problem?,legitimate,uci_sms_spam
"K, can I pick up another 8th when you're done?",legitimate,uci_sms_spam
When're you guys getting back? G said you were thinking about not staying for mcr,legitimate,uci_sms_spam
"Almost there, see u in a sec",legitimate,uci_sms_spam
"Yo carlos, a few friends are already asking me about you, you working at all this weekend?",legitimate,uci_sms_spam
Watching tv lor...,legitimate,uci_sms_spam
Thank you baby! I cant wait to taste the real thing...,legitimate,uci_sms_spam
You should change your fb to jaykwon thuglyfe falconerf,legitimate,uci_sms_spam
If we win its really no 1 side for long time.,legitimate,uci_sms_spam
"FREE MESSAGE Activate your 500 FREE Text Messages by replying to this message with the word FREE For terms & conditions, visit www.07781482378.com",scam,uci_sms_spam
Dear reached railway. What happen to you,legitimate,uci_sms_spam
"Depends on quality. If you want the type i sent boye, faded glory, then about 6. If you want ralphs maybe 2",legitimate,uci_sms_spam
I think i've fixed it can you send a test message?,legitimate,uci_sms_spam
"Sorry man my account's dry or I would, if you want we could trade back half or I could buy some shit with my credit card",legitimate,uci_sms_spam
"Congrats! 1 year special cinema pass for 2 is yours. call 09061209465 now! C Suprman V, Matrix3, StarWars3, etc all 4 FREE! bx420-ip4-5we. 150pm. Dont miss out!",scam,uci_sms_spam
"Sorry,in meeting I'll call later",legitimate,uci_sms_spam
What class of  &lt;#&gt;  reunion?,legitimate,uci_sms_spam
Are you free now?can i call now?,legitimate,uci_sms_spam
Got meh... When?,legitimate,uci_sms_spam
Nope... Think i will go for it on monday... Sorry i replied so late,legitimate,uci_sms_spam
Some of them told accenture is not confirm. Is it true.,legitimate,uci_sms_spam
"Kate jackson rec center before 7ish, right?",legitimate,uci_sms_spam
Dear i have reache room,legitimate,uci_sms_spam
"Fighting with the world is easy, u either win or lose bt fightng with some1 who is close to u is dificult if u lose - u lose if u win - u still lose.",legitimate,uci_sms_spam
When can ü come out?,legitimate,uci_sms_spam
Check with nuerologist.,legitimate,uci_sms_spam
Lolnice. I went from a fish to ..water.?,legitimate,uci_sms_spam
+123 Congratulations - in this week's competition draw u have won the £1450 prize to claim just call 09050002311 b4280703. T&Cs/stop SMS 08718727868. Over 18 only 150ppm,scam,uci_sms_spam
No it's waiting in e car dat's bored wat. Cos wait outside got nothing 2 do. At home can do my stuff or watch tv wat.,legitimate,uci_sms_spam
"Maybe westshore or hyde park village, the place near my house?",legitimate,uci_sms_spam
You should know now. So how's anthony. Are you bringing money. I've school fees to pay and rent and stuff like that. Thats why i need your help. A friend in need....|,legitimate,uci_sms_spam
What's the significance?,legitimate,uci_sms_spam
Your opinion about me? 1. Over 2. Jada 3. Kusruthi 4. Lovable 5. Silent 6. Spl character 7. Not matured 8. Stylish 9. Simple Pls reply..,legitimate,uci_sms_spam
"8 at the latest, g's still there if you can scrounge up some ammo and want to give the new ak a try",legitimate,uci_sms_spam
Prabha..i'm soryda..realy..frm heart i'm sory,legitimate,uci_sms_spam
Lol ok your forgiven :),legitimate,uci_sms_spam
No..jst change tat only..,legitimate,uci_sms_spam
"You are guaranteed the latest Nokia Phone, a 40GB iPod MP3 player or a £500 prize! Txt word: COLLECT to No: 83355! IBHltd LdnW15H 150p/Mtmsgrcvd18+",scam,uci_sms_spam
S:)no competition for him.,legitimate,uci_sms_spam
Boltblue tones for 150p Reply POLY# or MONO# eg POLY3 1. Cha Cha Slide 2. Yeah 3. Slow Jamz 6. Toxic 8. Come With Me or STOP 4 more tones txt MORE,scam,uci_sms_spam
Your credits have been topped up for http://www.bubbletext.com Your renewal Pin is tgxxrz,scam,uci_sms_spam
"That way transport is less problematic than on sat night. By the way, if u want to ask  n  to join my bday, feel free. But need to know definite nos as booking on fri. ",legitimate,uci_sms_spam
Usually the person is unconscious that's in children but in adults they may just behave abnormally. I.ll call you now,legitimate,uci_sms_spam
But that's on ebay it might be less elsewhere.,legitimate,uci_sms_spam
Shall i come to get pickle,legitimate,uci_sms_spam
Were gonna go get some tacos,legitimate,uci_sms_spam
"That's very rude, you on campus?",legitimate,uci_sms_spam
"URGENT!: Your Mobile No. was awarded a £2,000 Bonus Caller Prize on 02/09/03! This is our 2nd attempt to contact YOU! Call 0871-872-9755 BOX95QU",scam,uci_sms_spam
Hi i won't b ard 4 christmas. But do enjoy n merry x'mas.,legitimate,uci_sms_spam
"Today's Offer! Claim ur £150 worth of discount vouchers! Text YES to 85023 now! SavaMob, member offers mobile! T Cs 08717898035. £3.00 Sub. 16 . Unsub reply X",scam,uci_sms_spam
Yes! How is a pretty lady like you single?,legitimate,uci_sms_spam
You will recieve your tone within the next 24hrs. For Terms and conditions please see Channel U Teletext Pg 750,scam,uci_sms_spam
Jay says that you're a double-faggot,legitimate,uci_sms_spam
PRIVATE! Your 2003 Account Statement for 07815296484 shows 800 un-redeemed S.I.M. points. Call 08718738001 Identifier Code 41782 Expires 18/11/04 ,scam,uci_sms_spam
What Today-sunday..sunday is holiday..so no work..,legitimate,uci_sms_spam
I'll be late...,legitimate,uci_sms_spam
"I've not called you in a while. This is hoping it was l8r malaria and that you know that we miss you guys. I miss Bani big, so pls give her my love especially. Have a great day.",legitimate,uci_sms_spam
"Good afternoon, my love! How goes that day ? I hope maybe you got some leads on a job. I think of you, boytoy and send you a passionate kiss from across the sea",legitimate,uci_sms_spam
"Probably gonna be here for a while, see you later tonight &lt;)",legitimate,uci_sms_spam
Or maybe my fat fingers just press all these buttons and it doesn't know what to do.,legitimate,uci_sms_spam
Ummmmmaah Many many happy returns of d day my dear sweet heart.. HAPPY BIRTHDAY dear,legitimate,uci_sms_spam
"I am in tirupur da, once you started from office call me.",legitimate,uci_sms_spam
from www.Applausestore.com MonthlySubscription@50p/msg max6/month T&CsC web age16 2stop txt stop,scam,uci_sms_spam
"A famous quote : when you develop the ability to listen to 'anything' unconditionally without losing your temper or self confidence, it means you are ......... 'MARRIED'",legitimate,uci_sms_spam
But am going to college pa. What to do. are else ill come there it self. Pa.,legitimate,uci_sms_spam
4 oclock at mine. Just to bash out a flat plan.,legitimate,uci_sms_spam
This girl does not stay in bed. This girl doesn't need recovery time. Id rather pass out while having fun then be cooped up in bed,legitimate,uci_sms_spam
Then any special there?,legitimate,uci_sms_spam
I know but you need to get hotel now. I just got my invitation but i had to apologise. Cali is to sweet for me to come to some english bloke's weddin,legitimate,uci_sms_spam
"Sorry that took so long, omw now",legitimate,uci_sms_spam
Wait  &lt;#&gt;  min..,legitimate,uci_sms_spam
Ok give me 5 minutes I think I see her. BTW you're my alibi. You were cutting my hair the whole time.,legitimate,uci_sms_spam
"Imagine you finally get to sink into that bath after I have put you through your paces, maybe even having you eat me for a while before I left ... But also imagine the feel of that cage on your cock surrounded by the bath water, reminding you always who owns you ... Enjoy, my cuck",legitimate,uci_sms_spam
"Hurry up, I've been weed-deficient for like three days",legitimate,uci_sms_spam
"Sure, if I get an acknowledgement from you that it's astoundingly tactless and generally faggy to demand a blood oath fo",legitimate,uci_sms_spam
Ok. Every night take a warm bath drink a cup of milk and you'll see a work of magic. You still need to loose weight. Just so that you know,legitimate,uci_sms_spam
I‘ll have a look at the frying pan in case it‘s cheap or a book perhaps. No that‘s silly a frying pan isn‘t likely to be a book,legitimate,uci_sms_spam
O. Well uv causes mutations. Sunscreen is like essential thesedays,legitimate,uci_sms_spam
Having lunch:)you are not in online?why?,legitimate,uci_sms_spam
I know that my friend already told that.,legitimate,uci_sms_spam
Hi Princess! Thank you for the pics. You are very pretty. How are you?,legitimate,uci_sms_spam
"Aiyo... U always c our ex one... I dunno abt mei, she haven reply... First time u reply so fast... Y so lucky not workin huh, got bao by ur sugardad ah...gee.. ",legitimate,uci_sms_spam
Hi msg me:)i'm in office..,legitimate,uci_sms_spam
Thanx 4 e brownie it's v nice...,legitimate,uci_sms_spam
Geeeee ... I love you so much I can barely stand it,legitimate,uci_sms_spam
GENT! We are trying to contact you. Last weekends draw shows that you won a £1000 prize GUARANTEED. Call 09064012160. Claim Code K52. Valid 12hrs only. 150ppm ,scam,uci_sms_spam
"Fuck babe ... I miss you already, you know ? Can't you let me send you some money towards your net ? I need you ... I want you ... I crave you ...",legitimate,uci_sms_spam
"Ill call u 2mrw at ninish, with my address that icky American freek wont stop callin me 2 bad Jen k eh?",legitimate,uci_sms_spam
Oooh bed ridden ey? What are YOU thinking of?,legitimate,uci_sms_spam
"So anyways, you can just go to your gym or whatever, my love *smiles* I hope your ok and having a good day babe ... I miss you so much already",legitimate,uci_sms_spam
Love it! Daddy will make you scream with pleasure! I am going to slap your ass with my dick!,legitimate,uci_sms_spam
WOT U WANNA DO THEN MISSY?,legitimate,uci_sms_spam
Yar lor wait 4 my mum 2 finish sch then have lunch lor... I whole morning stay at home clean my room now my room quite clean... Hee...,legitimate,uci_sms_spam
Do you know where my lab goggles went,legitimate,uci_sms_spam
Can you open the door?,legitimate,uci_sms_spam
Waiting for your call.,legitimate,uci_sms_spam
Nope i waiting in sch 4 daddy... ,legitimate,uci_sms_spam
"You have won ?1,000 cash or a ?2,000 prize! To claim, call09050000327",scam,uci_sms_spam
"I'm tired of arguing with you about this week after week. Do what you want and from now on, i'll do the same.",legitimate,uci_sms_spam
Ü wait 4 me in sch i finish ard 5..,legitimate,uci_sms_spam
"our mobile number has won £5000, to claim calls us back or ring the claims hot line on 09050005321.",scam,uci_sms_spam
"Arngd marriage is while u r walkin unfortuntly a snake bites u. bt love marriage is dancing in frnt of d snake &amp; sayin Bite me, bite me.",legitimate,uci_sms_spam
Huh so early.. Then ü having dinner outside izzit?,legitimate,uci_sms_spam
Ok anyway no need to change with what you said,legitimate,uci_sms_spam
We tried to contact you re your reply to our offer of 750 mins 150 textand a new video phone call 08002988890 now or reply for free delivery tomorrow,scam,uci_sms_spam
my ex-wife was not able to have kids. Do you want kids one day?,legitimate,uci_sms_spam
So how's scotland. Hope you are not over showing your JJC tendencies. Take care. Live the dream,legitimate,uci_sms_spam
Tell them u have a headache and just want to use 1 hour of sick time.,legitimate,uci_sms_spam
"I dun thk i'll quit yet... Hmmm, can go jazz ? Yogasana oso can... We can go meet em after our lessons den... ",legitimate,uci_sms_spam
Pete can you please ring meive hardly gotany credit,legitimate,uci_sms_spam
Ya srsly better than yi tho,legitimate,uci_sms_spam
"I'm in a meeting, call me later at",legitimate,uci_sms_spam
"For ur chance to win a £250 wkly shopping spree TXT: SHOP to 80878. T's&C's www.txt-2-shop.com custcare 08715705022, 1x150p/wk",scam,uci_sms_spam
You have been specially selected to receive a 2000 pound award! Call 08712402050 BEFORE the lines close. Cost 10ppm. 16+. T&Cs apply. AG Promo,scam,uci_sms_spam
PRIVATE! Your 2003 Account Statement for 07753741225 shows 800 un-redeemed S. I. M. points. Call 08715203677 Identifier Code: 42478 Expires 24/10/04,scam,uci_sms_spam
You still at grand prix?,legitimate,uci_sms_spam
"I met you as a stranger and choose you as my friend. As long as the world stands, our friendship never ends. Lets be Friends forever!!! Gud nitz...",legitimate,uci_sms_spam
I am great! How are you?,legitimate,uci_sms_spam
Gud mrng dear have a nice day,legitimate,uci_sms_spam
You have an important customer service announcement. Call FREEPHONE 0800 542 0825 now!,scam,uci_sms_spam
Will do. Was exhausted on train this morning. Too much wine and pie. You sleep well too,legitimate,uci_sms_spam
I'm going out to buy mum's present ar.,legitimate,uci_sms_spam
Mind blastin.. No more Tsunamis will occur from now on.. Rajnikant stopped swimming in Indian Ocean..:-D,legitimate,uci_sms_spam
If u sending her home first it's ok lor. I'm not ready yet.,legitimate,uci_sms_spam
Speaking of does he have any cash yet?,legitimate,uci_sms_spam
Be happy there. I will come after noon,legitimate,uci_sms_spam
Meet after lunch la...,legitimate,uci_sms_spam
TaKe CaRE n gET WeLL sOOn,legitimate,uci_sms_spam
XCLUSIVE@CLUBSAISAI 2MOROW 28/5 SOIREE SPECIALE ZOUK WITH NICHOLS FROM PARIS.FREE ROSES 2 ALL LADIES !!! info: 07946746291/07880867867 ,scam,uci_sms_spam
what I meant to say is cant wait to see u again getting bored of this bridgwater banter,legitimate,uci_sms_spam
Neva mind it's ok..,legitimate,uci_sms_spam
"It's fine, imma get a drink or somethin. Want me to come find you?",legitimate,uci_sms_spam
22 days to kick off! For Euro2004 U will be kept up to date with the latest news and results daily. To be removed send GET TXT STOP to 83222,scam,uci_sms_spam
Its a valentine game. . . Send dis msg to all ur friends. .. If 5 answers r d same then someone really loves u. Ques- which colour suits me the best?rply me,legitimate,uci_sms_spam
I have many dependents,legitimate,uci_sms_spam
THANX4 TODAY CER IT WAS NICE 2 CATCH UP BUT WE AVE 2 FIND MORE TIME MORE OFTEN OH WELL TAKE CARE C U SOON.C,legitimate,uci_sms_spam
I called and said all to him:)then he have to choose this future.,legitimate,uci_sms_spam
Happy valentines day I know its early but i have hundreds of handsomes and beauties to wish. So i thought to finish off aunties and uncles 1st...,legitimate,uci_sms_spam
He like not v shock leh. Cos telling shuhui is like telling leona also. Like dat almost all know liao. He got ask me abt ur reaction lor.,legitimate,uci_sms_spam
For my family happiness..,legitimate,uci_sms_spam
I come n pick ü up... Come out immediately aft ur lesson...,legitimate,uci_sms_spam
Let there be snow. Let there be snow. This kind of weather brings ppl together so friendships can grow.,legitimate,uci_sms_spam
Dear we got  &lt;#&gt;  dollars hi hi,legitimate,uci_sms_spam
Good words.... But words may leave u in dismay many times.,legitimate,uci_sms_spam
MAKE SURE ALEX KNOWS HIS BIRTHDAY IS OVER IN FIFTEEN MINUTES AS FAR AS YOU'RE CONCERNED,legitimate,uci_sms_spam
"sorry, no, have got few things to do. may be in pub later.",legitimate,uci_sms_spam
"Nah it's straight, if you can just bring bud or drinks or something that's actually a little more useful than straight cash",legitimate,uci_sms_spam
"Haha good to hear, I'm officially paid and on the market for an 8th",legitimate,uci_sms_spam
How many licks does it take to get to the center of a tootsie pop?,legitimate,uci_sms_spam
Yup i thk they r e teacher said that will make my face look longer. Darren ask me not 2 cut too short.,legitimate,uci_sms_spam
New TEXTBUDDY Chat 2 horny guys in ur area 4 just 25p Free 2 receive Search postcode or at gaytextbuddy.com. TXT ONE name to 89693,scam,uci_sms_spam
Todays Vodafone numbers ending with 4882 are selected to a receive a £350 award. If your number matches call 09064019014 to receive your £350 award.,scam,uci_sms_spam
Please dont say like that. Hi hi hi,legitimate,uci_sms_spam
Thank u!,legitimate,uci_sms_spam
Oh that was a forwarded message. I thought you send that to me,legitimate,uci_sms_spam
Got it. Seventeen pounds for seven hundred ml – hope ok.,legitimate,uci_sms_spam
"Dear Voucher Holder, 2 claim this weeks offer, at your PC go to http://www.e-tlp.co.uk/expressoffer Ts&Cs apply.2 stop texts txt STOP to 80062.",scam,uci_sms_spam
Me n him so funny...,legitimate,uci_sms_spam
"Sweetheart, hope you are not having that kind of day! Have one with loads of reasons to smile. Biola",legitimate,uci_sms_spam
When ü login dat time... Dad fetching ü home now?,legitimate,uci_sms_spam
"What will we do in the shower, baby?",legitimate,uci_sms_spam
I had askd u a question some hours before. Its answer,legitimate,uci_sms_spam
"Well imma definitely need to restock before thanksgiving, I'll let you know when I'm out",legitimate,uci_sms_spam
" said kiss, kiss, i can't do the sound effects! He is a gorgeous man isn't he! Kind of person who needs a smile to brighten his day! ",legitimate,uci_sms_spam
Probably gonna swing by in a wee bit,legitimate,uci_sms_spam
Ya very nice. . .be ready on thursday,legitimate,uci_sms_spam
Allo! We have braved the buses and taken on the trains and triumphed. I mean we‘re in b‘ham. Have a jolly good rest of week,legitimate,uci_sms_spam
"Watching cartoon, listening music &amp; at eve had to go temple &amp; church.. What about u?",legitimate,uci_sms_spam
Do you mind if I ask what happened? You dont have to say if it is uncomfortable.,legitimate,uci_sms_spam
PRIVATE! Your 2003 Account Statement for shows 800 un-redeemed S. I. M. points. Call 08715203694 Identifier Code: 40533 Expires 31/10/04,scam,uci_sms_spam
No prob. I will send to your email.,legitimate,uci_sms_spam
"You have won ?1,000 cash or a ?2,000 prize! To claim, call09050000327. T&C: RSTM, SW7 3SS. 150ppm",scam,uci_sms_spam
Thats cool! Sometimes slow and gentle. Sonetimes rough and hard :),legitimate,uci_sms_spam
I'm gonna say no. Sorry. I would but as normal am starting to panic about time. Sorry again! Are you seeing on Tuesday?,legitimate,uci_sms_spam
"Wait, do you know if wesleys in town? I bet she does hella drugs!",legitimate,uci_sms_spam
Fine i miss you very much.,legitimate,uci_sms_spam
Tell them the drug dealer's getting impatient,legitimate,uci_sms_spam
"Sun cant come to earth but send luv as rays. cloud cant come to river but send luv as rain. I cant come to meet U, but can send my care as msg to U. Gud evng",legitimate,uci_sms_spam
"It doesnt make sense to take it there unless its free. If you need to know more, wikipedia.com",legitimate,uci_sms_spam
88800 and 89034 are premium phone services call 08718711108,scam,uci_sms_spam
"Under the sea, there lays a rock. In the rock, there is an envelope. In the envelope, there is a paper. On the paper, there are 3 words... '",legitimate,uci_sms_spam
Then mum's repent how?,legitimate,uci_sms_spam
Sorry me going home first... Daddy come fetch ü later...,legitimate,uci_sms_spam
Leave it de:-). Start Prepare for next:-)..,legitimate,uci_sms_spam
Yes baby! We can study all the positions of the kama sutra ;),legitimate,uci_sms_spam
En chikku nange bakra msg kalstiya..then had tea/coffee?,legitimate,uci_sms_spam
Carlos'll be here in a minute if you still need to buy,legitimate,uci_sms_spam
This pay is  &lt;DECIMAL&gt;  lakhs:),legitimate,uci_sms_spam
Have a good evening! Ttyl,legitimate,uci_sms_spam
Did u receive my msg?,legitimate,uci_sms_spam
Ho ho - big belly laugh! See ya tomo,legitimate,uci_sms_spam
"SMS. ac sun0819 posts HELLO:""You seem cool, wanted to say hi. HI!!!"" Stop? Send STOP to 62468",scam,uci_sms_spam
Get ur 1st RINGTONE FREE NOW! Reply to this msg with TONE. Gr8 TOP 20 tones to your phone every week just £1.50 per wk 2 opt out send STOP 08452810071 16,scam,uci_sms_spam
"Ditto. And you won't have to worry about me saying ANYTHING to you anymore. Like i said last night, you do whatever you want and i'll do the same. Peace.",legitimate,uci_sms_spam
"I've got  &lt;#&gt; , any way I could pick up?",legitimate,uci_sms_spam
"I dont knw pa, i just drink milk..",legitimate,uci_sms_spam
Maybe?! Say hi to  and find out if  got his card. Great escape or wetherspoons? ,legitimate,uci_sms_spam
"Piggy, r u awake? I bet u're still sleeping. I'm going 4 lunch now...",legitimate,uci_sms_spam
Cause I'm not freaky lol,legitimate,uci_sms_spam
Missed your call cause I was yelling at scrappy. Miss u. Can't wait for u to come home. I'm so lonely today.,legitimate,uci_sms_spam
What is this 'hex' place you talk of? Explain!,legitimate,uci_sms_spam
Ü log off 4 wat. It's sdryb8i,legitimate,uci_sms_spam
Is xy going 4 e lunch?,legitimate,uci_sms_spam
Hi I'm sue. I am 20 years old and work as a lapdancer. I love sex. Text me live - I'm i my bedroom now. text SUE to 89555. By TextOperator G2 1DA 150ppmsg 18+,scam,uci_sms_spam
I wanted to ask ü to wait 4 me to finish lect. Cos my lect finishes in an hour anyway.,legitimate,uci_sms_spam
Have you finished work yet? :),legitimate,uci_sms_spam
"Every King Was Once A Crying Baby And Every Great Building Was Once A Map.. Not Imprtant Where U r TODAY, BUT Where U Wil Reach TOMORW. Gud ni8",legitimate,uci_sms_spam
"Dear,Me at cherthala.in case u r coming cochin pls call bfore u start.i shall also reach accordingly.or tell me which day u r coming.tmorow i am engaged ans its holiday.",legitimate,uci_sms_spam
Thanks love. But am i doing torch or bold.,legitimate,uci_sms_spam
<Forwarded from 448712404000>Please CALL 08712404000 immediately as there is an urgent message waiting for you.,scam,uci_sms_spam
Was the farm open?,legitimate,uci_sms_spam
"Sorry to trouble u again. Can buy 4d for my dad again? 1405, 1680, 1843. All 2 big 1 small, sat n sun. Thanx.",legitimate,uci_sms_spam
"My sister in law, hope you are having a great month. Just saying hey. Abiola",legitimate,uci_sms_spam
Will purchase d stuff today and mail to you. Do you have a po box number?,legitimate,uci_sms_spam
Ah poop. Looks like ill prob have to send in my laptop to get fixed cuz it has a gpu problem,legitimate,uci_sms_spam
Good. Good job. I like entrepreneurs,legitimate,uci_sms_spam
"Aight, you close by or still down around alex's place?",legitimate,uci_sms_spam
meet you in corporation st outside gap … you can see how my mind is working!,legitimate,uci_sms_spam
Mum ask ü to buy food home...,legitimate,uci_sms_spam
K..u also dont msg or reply to his msg..,legitimate,uci_sms_spam
How much r ü willing to pay?,legitimate,uci_sms_spam
What is important is that you prevent dehydration by giving her enough fluids,legitimate,uci_sms_spam
"Thats a bit weird, even ?- where is the do supposed to be happening? But good idea, sure they will be in pub!",legitimate,uci_sms_spam
True dear..i sat to pray evening and felt so.so i sms'd you in some time...,legitimate,uci_sms_spam
"I don't think I can get away for a trek that long with family in town, sorry",legitimate,uci_sms_spam
So when do you wanna gym harri,legitimate,uci_sms_spam
Quite late lar... Ard 12 anyway i wun b drivin...,legitimate,uci_sms_spam
"To review and KEEP the fantastic Nokia N-Gage game deck with Club Nokia, go 2 www.cnupdates.com/newsletter. unsubscribe from alerts reply with the word OUT",scam,uci_sms_spam
4mths half price Orange line rental & latest camera phones 4 FREE. Had your phone 11mths+? Call MobilesDirect free on 08000938767 to update now! or2stoptxt T&Cs,scam,uci_sms_spam
"Height of Confidence: All the Aeronautics professors wer calld &amp; they wer askd 2 sit in an aeroplane. Aftr they sat they wer told dat the plane ws made by their students. Dey all hurried out of d plane.. Bt only 1 didnt move... He said:""if it is made by my students,this wont even start........ Datz confidence..",legitimate,uci_sms_spam
It just seems like weird timing that the night that all you and g want is for me to come smoke is the same day as when a shitstorm is attributed to me always coming over and making everyone smoke,legitimate,uci_sms_spam
08714712388 between 10am-7pm Cost 10p,scam,uci_sms_spam
"Save yourself the stress. If the person has a dorm account, just send your account details and the money will be sent to you.",legitimate,uci_sms_spam
He also knows about lunch menu only da. . I know,legitimate,uci_sms_spam
When i have stuff to sell i.ll tell you,legitimate,uci_sms_spam
+449071512431 URGENT! This is the 2nd attempt to contact U!U have WON £1250 CALL 09071512433 b4 050703 T&CsBCM4235WC1N3XX. callcost 150ppm mobilesvary. max£7. 50,scam,uci_sms_spam
Book which lesson? then you msg me... I will call up after work or sth... I'm going to get specs. My membership is PX3748,legitimate,uci_sms_spam
You have WON a guaranteed £1000 cash or a £2000 prize. To claim yr prize call our customer service representative on 08714712394 between 10am-7pm,scam,uci_sms_spam
Macha dont feel upset.i can assume your mindset.believe me one evening with me and i have some wonderful plans for both of us.LET LIFE BEGIN AGAIN.call me anytime,legitimate,uci_sms_spam
Oh is it? Send me the address,legitimate,uci_sms_spam
S'fine. Anytime. All the best with it.,legitimate,uci_sms_spam
That is wondar full flim.,legitimate,uci_sms_spam
Ya even those cookies have jelly on them,legitimate,uci_sms_spam
"The world is running and i am still.maybe all are feeling the same,so be it.or i have to admit,i am mad.then where is the correction?or let me call this is life.and keep running with the world,may be u r also running.lets run.",legitimate,uci_sms_spam
Got it! It looks scrumptious... daddy wants to eat you all night long!,legitimate,uci_sms_spam
Of cos can lar i'm not so ba dao ok... 1 pm lor... Y u never ask where we go ah... I said u would ask on fri but he said u will ask today...,legitimate,uci_sms_spam
"Alright omw, gotta change my order to a half8th",legitimate,uci_sms_spam
Exactly. Anyways how far. Is jide her to study or just visiting,legitimate,uci_sms_spam
Dunno y u ask me.,legitimate,uci_sms_spam
Email AlertFrom: Jeri StewartSize: 2KBSubject: Low-cost prescripiton drvgsTo listen to email call 123,scam,uci_sms_spam
No he didn't. Spring is coming early yay!,legitimate,uci_sms_spam
Lol you won't feel bad when I use her money to take you out to a steak dinner =D,legitimate,uci_sms_spam
Even u dont get in trouble while convincing..just tel him once or twice and just tel neglect his msgs dont c and read it..just dont reply,legitimate,uci_sms_spam
Leaving to qatar tonite in search of an opportunity.all went fast.pls add me in ur prayers dear.Rakhesh,legitimate,uci_sms_spam
Then why no one talking to me,legitimate,uci_sms_spam
Thanks for looking out for me. I really appreciate.,legitimate,uci_sms_spam
Hi. Customer Loyalty Offer:The NEW Nokia6650 Mobile from ONLY £10 at TXTAUCTION! Txt word: START to No: 81151 & get yours Now! 4T&Ctxt TC 150p/MTmsg,scam,uci_sms_spam
Wish i were with you now!,legitimate,uci_sms_spam
Haha mayb u're rite... U know me well. Da feeling of being liked by someone is gd lor. U faster go find one then all gals in our group attached liao.,legitimate,uci_sms_spam
Yes i will be there. Glad you made it.,legitimate,uci_sms_spam
Do well :)all will for little time. Thing of good times ahead:,legitimate,uci_sms_spam
Just got up. have to be out of the room very soon. …. i hadn't put the clocks back til at 8 i shouted at everyone to get up and then realised it was 7. wahay. another hour in bed.,legitimate,uci_sms_spam
Ok. There may be a free gym about.,legitimate,uci_sms_spam
Men like shorter ladies. Gaze up into his eyes.,legitimate,uci_sms_spam
Dunno he jus say go lido. Same time 930.,legitimate,uci_sms_spam
"I promise to take good care of you, princess. I have to run now. Please send pics when you get a chance. Ttyl!",legitimate,uci_sms_spam
U are subscribed to the best Mobile Content Service in the UK for £3 per 10 days until you send STOP to 82324. Helpline 08706091795,scam,uci_sms_spam
Is there a reason we've not spoken this year? Anyways have a great week and all the best in your exam,legitimate,uci_sms_spam
By monday next week. Give me the full gist,legitimate,uci_sms_spam
"Do you realize that in about 40 years, we'll have thousands of old ladies running around with tattoos?",scam,uci_sms_spam
You have an important customer service announcement from PREMIER.,scam,uci_sms_spam
Dont gimme that lip caveboy,legitimate,uci_sms_spam
When did you get to the library,legitimate,uci_sms_spam
Realy sorry-i don't recognise this number and am now confused :) who r u please?! ,legitimate,uci_sms_spam
So why didnt you holla?,legitimate,uci_sms_spam
Cant think of anyone with * spare room off * top of my head,legitimate,uci_sms_spam
"Faith makes things possible,Hope makes things work,Love makes things beautiful,May you have all three this Christmas!Merry Christmas!",legitimate,uci_sms_spam
U should have made an appointment,legitimate,uci_sms_spam
"Call me when you/carlos is/are here, my phone's vibrate is acting up and I might not hear texts",legitimate,uci_sms_spam
"Romantic Paris. 2 nights, 2 flights from £79 Book now 4 next year. Call 08704439680Ts&Cs apply.",scam,uci_sms_spam
"We are at grandmas. Oh dear, u still ill? I felt Shit this morning but i think i am just hungover! Another night then. We leave on sat.",legitimate,uci_sms_spam
Urgent Ur £500 guaranteed award is still unclaimed! Call 09066368327 NOW closingdate04/09/02 claimcode M39M51 £1.50pmmorefrommobile2Bremoved-MobyPOBox734LS27YF,scam,uci_sms_spam
Nothing but we jus tot u would ask cos u ba gua... But we went mt faber yest... Yest jus went out already mah so today not going out... Jus call lor...,legitimate,uci_sms_spam
"Wishing you and your family Merry ""X"" mas and HAPPY NEW Year in advance..",legitimate,uci_sms_spam
UR awarded a City Break and could WIN a £200 Summer Shopping spree every WK. Txt STORE to 88039 . SkilGme. TsCs087147403231Winawk!Age16 £1.50perWKsub,scam,uci_sms_spam
"I'm nt goin, got somethin on, unless they meetin 4 dinner lor... Haha, i wonder who will go tis time...",legitimate,uci_sms_spam
Lol I know! They're so dramatic. Schools already closed for tomorrow. Apparently we can't drive in the inch of snow were supposed to get.,legitimate,uci_sms_spam
Not getting anywhere with this damn job hunting over here!,legitimate,uci_sms_spam
Lol! U drunkard! Just doing my hair at d moment. Yeah still up 4 tonight. Wats the plan? ,legitimate,uci_sms_spam
"idc get over here, you are not weaseling your way out of this shit twice in a row",legitimate,uci_sms_spam
I wil be there with in  &lt;#&gt;  minutes. Got any space,legitimate,uci_sms_spam
Thanks for picking up the trash.,legitimate,uci_sms_spam
Why don't you go tell your friend you're not sure you want to live with him because he smokes too much then spend hours begging him to come smoke,legitimate,uci_sms_spam
Hi its Kate it was lovely to see you tonight and ill phone you tomorrow. I got to sing and a guy gave me his card! xxx,legitimate,uci_sms_spam
Happy New year my dear brother. I really do miss you. Just got your number and decided to send you this text wishing you only happiness. Abiola,legitimate,uci_sms_spam
That means get the door,legitimate,uci_sms_spam
"Hmmm ... I thought we said 2 hours slave, not 3 ... You are late ... How should I punish you ?",legitimate,uci_sms_spam
Beerage?,legitimate,uci_sms_spam
You have an important customer service announcement from PREMIER. Call FREEPHONE 0800 542 0578 now!,scam,uci_sms_spam
Dont think so. It turns off like randomlly within 5min of opening,legitimate,uci_sms_spam
"She was supposed to be but couldn't make it, she's still in town though",legitimate,uci_sms_spam
It does it on its own. Most of the time it fixes my spelling. But sometimes it gets a completely diff word. Go figure,legitimate,uci_sms_spam
Ever thought about living a good life with a perfect partner? Just txt back NAME and AGE to join the mobile community. (100p/SMS),scam,uci_sms_spam
"5 Free Top Polyphonic Tones call 087018728737, National Rate. Get a toppoly tune sent every week, just text SUBPOLY to 81618, £3 per pole. UnSub 08718727870.",scam,uci_sms_spam
This is hoping you enjoyed your game yesterday. Sorry i've not been in touch but pls know that you are fondly bein thot off. Have a great week. Abiola,legitimate,uci_sms_spam
All e best 4 ur driving tmr :-),legitimate,uci_sms_spam
Y?WHERE U AT DOGBREATH? ITS JUST SOUNDING LIKE JAN C THATS AL!!!!!!!!!,legitimate,uci_sms_spam
Omg I want to scream. I weighed myself and I lost more weight! Woohoo!,legitimate,uci_sms_spam
There generally isn't one. It's an uncountable noun - u in the dictionary. pieces of research?,legitimate,uci_sms_spam
it's really getting me down just hanging around.,legitimate,uci_sms_spam
"Orange customer, you may now claim your FREE CAMERA PHONE upgrade for your loyalty. Call now on 0207 153 9996. Offer ends 14thMarch. T&C's apply. Opt-out availa",scam,uci_sms_spam
Petey boy whereare you me and all your friendsare in theKingshead come down if you canlove Nic,legitimate,uci_sms_spam
Ok i msg u b4 i leave my house.,legitimate,uci_sms_spam
Gimme a few was  &lt;#&gt;  minutes ago,legitimate,uci_sms_spam
"Last Chance! Claim ur £150 worth of discount vouchers today! Text SHOP to 85023 now! SavaMob, offers mobile! T Cs SavaMob POBOX84, M263UZ. £3.00 Sub. 16",scam,uci_sms_spam
Appt is at &lt;TIME&gt; am. Not my fault u don't listen. I told u twice,legitimate,uci_sms_spam
FREE for 1st week! No1 Nokia tone 4 ur mobile every week just txt NOKIA to 8077 Get txting and tell ur mates. www.getzed.co.uk POBox 36504 W45WQ 16+ norm150p/tone,scam,uci_sms_spam
You have won a guaranteed £200 award or even £1000 cashto claim UR award call free on 08000407165 (18+) 2 stop getstop on 88222 PHP. RG21 4JX,scam,uci_sms_spam
K I'll be there before 4.,legitimate,uci_sms_spam
I dled 3d its very imp,legitimate,uci_sms_spam
"sure, but make sure he knows we ain't smokin yet",legitimate,uci_sms_spam
Boooo you always work. Just quit.,legitimate,uci_sms_spam
I am taking half day leave bec i am not well,legitimate,uci_sms_spam
Ugh I don't wanna get out of bed. It's so warm.,legitimate,uci_sms_spam
S:)s.nervous  &lt;#&gt; :),legitimate,uci_sms_spam
So there's a ring that comes with the guys costumes. It's there so they can gift their future yowifes. Hint hint,legitimate,uci_sms_spam
Congratulations ur awarded either £500 of CD gift vouchers & Free entry 2 our £100 weekly draw txt MUSIC to 87066 TnCs www.Ldew.com1win150ppmx3age16,scam,uci_sms_spam
I borrow ur bag ok.,legitimate,uci_sms_spam
"U were outbid by simonwatson5120 on the Shinco DVD Plyr. 2 bid again, visit sms. ac/smsrewards 2 end bid notifications, reply END OUT",scam,uci_sms_spam
Where's my boytoy? I miss you ... What happened?,legitimate,uci_sms_spam
"He has lots of used ones babe, but the model doesn't help. Youi have to bring it over and he'll match it up",legitimate,uci_sms_spam
Also are you bringing galileo or dobby,legitimate,uci_sms_spam
Then why you not responding,legitimate,uci_sms_spam
BOO BABE! U ENJOYIN YOURJOB? U SEEMED 2 B GETTIN ON WELL HUNNY!HOPE URE OK?TAKE CARE & ILLSPEAK 2U SOONLOTS OF LOVEME XXXX.,legitimate,uci_sms_spam
Good afternoon starshine! How's my boytoy? Does he crave me yet? Ache to fuck me ? *sips cappuccino* I miss you babe *teasing kiss*,legitimate,uci_sms_spam
On the road so cant txt,legitimate,uci_sms_spam
"SMSSERVICES. for yourinclusive text credits, pls goto www.comuk.net login= 3qxj9 unsubscribe with STOP, no extra charge. help 08702840625.COMUK. 220-CM2 9AE",scam,uci_sms_spam
25p 4 alfie Moon's Children in need song on ur mob. Tell ur m8s. Txt Tone charity to 8007 for Nokias or Poly charity for polys: zed 08701417012 profit 2 charity.,scam,uci_sms_spam
Hmm .. Bits and pieces lol ... *sighs* ...,legitimate,uci_sms_spam
Hahaha..use your brain dear,legitimate,uci_sms_spam
Hey. You got any mail?,legitimate,uci_sms_spam
"Sorry light turned green, I meant another friend wanted  &lt;#&gt;  worth but he may not be around",legitimate,uci_sms_spam
Thanks for yesterday sir. You have been wonderful. Hope you enjoyed the burial. MojiBiola,legitimate,uci_sms_spam
U have a secret admirer. REVEAL who thinks U R So special. Call 09065174042. To opt out Reply REVEAL STOP. 1.50 per msg recd. Cust care 07821230901,scam,uci_sms_spam
Hi mate its RV did u hav a nice hol just a message 3 say hello coz havent sent u 1 in ages started driving so stay off roads!RVx,legitimate,uci_sms_spam
"Dear Voucher Holder, To claim this weeks offer, at you PC please go to http://www.e-tlp.co.uk/expressoffer Ts&Cs apply. To stop texts, txt STOP to 80062",scam,uci_sms_spam
"Thank you so much. When we skyped wit kz and sura, we didnt get the pleasure of your company. Hope you are good. We've given you ultimatum oh! We are countin down to aburo. Enjoy! This is the message i sent days ago",legitimate,uci_sms_spam
Surely result will offer:),legitimate,uci_sms_spam
Good Morning my Dear........... Have a great &amp; successful day.,legitimate,uci_sms_spam
Do you want 750 anytime any network mins 150 text and a NEW VIDEO phone for only five pounds per week call 08002888812 or reply for delivery tomorrow,scam,uci_sms_spam
"Sir, I have been late in paying rent for the past few months and had to pay a $ &lt;#&gt;  charge. I felt it would be inconsiderate of me to nag about something you give at great cost to yourself and that's why i didnt speak up. I however am in a recession and wont be able to pay the charge this month hence my askin well ahead of month's end. Can you please help. Thanks",legitimate,uci_sms_spam
We tried to contact you re our offer of New Video Phone 750 anytime any network mins HALF PRICE Rental camcorder call 08000930705 or reply for delivery Wed,scam,uci_sms_spam
Last chance 2 claim ur £150 worth of discount vouchers-Text YES to 85023 now!SavaMob-member offers mobile T Cs 08717898035. £3.00 Sub. 16 . Remove txt X or STOP,scam,uci_sms_spam
I luv u soo much u dont understand how special u r 2 me ring u 2morrow luv u xxx,legitimate,uci_sms_spam
"Pls send me a comprehensive mail about who i'm paying, when and how much.",legitimate,uci_sms_spam
Our Prashanthettan's mother passed away last night. pray for her and family.,legitimate,uci_sms_spam
"Urgent! call 09066350750 from your landline. Your complimentary 4* Ibiza Holiday or 10,000 cash await collection SAE T&Cs PO BOX 434 SK3 8WP 150 ppm 18+ ",scam,uci_sms_spam
K.k:)when are you going?,legitimate,uci_sms_spam
Meanwhile in the shit suite: xavier decided to give us  &lt;#&gt;  seconds of warning that samantha was coming over and is playing jay's guitar to impress her or some shit. Also I don't think doug realizes I don't live here anymore,legitimate,uci_sms_spam
My stomach has been thru so much trauma I swear I just can't eat. I better lose weight.,legitimate,uci_sms_spam
I am in office:)whats the matter..msg me now.i will call you at break:).,legitimate,uci_sms_spam
"Yeah there's barely enough room for the two of us, x has too many fucking shoes. Sorry man, see you later",legitimate,uci_sms_spam
U reach orchard already? U wan 2 go buy tickets first?,legitimate,uci_sms_spam
"I am real, baby! I want to bring out your inner tigress...",legitimate,uci_sms_spam
No da if you run that it activate the full version da.,legitimate,uci_sms_spam
AH POOR BABY!HOPE URFEELING BETTERSN LUV! PROBTHAT OVERDOSE OF WORK HEY GO CAREFUL SPK 2 U SN LOTS OF LOVEJEN XXX.,legitimate,uci_sms_spam
Stop the story. I've told him i've returned it and he's saying i should not re order it.,legitimate,uci_sms_spam
Talk sexy!! Make new friends or fall in love in the worlds most discreet text dating service. Just text VIP to 83110 and see who you could meet.,scam,uci_sms_spam
Going to take your babe out ?,legitimate,uci_sms_spam
Hai ana tomarrow am coming on morning.  &lt;DECIMAL&gt;  ill be there in sathy then we ll go to RTO office. Reply me after came to home.,legitimate,uci_sms_spam
Spoons it is then okay?,legitimate,uci_sms_spam
Did he just say somebody is named tampa,legitimate,uci_sms_spam
In work now. Going have in few min.,legitimate,uci_sms_spam
Your brother is a genius,legitimate,uci_sms_spam
"Sorry, I guess whenever I can get a hold of my connections, maybe an hour or two? I'll text you",legitimate,uci_sms_spam
Did u find out what time the bus is at coz i need to sort some stuff out.,legitimate,uci_sms_spam
Dude ive been seeing a lotta corvettes lately,legitimate,uci_sms_spam
Congratulations ur awarded either a yrs supply of CDs from Virgin Records or a Mystery Gift GUARANTEED Call 09061104283 Ts&Cs www.smsco.net £1.50pm approx 3mins,scam,uci_sms_spam
"Same here, but I consider walls and bunkers and shit important just because I never play on peaceful but I guess your place is high enough that it don't matter",legitimate,uci_sms_spam
PRIVATE! Your 2003 Account Statement for 07808 XXXXXX shows 800 un-redeemed S. I. M. points. Call 08719899217 Identifier Code: 41685 Expires 07/11/04,scam,uci_sms_spam
Hello. We need some posh birds and chaps to user trial prods for champneys. Can i put you down? I need your address and dob asap. Ta r,scam,uci_sms_spam
What do U want for Xmas? How about 100 free text messages & a new video phone with half price line rental? Call free now on 0800 0721072 to find out more!,scam,uci_sms_spam
"Well am officially in a philosophical hole, so if u wanna call am at home ready to be saved!",legitimate,uci_sms_spam
Its going good...no problem..but still need little experience to understand american customer voice...,legitimate,uci_sms_spam
I'll text you when I drop x off,legitimate,uci_sms_spam
Ugh its been a long day. I'm exhausted. Just want to cuddle up and take a nap,legitimate,uci_sms_spam
Talk With Yourself Atleast Once In A Day...!!! Otherwise You Will Miss Your Best FRIEND In This WORLD...!!! -Shakespeare- SHESIL  &lt;#&gt;,legitimate,uci_sms_spam
"Shop till u Drop, IS IT YOU, either 10K, 5K, £500 Cash or £100 Travel voucher, Call now, 09064011000. NTT PO Box CR01327BT fixedline Cost 150ppm mobile vary",scam,uci_sms_spam
Are you in castor? You need to see something,legitimate,uci_sms_spam
Sunshine Quiz Wkly Q! Win a top Sony DVD player if u know which country Liverpool played in mid week? Txt ansr to 82277. £1.50 SP:Tyrone,scam,uci_sms_spam
U have a secret admirer who is looking 2 make contact with U-find out who they R*reveal who thinks UR so special-call on 09058094565,scam,uci_sms_spam
U have a Secret Admirer who is looking 2 make contact with U-find out who they R*reveal who thinks UR so special-call on 09065171142-stopsms-08,scam,uci_sms_spam
Reminder: You have not downloaded the content you have already paid for. Goto http://doit. mymoby. tv/ to collect your content.,scam,uci_sms_spam
"see, i knew giving you a break a few times woul lead to you always wanting to miss curfew. I was gonna gibe you 'til one, but a MIDNIGHT movie is not gonna get out til after 2. You need to come home. You need to getsleep and, if anything, you need to b studdying ear training.",legitimate,uci_sms_spam
I love to give massages. I use lots of baby oil... What is your fave position?,legitimate,uci_sms_spam
Dude we should go sup again,legitimate,uci_sms_spam
Yoyyooo u know how to change permissions for a drive in mac. My usb flash drive,legitimate,uci_sms_spam
Gibbs unsold.mike hussey,legitimate,uci_sms_spam
I like to talk pa but am not able to. I dont know y.,legitimate,uci_sms_spam
Y dun cut too short leh. U dun like ah? She failed. She's quite sad.,legitimate,uci_sms_spam
You unbelievable faglord,legitimate,uci_sms_spam
Wife.how she knew the time of murder exactly,legitimate,uci_sms_spam
Why do you ask princess?,legitimate,uci_sms_spam
I am great princess! What are you thinking about me? :),legitimate,uci_sms_spam
Nutter. Cutter. Ctter. Cttergg. Cttargg. Ctargg. Ctagg. ie you,legitimate,uci_sms_spam
It's ok i noe u're busy but i'm really too bored so i msg u. I oso dunno wat colour she choose 4 me one.,legitimate,uci_sms_spam
Doesn't g have class early tomorrow and thus shouldn't be trying to smoke at  &lt;#&gt;,legitimate,uci_sms_spam
"Superb Thought- ""Be grateful that u dont have everything u want. That means u still have an opportunity to be happier tomorrow than u are today."":-)",legitimate,uci_sms_spam
Hope you are having a good week. Just checking in,legitimate,uci_sms_spam
"I'm used to it. I just hope my agents don't drop me since i've only booked a few things this year. This whole me in boston, them in nyc was an experiment.",legitimate,uci_sms_spam
"Thursday night? Yeah, sure thing, we'll work it out then",legitimate,uci_sms_spam
Probably money worries. Things are coming due and i have several outstanding invoices for work i did two and three months ago.,legitimate,uci_sms_spam
How is it possible to teach you. And where.,legitimate,uci_sms_spam
"I wonder if your phone battery went dead ? I had to tell you, I love you babe",legitimate,uci_sms_spam
Lovely smell on this bus and it ain't tobacco... ,legitimate,uci_sms_spam
"We're all getting worried over here, derek and taylor have already assumed the worst",legitimate,uci_sms_spam
Hey what's up charles sorry about the late reply.,legitimate,uci_sms_spam
"all the lastest from Stereophonics, Marley, Dizzee Racal, Libertines and The Strokes! Win Nookii games with Flirt!! Click TheMob WAP Bookmark or text WAP to 82468",scam,uci_sms_spam
I.ll give her once i have it. Plus she said grinule greet you whenever we speak,legitimate,uci_sms_spam
WHITE FUDGE OREOS ARE IN STORES,legitimate,uci_sms_spam
"January Male Sale! Hot Gay chat now cheaper, call 08709222922. National rate from 1.5p/min cheap to 7.8p/min peak! To stop texts call 08712460324 (10p/min)",scam,uci_sms_spam
My love ! How come it took you so long to leave for Zaher's? I got your words on ym and was happy to see them but was sad you had left. I miss you,legitimate,uci_sms_spam
I am sorry it hurt you.,legitimate,uci_sms_spam
Can't. I feel nauseous. I'm so pissed. I didn't eat any sweets all week cause today I was planning to pig out. I was dieting all week. And now I'm not hungry :/,legitimate,uci_sms_spam
Ok lor but not too early. Me still having project meeting now.,legitimate,uci_sms_spam
"Call me da, i am waiting for your call.",legitimate,uci_sms_spam
I could ask carlos if we could get more if anybody else can chip in,legitimate,uci_sms_spam
Was actually about to send you a reminder today. Have a wonderful weekend,legitimate,uci_sms_spam
"When people see my msgs, They think Iam addicted to msging... They are wrong, Bcoz They don\'t know that Iam addicted to my sweet Friends..!! BSLVYL",legitimate,uci_sms_spam
Hey you gave them your photo when you registered for driving ah? Tmr wanna meet at yck? ,legitimate,uci_sms_spam
Dont talk to him ever ok its my word.,legitimate,uci_sms_spam
When u wana see it then,legitimate,uci_sms_spam
On ma way to school. Can you pls send me ashley's number,legitimate,uci_sms_spam
It shall be fine. I have avalarr now. Will hollalater,legitimate,uci_sms_spam
She went to attend another two rounds today..but still did't reach home..,legitimate,uci_sms_spam
Actually i deleted my old website..now i m blogging at magicalsongs.blogspot.com,legitimate,uci_sms_spam
"K, wait chikku..il send aftr  &lt;#&gt; mins",legitimate,uci_sms_spam
But I'm on a diet. And I ate 1 too many slices of pizza yesterday. Ugh I'm ALWAYS on a diet.,legitimate,uci_sms_spam
K:)i will give my kvb acc details:),legitimate,uci_sms_spam
Oh all have to come ah?,legitimate,uci_sms_spam
money!!! you r a lucky winner ! 2 claim your prize text money 2 88600 over £1million to give away ! ppt150x3+normal text rate box403 w1t1jy,scam,uci_sms_spam
I'm really sorry i won't b able 2 do this friday.hope u can find an alternative.hope yr term's going ok:-),legitimate,uci_sms_spam
Congratulations ore mo owo re wa. Enjoy it and i wish you many happy moments to and fro wherever you go,legitimate,uci_sms_spam
So do you have samus shoulders yet,legitimate,uci_sms_spam
What time you think you'll have it? Need to know when I should be near campus,legitimate,uci_sms_spam
"Dear Matthew please call 09063440451 from a landline, your complimentary 4*Lux Tenerife holiday or £1000 CASH await collection. ppm150 SAE T&Cs Box334 SK38XH.",scam,uci_sms_spam
Then dun wear jeans lor...,legitimate,uci_sms_spam
"Since when, which side, any fever, any vomitin.",legitimate,uci_sms_spam
K:)k.are you in college?,legitimate,uci_sms_spam
"Urgent! call 09061749602 from Landline. Your complimentary 4* Tenerife Holiday or £10,000 cash await collection SAE T&Cs BOX 528 HP20 1YF 150ppm 18+",scam,uci_sms_spam
Better. Made up for Friday and stuffed myself like a pig yesterday. Now I feel bleh. But at least its not writhing pain kind of bleh.,legitimate,uci_sms_spam
No we sell it all so we'll have tons if coins. Then sell our coins to someone thru paypal. Voila! Money back in life pockets:),legitimate,uci_sms_spam
Theyre doing it to lots of places. Only hospitals and medical places are safe.,legitimate,uci_sms_spam
How about getting in touch with folks waiting for company? Just txt back your NAME and AGE to opt in! Enjoy the community (150p/SMS),scam,uci_sms_spam
And also I've sorta blown him off a couple times recently so id rather not text him out of the blue looking for weed,legitimate,uci_sms_spam
"I sent my scores to sophas and i had to do secondary application for a few schools. I think if you are thinking of applying, do a research on cost also. Contact joke ogunrinde, her school is one me the less expensive ones",legitimate,uci_sms_spam
I cant wait to see you! How were the photos were useful? :),legitimate,uci_sms_spam
Ur cash-balance is currently 500 pounds - to maximize ur cash-in now send GO to 86688 only 150p/msg. CC: 08718720201 PO BOX 114/14 TCR/W1,scam,uci_sms_spam
Hey i booked the kb on sat already... what other lessons are we going for ah? Keep your sat night free we need to meet and confirm our lodging ,legitimate,uci_sms_spam
Chk in ur belovd ms dict,legitimate,uci_sms_spam
Is that what time you want me to come?,legitimate,uci_sms_spam
"Awesome, lemme know whenever you're around",legitimate,uci_sms_spam
Shb b ok lor... Thanx...,legitimate,uci_sms_spam
"Beautiful Truth against Gravity.. Read carefully: ""Our heart feels light when someone is in it.. But it feels very heavy when someone leaves it.."" GOOD NIGHT",legitimate,uci_sms_spam
Also remember to get dobby's bowl from your car,legitimate,uci_sms_spam
Filthy stories and GIRLS waiting for your,scam,uci_sms_spam
Sorry i now then c ur msg... Yar lor so poor thing... But only 4 one night... Tmr u'll have a brand new room 2 sleep in...,legitimate,uci_sms_spam
"Love isn't a decision, it's a feeling. If we could decide who to love, then, life would be much simpler, but then less magical",legitimate,uci_sms_spam
Welp apparently he retired,legitimate,uci_sms_spam
My sort code is  and acc no is . The bank is natwest. Can you reply to confirm i've sent this to the right person!,legitimate,uci_sms_spam
Where @,legitimate,uci_sms_spam
U sure u can't take any sick time?,legitimate,uci_sms_spam
URGENT! We are trying to contact U. Todays draw shows that you have won a £800 prize GUARANTEED. Call 09050001808 from land line. Claim M95. Valid12hrs only,scam,uci_sms_spam
Yo chad which gymnastics class do you wanna take? The site says Christians class is full..,legitimate,uci_sms_spam
Or better still can you catch her and let ask her if she can sell  &lt;#&gt;  for me.,legitimate,uci_sms_spam
I am not sure about night menu. . . I know only about noon menu,legitimate,uci_sms_spam
What do u want when i come back?.a beautiful necklace as a token of my heart for you.thats what i will give but ONLY to MY WIFE OF MY LIKING.BE THAT AND SEE..NO ONE can give you that.dont call me.i will wait till i come.,legitimate,uci_sms_spam
Are you willing to go for aptitude class.,legitimate,uci_sms_spam
"It wont b until 2.15 as trying 2 sort house out, is that ok?",legitimate,uci_sms_spam
"Yar lor he wan 2 go c horse racing today mah, so eat earlier lor. I ate chicken rice. U?",legitimate,uci_sms_spam
"Haha awesome, omw back now then",legitimate,uci_sms_spam
Yup i thk so until e shop closes lor.,legitimate,uci_sms_spam
what is your account number?,legitimate,uci_sms_spam
Eh u send wrongly lar...,legitimate,uci_sms_spam
Hey no I ad a crap nite was borin without ya 2 boggy with me u boring biatch! Thanx but u wait til nxt time il ave ya ,legitimate,uci_sms_spam
Ok i shall talk to him,legitimate,uci_sms_spam
Dont hesitate. You know this is the second time she has had weakness like that. So keep i notebook of what she eat and did the day before or if anything changed the day before so that we can be sure its nothing,legitimate,uci_sms_spam
Hey you can pay. With salary de. Only  &lt;#&gt; .,legitimate,uci_sms_spam
Another month. I need chocolate weed and alcohol.,legitimate,uci_sms_spam
If he started searching he will get job in few days.he have great potential and talent.,legitimate,uci_sms_spam
Reckon need to be in town by eightish to walk from * carpark.,legitimate,uci_sms_spam
"Congrats! 2 mobile 3G Videophones R yours. call 09063458130 now! videochat wid your mates, play java games, Dload polyPH music, noline rentl.",scam,uci_sms_spam
LOOK AT THE FUCKIN TIME. WHAT THE FUCK YOU THINK IS UP,legitimate,uci_sms_spam
Yo guess what I just dropped,legitimate,uci_sms_spam
Carlos says he'll be at mu in  &lt;#&gt;  minutes,legitimate,uci_sms_spam
I'm in office now . I will call you  &lt;#&gt;  min:),legitimate,uci_sms_spam
"Geeee ... I miss you already, you know ? Your all I can think about. Fuck, I can't wait till next year when we will be together ... *loving kiss*",legitimate,uci_sms_spam
"Yun ah.the ubi one say if ü wan call by tomorrow.call 67441233 look for irene.ere only got bus8,22,65,61,66,382. Ubi cres,ubi tech park.6ph for 1st 5wkg days.èn",legitimate,uci_sms_spam
Ugh. Gotta drive back to sd from la. My butt is sore.,legitimate,uci_sms_spam
26th OF JULY,legitimate,uci_sms_spam
Hi im having the most relaxing time ever! we have to get up at 7am every day! was the party good the other night? I get home tomorrow at 5ish.,legitimate,uci_sms_spam
Up to ü... Ü wan come then come lor... But i din c any stripes skirt...,legitimate,uci_sms_spam
The Xmas story is peace.. The Xmas msg is love.. The Xmas miracle is jesus.. Hav a blessed month ahead &amp; wish U Merry Xmas...,legitimate,uci_sms_spam
"I can't, I don't have her number!",legitimate,uci_sms_spam
Change again... It's e one next to escalator...,legitimate,uci_sms_spam
Yetunde i'm in class can you not run water on it to make it ok. Pls now.,legitimate,uci_sms_spam
Not a lot has happened here. Feels very quiet. Beth is at her aunts and charlie is working lots. Just me and helen in at the mo. How have you been? ,legitimate,uci_sms_spam
Then ü wait 4 me at bus stop aft ur lect lar. If i dun c ü then i go get my car then come back n pick ü.,legitimate,uci_sms_spam
"Aight will do, thanks again for comin out",legitimate,uci_sms_spam
No..but heard abt tat..,legitimate,uci_sms_spam
&lt;#&gt;  am I think? Should say on syllabus,legitimate,uci_sms_spam
Umma. Did she say anything,legitimate,uci_sms_spam
Give me a sec to think think about it,legitimate,uci_sms_spam
Panasonic & BluetoothHdset FREE. Nokia FREE. Motorola FREE & DoubleMins & DoubleTxt on Orange contract. Call MobileUpd8 on 08000839402 or call 2optout,scam,uci_sms_spam
I don't quite know what to do. I still can't get hold of anyone. I cud pick you up bout 7.30pm and we can see if they're in the pub?,legitimate,uci_sms_spam
"Poyyarikatur,kolathupalayam,unjalur post,erode dis, &lt;#&gt; .",legitimate,uci_sms_spam
"Dear Hero,i am leaving to qatar tonite for an apt opportunity.pls do keep in touch at  &lt;EMAIL&gt; ,kerala",legitimate,uci_sms_spam
Lol I would but my mom would have a fit and tell the whole family how crazy and terrible I am,legitimate,uci_sms_spam
"I just got home babe, are you still awake ?",legitimate,uci_sms_spam
I dunno they close oredi not... Ü v ma fan...,legitimate,uci_sms_spam
Just buy a pizza. Meat lovers or supreme. U get to pick.,legitimate,uci_sms_spam
"Ya, told..she was asking wats matter?",legitimate,uci_sms_spam
"Dear,regret i cudnt pick call.drove down frm ctla now at cochin home.left mobile in car..ente style ishtamayoo?happy bakrid!",legitimate,uci_sms_spam
FREE for 1st week! No1 Nokia tone 4 ur mob every week just txt NOKIA to 8007 Get txting and tell ur mates www.getzed.co.uk POBox 36504 W45WQ norm150p/tone 16+,scam,uci_sms_spam
Shall i send that exe to your mail id.,legitimate,uci_sms_spam
Nope watching tv at home... Not going out. V bored...,legitimate,uci_sms_spam
Don know..wait i will check it.,legitimate,uci_sms_spam
"Good afternoon on this glorious anniversary day, my sweet J !! I hope this finds you happy and content, my Prey. I think of you and send a teasing kiss from across the sea coaxing images of fond souveniers ... You Cougar-Pen",legitimate,uci_sms_spam
Guess what! Somebody you know secretly fancies you! Wanna find out who it is? Give us a call on 09065394514 From Landline DATEBox1282EssexCM61XN 150p/min 18,scam,uci_sms_spam
We still on for tonight?,legitimate,uci_sms_spam
May i call You later Pls,legitimate,uci_sms_spam
Hasn't that been the pattern recently crap weekends?,legitimate,uci_sms_spam
I have a sore throat. It's scratches when I talk,legitimate,uci_sms_spam
Yes da. Any plm at ur office,legitimate,uci_sms_spam
Are you not around or just still asleep? :V,legitimate,uci_sms_spam
"Lol you forgot it eh ? Yes, I'll bring it in babe",legitimate,uci_sms_spam
"Its good, we'll find a way",legitimate,uci_sms_spam
Can not use foreign stamps in this country. Good lecture .,legitimate,uci_sms_spam
Yup bathe liao...,legitimate,uci_sms_spam
HAPPY NEW YEAR MY NO.1 MAN,legitimate,uci_sms_spam
"OH MR SHEFFIELD! You wanna play THAT game, okay. You're the boss and I'm the nanny. You give me a raise and I'll give YOU one!!",legitimate,uci_sms_spam
ZOE IT JUST HIT ME 2 IM FUCKING SHITIN MYSELF IL DEFO TRY MY HARDEST 2 CUM 2MOROW LUV U MILLIONS LEKDOG,legitimate,uci_sms_spam
"Hello baby, did you get back to your mom's ? Are you setting up the computer now ? Filling your belly ? How goes it loverboy ? I miss you already ... *sighs*",legitimate,uci_sms_spam
"No my blankets are sufficient, thx",legitimate,uci_sms_spam
"naughty little thought: 'its better to flirt, flirt n flirt, rather than loving someone n gettin hurt, hurt n hurt...:-) Gud nyt",legitimate,uci_sms_spam
"Edison has rightly said, ""A fool can ask more questions than a wise man can answer"" Now you know why all of us are speechless during ViVa.. GM,GN,GE,GNT:-)",legitimate,uci_sms_spam
They just talking thats it de. They wont any other.,legitimate,uci_sms_spam
Today am going to college so am not able to atten the class.,legitimate,uci_sms_spam
I'm in class. Will holla later,legitimate,uci_sms_spam
Mmm thats better now i got a roast down me! id b better if i had a few drinks down me 2! Good indian?,legitimate,uci_sms_spam
"We know someone who you know that fancies you. Call 09058097218 to find out who. POBox 6, LS15HB 150p",scam,uci_sms_spam
"Come round, it's . ",legitimate,uci_sms_spam
"Do 1 thing! Change that sentence into: ""Because i want 2 concentrate in my educational career im leaving here..""",legitimate,uci_sms_spam
"1000's flirting NOW! Txt GIRL or BLOKE & ur NAME & AGE, eg GIRL ZOE 18 to 8007 to join and get chatting!",scam,uci_sms_spam
I walked an hour 2 c u! doesnt that show I care y wont u believe im serious?,legitimate,uci_sms_spam
18 days to Euro2004 kickoff! U will be kept informed of all the latest news and results daily. Unsubscribe send GET EURO STOP to 83222.,scam,uci_sms_spam
Are you available for soiree on June 3rd?,legitimate,uci_sms_spam
Do u noe wat time e place dat sells 4d closes?,legitimate,uci_sms_spam
"I got another job! The one at the hospital doing data analysis or something, starts on monday! Not sure when my thesis will got finished",legitimate,uci_sms_spam
Jay's getting really impatient and belligerent,legitimate,uci_sms_spam
HIYA COMIN 2 BRISTOL 1 ST WEEK IN APRIL. LES GOT OFF + RUDI ON NEW YRS EVE BUT I WAS SNORING.THEY WERE DRUNK! U BAK AT COLLEGE YET? MY WORK SENDS INK 2 BATH.,legitimate,uci_sms_spam
I'm at work. Please call,legitimate,uci_sms_spam
Then u drive lor.,legitimate,uci_sms_spam
Ard 515 like dat. Y?,legitimate,uci_sms_spam
Tell me they're female :V how're you throwing in? We're deciding what all to get now,legitimate,uci_sms_spam
EASTENDERS TV Quiz. What FLOWER does DOT compare herself to? D= VIOLET E= TULIP F= LILY txt D E or F to 84025 NOW 4 chance 2 WIN £100 Cash WKENT/150P16+,scam,uci_sms_spam
I'm working technical support :)voice process.networking field.,legitimate,uci_sms_spam
I might come to kerala for 2 days.so you can be prepared to take a leave once i finalise .dont plan any travel during my visit.need to finish urgent works.,legitimate,uci_sms_spam
Ok. Not sure what time tho as not sure if can get to library before class. Will try. See you at some point! Have good eve.,legitimate,uci_sms_spam
We have new local dates in your area - Lots of new people registered in YOUR AREA. Reply DATE to start now! 18 only www.flirtparty.us REPLYS150,scam,uci_sms_spam
"That's fine, I'll bitch at you about it later then",legitimate,uci_sms_spam
No my mum went 2 dentist.,legitimate,uci_sms_spam
Once free call me sir. I am waiting for you.,legitimate,uci_sms_spam
Meeting u is my work. . . Tel me when shall i do my work tomorrow,legitimate,uci_sms_spam
Someone U know has asked our dating service 2 contact you! Cant Guess who? CALL 09058091854 NOW all will be revealed. PO BOX385 M6 6WU,scam,uci_sms_spam
Jus finish bathing...,legitimate,uci_sms_spam
"alright, I'll make sure the car is back tonight",legitimate,uci_sms_spam
URGENT! We are trying to contact U. Todays draw shows that you have won a £800 prize GUARANTEED. Call 09050003091 from land line. Claim C52. Valid12hrs only,scam,uci_sms_spam
Dear U've been invited to XCHAT. This is our final attempt to contact u! Txt CHAT to 86688,scam,uci_sms_spam
Lul im gettin some juicy gossip at the hospital. Two nurses are talking about how fat they are gettin. And one thinks shes obese. Oyea.,legitimate,uci_sms_spam
Aight ill get on fb in a couple minutes,legitimate,uci_sms_spam
Oi. Ami parchi na re. Kicchu kaaj korte iccha korche na. Phone ta tul na. Plz. Plz.,legitimate,uci_sms_spam
Where can download clear movies. Dvd copies.,legitimate,uci_sms_spam
"Yep, by the pretty sculpture",legitimate,uci_sms_spam
Convey my regards to him,legitimate,uci_sms_spam
Me too watching surya movie only. . .after 6 pm vijay movie POKKIRI,legitimate,uci_sms_spam
You tell what happen dont behave like this to me. Ok no need to say,legitimate,uci_sms_spam
Can u get pic msgs to your phone?,legitimate,uci_sms_spam
Send to someone else :-),legitimate,uci_sms_spam
Wat makes some people dearer is not just de happiness dat u feel when u meet them but de pain u feel when u miss dem!!!,legitimate,uci_sms_spam
For me the love should start with attraction.i should feel that I need her every time around me.she should be the first thing which comes in my thoughts.I would start the day and end it with her.she should be there every time I dream.love will be then when my every breath has her name.my life should happen around her.my life will be named to her.I would cry for her.will give all my happiness and take all her sorrows.I will be ready to fight with anyone for her.I will be in love when I will be doing the craziest things for her.love will be when I don't have to proove anyone that my girl is the most beautiful lady on the whole planet.I will always be singing praises for her.love will be when I start up making chicken curry and end up makiing sambar.life will be the most beautiful then.will get every morning and thank god for the day because she is with me.I would like to say a lot..will tell later..,legitimate,uci_sms_spam
"FR'NDSHIP is like a needle of a clock. Though V r in d same clock, V r nt able 2 met. Evn if V meet,itz only 4few seconds. Bt V alwys stay conected. Gud 9t;-)",legitimate,uci_sms_spam
I don't think he has spatula hands!,legitimate,uci_sms_spam
You can never do NOTHING,legitimate,uci_sms_spam
You are awarded a SiPix Digital Camera! call 09061221061 from landline. Delivery within 28days. T Cs Box177. M221BP. 2yr warranty. 150ppm. 16 . p p£3.99,scam,uci_sms_spam
Goodmorning today i am late for  &lt;DECIMAL&gt; min.,legitimate,uci_sms_spam
WIN URGENT! Your mobile number has been awarded with a £2000 prize GUARANTEED call 09061790121 from land line. claim 3030 valid 12hrs only 150ppm ,scam,uci_sms_spam
Please da call me any mistake from my side sorry da. Pls da goto doctor.,legitimate,uci_sms_spam
Where r we meeting?,legitimate,uci_sms_spam
"Well the weather in cali's great. But its complexities are great. You need a car to move freely, its taxes are outrageous. But all in all its a great place. The sad part is i missing home.",legitimate,uci_sms_spam
Now only i reached home. . . I am very tired now. . I will come tomorro,legitimate,uci_sms_spam
Ryder unsold.now gibbs.,legitimate,uci_sms_spam
Dear Subscriber ur draw 4 £100 gift voucher will b entered on receipt of a correct ans. When was Elvis Presleys Birthday? TXT answer to 80062,scam,uci_sms_spam
Don't fret. I'll buy the ovulation test strips and send them to you. You wont get them til like march. Can you send me your postal address.u'll be alright.Okay.,legitimate,uci_sms_spam
NO GIFTS!! You trying to get me to throw myself off a cliff or something?,legitimate,uci_sms_spam
Been up to ne thing interesting. Did you have a good birthday? When are u wrking nxt? I started uni today.,legitimate,uci_sms_spam
You busy or can I come by at some point and figure out what we're doing tomorrow,legitimate,uci_sms_spam
"Yeah go on then, bored and depressed sittin waitin for phone to ring... Hope the wind drops though, scary",legitimate,uci_sms_spam
Black shirt n blue jeans... I thk i c ü...,legitimate,uci_sms_spam
Aiyah sorry lor... I watch tv watch until i forgot 2 check my phone.,legitimate,uci_sms_spam
Message Important information for O2 user. Today is your lucky day! 2 find out why log onto http://www.urawinner.com there is a fantastic surprise awaiting you,scam,uci_sms_spam
on hen night. Going with a swing,legitimate,uci_sms_spam
"Good afternoon, my love. How goes your day ? What are you up to ? I woke early and am online waiting for you ... Hmmm ... Italian boy is online I see . *grins*",legitimate,uci_sms_spam
From someone not to smoke when every time I've smoked in the last two weeks is because of you calling or texting me that you wanted to smoke,legitimate,uci_sms_spam
No you'll just get a headache trying to figure it out. U can trust me to do the math. I promise. O:-),legitimate,uci_sms_spam
S s..first time..dhoni rocks...,legitimate,uci_sms_spam
Ok ill tell the company,legitimate,uci_sms_spam
"Awesome, think we can get an 8th at usf some time tonight?",legitimate,uci_sms_spam
So that means you still think of teju,legitimate,uci_sms_spam
"No I'm good for the movie, is it ok if I leave in an hourish?",legitimate,uci_sms_spam
No no:)this is kallis home ground.amla home town is durban:),legitimate,uci_sms_spam
So lets make it saturday or monday as per convenience.,legitimate,uci_sms_spam
Hey... What time is your driving on fri? We go for evaluation on fri?,legitimate,uci_sms_spam
"449050000301 You have won a £2,000 price! To claim, call 09050000301.",scam,uci_sms_spam
I'm going 4 lunch now wif my family then aft dat i go str 2 orchard lor.,legitimate,uci_sms_spam
"Bored of speed dating? Try SPEEDCHAT, txt SPEEDCHAT to 80155, if you don't like em txt SWAP and get a new chatter! Chat80155 POBox36504W45WQ 150p/msg rcd 16",scam,uci_sms_spam
Cancel cheyyamo?and get some money back?,legitimate,uci_sms_spam
Do you want 750 anytime any network mins 150 text and a NEW video phone for only five pounds per week call 08000776320 now or reply for delivery Tomorrow,scam,uci_sms_spam
Ok.ok ok..then..whats ur todays plan,legitimate,uci_sms_spam
Good morning princess! How are you?,legitimate,uci_sms_spam
Aiyar sorry lor forgot 2 tell u...,legitimate,uci_sms_spam
For taking part in our mobile survey yesterday! You can now have 500 texts 2 use however you wish. 2 get txts just send TXT to 80160 T&C www.txt43.com 1.50p,scam,uci_sms_spam
Not tonight mate. Catching up on some sleep. This is my new number by the way. ,legitimate,uci_sms_spam
"Height of ""Oh shit....!!"" situation: A guy throws a luv letter on a gal but falls on her brothers head whos a gay,.;-):-D",legitimate,uci_sms_spam
Ur HMV Quiz cash-balance is currently £500 - to maximize ur cash-in now send HMV1 to 86688 only 150p/msg,scam,uci_sms_spam
"So check your errors and if you had difficulties, do correction.",legitimate,uci_sms_spam
Howz pain?hope u r fine..,legitimate,uci_sms_spam
U wake up already? Thanx 4 e tau sar piah it's quite nice.,legitimate,uci_sms_spam
K do I need a login or anything,legitimate,uci_sms_spam
Dont forget you can place as many FREE Requests with 1stchoice.co.uk as you wish. For more Information call 08707808226.,scam,uci_sms_spam
LOL ... No just was busy,legitimate,uci_sms_spam
What * u wearing?,legitimate,uci_sms_spam
Oh:)as usual vijay film or its different?,legitimate,uci_sms_spam
I don't know u and u don't know me. Send CHAT to 86688 now and let's find each other! Only 150p/Msg rcvd. HG/Suite342/2Lands/Row/W1J6HL LDN. 18 years or over.,scam,uci_sms_spam
Have you had a good day? Mine was really busy are you up to much tomorrow night?,legitimate,uci_sms_spam
And is there a way you can send shade's stuff to her. And she has been wonderful too.,legitimate,uci_sms_spam
Really... I tot ur paper ended long ago... But wat u copied jus now got use? U happy lar... I still haf 2 study :-(,legitimate,uci_sms_spam
"Thank you, winner notified by sms. Good Luck! No future marketing reply STOP to 84122 customer services 08450542832",scam,uci_sms_spam
Babe ? I lost you ... :-(,legitimate,uci_sms_spam
Ok... Help me ask if she's working tmr a not?,legitimate,uci_sms_spam
I'm not driving... Raining! Then i'll get caught at e mrt station lor.,legitimate,uci_sms_spam
Not a drop in the tank,legitimate,uci_sms_spam
(That said can you text him one more time?),legitimate,uci_sms_spam
Ok i go change also...,legitimate,uci_sms_spam
1000's of girls many local 2 u who r virgins 2 this & r ready 2 4fil ur every sexual need. Can u 4fil theirs? text CUTE to 69911(£1.50p. m),scam,uci_sms_spam
Did u find a sitter for kaitlyn? I was sick and slept all day yesterday.,legitimate,uci_sms_spam
"Sorry man, accidentally left my phone on silent last night and didn't check it til I got up",legitimate,uci_sms_spam
Hey.. Something came up last min.. Think i wun be signing up tmr.. Hee,legitimate,uci_sms_spam
He's an adult and would learn from the experience. There's no real danger. I just dont like peeps using drugs they dont need. But no comment,legitimate,uci_sms_spam
Hey! There's veggie pizza... :/,legitimate,uci_sms_spam
Yun buying... But school got offer 2000 plus only...,legitimate,uci_sms_spam
You sure your neighbors didnt pick it up,legitimate,uci_sms_spam
K. I will sent it again,legitimate,uci_sms_spam
Well. Im computerless. Time to make some oreo truffles,legitimate,uci_sms_spam
"Haha yeah I see that now, be there in a sec",legitimate,uci_sms_spam
I am not having her number sir,legitimate,uci_sms_spam
Lol now I'm after that hot air balloon!,legitimate,uci_sms_spam
Ok . . now i am in bus. . If i come soon i will come otherwise tomorrow,legitimate,uci_sms_spam
Msgs r not time pass.They silently say that I am thinking of U right now and also making U think of me at least 4 a moment. Gd nt.swt drms @Shesil,legitimate,uci_sms_spam
"Yeah, we can probably swing by once my roommate finishes up with his girl",legitimate,uci_sms_spam
"Got what it takes 2 take part in the WRC Rally in Oz? U can with Lucozade Energy! Text RALLY LE to 61200 (25p), see packs or lucozade.co.uk/wrc & itcould be u!",scam,uci_sms_spam
Happy new years melody!,legitimate,uci_sms_spam
Ü dun need to pick ur gf?,legitimate,uci_sms_spam
Yay! You better not have told that to 5 other girls either.,legitimate,uci_sms_spam
Horrible u eat macs eat until u forgot abt me already rite... U take so long 2 reply. I thk it's more toot than b4 so b prepared. Now wat shall i eat?,legitimate,uci_sms_spam
"Did he say how fantastic I am by any chance, or anything need a bigger life lift as losing the will 2 live, do you think I would be the first person 2 die from N V Q? ",legitimate,uci_sms_spam
Just nw i came to hme da..,legitimate,uci_sms_spam
"I'm outside islands, head towards hard rock and you'll run into me",legitimate,uci_sms_spam
To day class is there are no class.,legitimate,uci_sms_spam
I'm in chennai velachery:),legitimate,uci_sms_spam
You flippin your shit yet?,legitimate,uci_sms_spam
"K give me a sec, breaking a  &lt;#&gt;  at cstore",legitimate,uci_sms_spam
Am i that much bad to avoid like this?,legitimate,uci_sms_spam
"Yo, you around? Just got my car back",legitimate,uci_sms_spam
Annoying isn't it.,legitimate,uci_sms_spam
"Goodmorning, Today i am late for  &lt;#&gt; min.",legitimate,uci_sms_spam
There's no point hangin on to mr not right if he's not makin u happy,legitimate,uci_sms_spam
All will come alive.better correct any good looking figure there itself..,legitimate,uci_sms_spam
In that case I guess I'll see you at campus lodge,legitimate,uci_sms_spam
We're done...,legitimate,uci_sms_spam
Come to my home for one last time i wont do anything. Trust me.,legitimate,uci_sms_spam
I was up all night too worrying about this appt. It's a shame we missed a girls night out with quizzes popcorn and you doing my hair.,legitimate,uci_sms_spam
Sex up ur mobile with a FREE sexy pic of Jordan! Just text BABE to 88600. Then every wk get a sexy celeb! PocketBabe.co.uk 4 more pics. 16 £3/wk 087016248,scam,uci_sms_spam
Ok... C ya...,legitimate,uci_sms_spam
You have 1 new voicemail. Please call 08719181503,scam,uci_sms_spam
What he said is not the matter. My mind saying some other matter is there.,legitimate,uci_sms_spam
"Al he does is moan at me if n e thin goes wrong its my fault&al de arguments r my fault&fed up of him of himso y bother? Hav 2go, thanx.xx",legitimate,uci_sms_spam
NEFT Transaction with reference number  &lt;#&gt;  for Rs. &lt;DECIMAL&gt;  has been credited to the beneficiary account on  &lt;#&gt;  at  &lt;TIME&gt; : &lt;#&gt;,legitimate,uci_sms_spam
Otherwise had part time job na-tuition..,legitimate,uci_sms_spam
I know she called me,legitimate,uci_sms_spam
"Me also da, i feel yesterday night  wait til 2day night dear.",legitimate,uci_sms_spam
Thanks for understanding. I've been trying to tell sura that.,legitimate,uci_sms_spam
WIN a year supply of CDs 4 a store of ur choice worth £500 & enter our £100 Weekly draw txt MUSIC to 87066 Ts&Cs www.Ldew.com.subs16+1win150ppmx3,scam,uci_sms_spam
The whole car appreciated the last two! Dad and are having a map reading semi argument but apart from that things are going ok. P.,legitimate,uci_sms_spam
"As a SIM subscriber, you are selected to receive a Bonus! Get it delivered to your door, Txt the word OK to No: 88600 to claim. 150p/msg, EXP. 30Apr",scam,uci_sms_spam
I need you to be in my strong arms...,legitimate,uci_sms_spam
Also maaaan are you missing out,legitimate,uci_sms_spam
His bday real is in april .,legitimate,uci_sms_spam
Guessin you ain't gonna be here before 9?,legitimate,uci_sms_spam
Ok then i will come to ur home after half an hour,legitimate,uci_sms_spam
"Yo, the game almost over? Want to go to walmart soon",legitimate,uci_sms_spam
"Yeah, probably but not sure. Ilol let u know, but personally I wuldnt bother, then again if ur goin to then I mite as well!!",legitimate,uci_sms_spam
I'll text now! All creepy like so he won't think that we forgot,legitimate,uci_sms_spam
"that would be good … I'll phone you tomo lunchtime, shall I, to organise something?",legitimate,uci_sms_spam
You have 1 new voicemail. Please call 08719181513.,scam,uci_sms_spam
"Damn, can you make it tonight or do you want to just wait til tomorrow",legitimate,uci_sms_spam
K..k..i'm also fine:)when will you complete the course?,legitimate,uci_sms_spam
"True. It is passable. And if you get a high score and apply for phd, you get 5years of salary. So it makes life easier.",legitimate,uci_sms_spam
No. 1 Nokia Tone 4 ur mob every week! Just txt NOK to 87021. 1st Tone FREE ! so get txtin now and tell ur friends. 150p/tone. 16 reply HL 4info,scam,uci_sms_spam
Prakesh is there know.,legitimate,uci_sms_spam
Teach me apps da. When you come to college.,legitimate,uci_sms_spam
Rofl betta invest in some  anti aging products,legitimate,uci_sms_spam
"sir, you will receive the account no another 1hr time. Sorry for the delay.",legitimate,uci_sms_spam
Reply with your name and address and YOU WILL RECEIVE BY POST a weeks completely free accommodation at various global locations www.phb1.com ph:08700435505150p,scam,uci_sms_spam
So ü'll be submitting da project tmr rite?,legitimate,uci_sms_spam
FREE entry into our £250 weekly comp just send the word ENTER to 84128 NOW. 18 T&C www.textcomp.com cust care 08712405020.,scam,uci_sms_spam
Jus ans me lar. U'll noe later.,legitimate,uci_sms_spam
I want to send something that can sell fast.  &lt;#&gt; k is not easy money.,legitimate,uci_sms_spam
have got * few things to do. may be in * pub later.,legitimate,uci_sms_spam
1's finish meeting call me.,legitimate,uci_sms_spam
Lol ok. I'll snatch her purse too.,legitimate,uci_sms_spam
Hello-/@drivby-:0quit edrunk sorry iff pthis makes no senrd-dnot no how ^ dancce 2 drum n basq!ihave fun 2nhite x ros xxxxxxx,legitimate,uci_sms_spam
How much are we getting?,legitimate,uci_sms_spam
Is ur paper in e morn or aft tmr?,legitimate,uci_sms_spam
"Dear relieved of westonzoyland, all going to plan this end too!",legitimate,uci_sms_spam
Hope you are having a great new semester. Do wish you the very best. You are made for greatness.,legitimate,uci_sms_spam
Oh yes I can speak txt 2 u no! Hmm. Did u get  email?,legitimate,uci_sms_spam
"I want to show you the world, princess :) how about europe?",legitimate,uci_sms_spam
Nobody can decide where to eat and dad wants Chinese,legitimate,uci_sms_spam
No shoot me. I'm in the docs waiting room. :/,legitimate,uci_sms_spam
Now? I'm going out 4 dinner soon..,legitimate,uci_sms_spam
Hello which the site to download songs its urgent pls,legitimate,uci_sms_spam
"I do know what u mean,  is the king of not havin credit! I'm goin2bed now. Night night sweet! Only1more sleep! ",legitimate,uci_sms_spam
Horrible gal. Me in sch doing some stuff. How come u got mc?,legitimate,uci_sms_spam
"HI HUN! IM NOT COMIN 2NITE-TELL EVERY1 IM SORRY 4 ME, HOPE U AVA GOODTIME!OLI RANG MELNITE IFINK IT MITE B SORTED,BUT IL EXPLAIN EVERYTHIN ON MON.L8RS.x",legitimate,uci_sms_spam
Please CALL 08712402779 immediately as there is an urgent message waiting for you,scam,uci_sms_spam
Yeah like if it goes like it did with my friends imma flip my shit in like half an hour,legitimate,uci_sms_spam
Mum say we wan to go then go... Then she can shun bian watch da glass exhibition... ,legitimate,uci_sms_spam
What your plan for pongal?,legitimate,uci_sms_spam
Just wait till end of march when el nino gets himself. Oh.,legitimate,uci_sms_spam
"Not yet chikku..going to room nw, i'm in bus..",legitimate,uci_sms_spam
Am also doing in cbe only. But have to pay.,legitimate,uci_sms_spam
Honey boo I'm missing u.,legitimate,uci_sms_spam
"We have sent JD for Customer Service cum Accounts Executive to ur mail id, For details contact us",legitimate,uci_sms_spam
"Yo, I'm at my parents' gettin cash. Good news: we picked up a downstem",legitimate,uci_sms_spam
"Thank you so much. When we skyped wit kz and sura, we didnt get the pleasure of your company. Hope you are good. We've given you ultimatum oh! We are countin down to aburo. Enjoy!",legitimate,uci_sms_spam
"Hungry gay guys feeling hungry and up 4 it, now. Call 08718730555 just 10p/min. To stop texts call 08712460324 (10p/min)",scam,uci_sms_spam
Ok. No wahala. Just remember that a friend in need ...,legitimate,uci_sms_spam
I will see in half an hour,legitimate,uci_sms_spam
"Im in inperialmusic listening2the weirdest track ever byleafcutter john-sounds like insects being molested&someone plumbing,remixed by evil men on acid!",legitimate,uci_sms_spam
"Hey sorry I didntgive ya a a bellearlier hunny,just been in bedbut mite go 2 thepub l8tr if uwana mt up?loads a luv Jenxxx.",legitimate,uci_sms_spam
SERIOUSLY. TELL HER THOSE EXACT WORDS RIGHT NOW.,legitimate,uci_sms_spam
Can U get 2 phone NOW? I wanna chat 2 set up meet Call me NOW on 09096102316 U can cum here 2moro Luv JANE xx Calls£1/minmoremobsEMSPOBox45PO139WA,scam,uci_sms_spam
"Tee hee. Off to lecture, cheery bye bye.",legitimate,uci_sms_spam
"Sorry chikku, my cell got some problem thts y i was nt able to reply u or msg u..",legitimate,uci_sms_spam
If you still havent collected the dough pls let me know so i can go to the place i sent it to get the control number,legitimate,uci_sms_spam
Ok...,legitimate,uci_sms_spam
network operator. The service is free. For T & C's visit 80488.biz,scam,uci_sms_spam
Let me know how to contact you. I've you settled in a room. Lets know you are ok.,legitimate,uci_sms_spam
Wot u up 2 u weirdo?,legitimate,uci_sms_spam
Can do lor...,legitimate,uci_sms_spam
Dont put your phone on silent mode ok,legitimate,uci_sms_spam
Can i meet ü at 5.. As 4 where depends on where ü wan 2 in lor..,legitimate,uci_sms_spam
Waiting 4 my tv show 2 start lor... U leh still busy doing ur report?,legitimate,uci_sms_spam
Oh ho. Is this the first time u use these type of words,legitimate,uci_sms_spam
Am I the only one who doesn't stalk profiles?,legitimate,uci_sms_spam
"Ever green quote ever told by Jerry in cartoon ""A Person Who Irritates u Always Is the one Who Loves u Vry Much But Fails to Express It...!..!! :-) :-) gud nyt",legitimate,uci_sms_spam
Yes i thought so. Thanks.,legitimate,uci_sms_spam
But if she.s drinkin i'm ok.,legitimate,uci_sms_spam
"Just wondering, the others just took off",legitimate,uci_sms_spam
"Night has ended for another day, morning has come in a special way. May you smile like the sunny rays and leaves your worries at the blue blue bay. Gud mrng",legitimate,uci_sms_spam
"What do you do, my dog ? Must I always wait till the end of your day to have word from you ? Did you run out of time on your cell already?",legitimate,uci_sms_spam
Happy new year to u too!,legitimate,uci_sms_spam
"Hey...Great deal...Farm tour 9am to 5pm $95/pax, $50 deposit by 16 May",legitimate,uci_sms_spam
Eat jap done oso aft ur lect wat... Ü got lect at 12 rite... ,legitimate,uci_sms_spam
"Hey babe! I saw you came online for a second and then you disappeared, what happened ?",legitimate,uci_sms_spam
Da my birthdate in certificate is in april but real date is today. But dont publish it. I shall give you a special treat if you keep the secret. Any way thanks for the wishes,legitimate,uci_sms_spam
Happy birthday... May all ur dreams come true...,legitimate,uci_sms_spam
Aiyah u did ok already lar. E nydc at wheellock?,legitimate,uci_sms_spam
TELL HER I SAID EAT SHIT.,legitimate,uci_sms_spam
Sure! I am driving but will reach my destination soon.,legitimate,uci_sms_spam
"K so am I, how much for an 8th? Fifty?",legitimate,uci_sms_spam
Your daily text from me – a favour this time,legitimate,uci_sms_spam
Great to hear you are settling well. So what's happenin wit ola?,legitimate,uci_sms_spam
Those cocksuckers. If it makes you feel better ipads are worthless garbage novelty items and you should feel bad for even wanting one,legitimate,uci_sms_spam
I tot u reach liao. He said t-shirt.,legitimate,uci_sms_spam
"FRAN I DECIDED 2 GO N E WAY IM COMPLETELY BROKE AN KNACKERED I GOT UP BOUT 3 C U 2MRW LOVE JANX P.S THIS IS MY DADS FONE, -NO CREDIT",legitimate,uci_sms_spam
Your right! I'll make the appointment right now.,legitimate,uci_sms_spam
Designation is software developer and may be she get chennai:),legitimate,uci_sms_spam
Enjoy the jamster videosound gold club with your credits for 2 new videosounds+2 logos+musicnews! get more fun from jamster.co.uk! 16+only Help? call: 09701213186 ,scam,uci_sms_spam
"Get 3 Lions England tone, reply lionm 4 mono or lionp 4 poly. 4 more go 2 www.ringtones.co.uk, the original n best. Tones 3GBP network operator rates apply",scam,uci_sms_spam
I jokin oni lar.. Ü busy then i wun disturb ü.,legitimate,uci_sms_spam
"Ok, be careful ! Don't text and drive !",legitimate,uci_sms_spam
"I.ll always be there, even if its just in spirit. I.ll get a bb soon. Just trying to be sure i need it.",legitimate,uci_sms_spam
U r too much close to my heart. If u go away i will be shattered. Plz stay with me.,legitimate,uci_sms_spam
I love u 2 babe! R u sure everything is alrite. Is he being an idiot? Txt bak girlie,legitimate,uci_sms_spam
How abt making some of the pics bigger?,legitimate,uci_sms_spam
Got but got 2 colours lor. One colour is quite light n e other is darker lor. Actually i'm done she's styling my hair now.,legitimate,uci_sms_spam
"Whenevr ur sad, Whenevr ur gray, Remembr im here 2 listn 2 watevr u wanna say, Jus walk wid me a little while,&amp; I promise I'll bring back ur smile.:-)",legitimate,uci_sms_spam
Why nothing. Ok anyway give me treat,legitimate,uci_sms_spam
"Win the newest “Harry Potter and the Order of the Phoenix (Book 5) reply HARRY, answer 5 questions - chance to be the first among readers!",scam,uci_sms_spam
Correct. So how was work today,legitimate,uci_sms_spam
"Just sent again. Do you scream and moan in bed, princess?",legitimate,uci_sms_spam
"I wake up long ago already... Dunno, what other thing?",legitimate,uci_sms_spam
Oh just getting even with u.... u?,legitimate,uci_sms_spam
I thk 50 shd be ok he said plus minus 10.. Did ü leave a line in between paragraphs?,legitimate,uci_sms_spam
Can you call me plz. Your number shows out of coveragd area. I have urgnt call in vasai &amp; have to reach before 4'o clock so call me plz,legitimate,uci_sms_spam
Yeah jay's sort of a fucking retard,legitimate,uci_sms_spam
"Sorry, was in the bathroom, sup",legitimate,uci_sms_spam
Ur balance is now £500. Ur next question is: Who sang 'Uptown Girl' in the 80's ? 2 answer txt ur ANSWER to 83600. Good luck!,scam,uci_sms_spam
My exam is for february 4. Wish you a great day.,legitimate,uci_sms_spam
I dont know what to do to come out of this so only am ask questions like this dont mistake me.,legitimate,uci_sms_spam
"Aight no rush, I'll ask jay",legitimate,uci_sms_spam
Good Morning plz call me sir,legitimate,uci_sms_spam
It's ok lar. U sleep early too... Nite...,legitimate,uci_sms_spam
"Oh... Icic... K lor, den meet other day...",legitimate,uci_sms_spam
"Oh ! A half hour is much longer in Syria than Canada, eh ? Wow you must get SO much more work done in a day than us with all that extra time ! *grins*",legitimate,uci_sms_spam
"Sometimes we put walls around our hearts,not just to be safe from getting hurt.. But to find out who cares enough to break the walls &amp; get closer.. GOODNOON:)",legitimate,uci_sms_spam
"Sweet, we may or may not go to 4U to meet carlos so gauge patty's interest in that",legitimate,uci_sms_spam
Then she buying today? Ü no need to c meh...,legitimate,uci_sms_spam
Aight sorry I take ten years to shower. What's the plan?,legitimate,uci_sms_spam
Every monday..nxt week vl be completing..,legitimate,uci_sms_spam
Might ax well im there.,legitimate,uci_sms_spam
Just chill for another 6hrs. If you could sleep the pain is not a surgical emergency so see how it unfolds. Okay,legitimate,uci_sms_spam
Yeah I'll try to scrounge something up,legitimate,uci_sms_spam
Crazy ar he's married. Ü like gd looking guys not me. My frens like say he's korean leona's fave but i dun thk he is. Aft some thinking mayb most prob i'll go.,legitimate,uci_sms_spam
Were somewhere on Fredericksburg,legitimate,uci_sms_spam
Que pases un buen tiempo or something like that,legitimate,uci_sms_spam
Is it ok if I stay the night here? Xavier has a sleeping bag and I'm getting tired,legitimate,uci_sms_spam
She doesnt need any test.,legitimate,uci_sms_spam
"Nothing much, chillin at home. Any super bowl plan?",legitimate,uci_sms_spam
"FREE2DAY sexy St George's Day pic of Jordan!Txt PIC to 89080 dont miss out, then every wk a saucy celeb!4 more pics c PocketBabe.co.uk 0870241182716 £3/wk",scam,uci_sms_spam
Bugis oso near wat... ,legitimate,uci_sms_spam
Yo theres no class tmrw right?,legitimate,uci_sms_spam
Let Ur Heart Be Ur Compass Ur Mind Ur Map Ur Soul Ur Guide And U Will Never loose in world....gnun - Sent via WAY2SMS.COM,legitimate,uci_sms_spam
"Goodnight, sleep well da please take care pa. Please.",legitimate,uci_sms_spam
Baaaaabe! I misss youuuuu ! Where are you ? I have to go and teach my class at 5 ...,legitimate,uci_sms_spam
U ned to convince him tht its not possible witot hurting his feeling its the main,legitimate,uci_sms_spam
"Good afternoon loverboy ! How goes you day ? Any luck come your way? I think of you, sweetie and send my love across the sea to make you smile and happy",legitimate,uci_sms_spam
If i start sending blackberry torch to nigeria will you find buyer for me?like 4a month. And tell dad not to buy bb from anyone oh.,legitimate,uci_sms_spam
"&lt;#&gt; %of pple marry with their lovers... becz they hav gud undrstndng dat avoids problems. i sent dis 2 u, u wil get gud news on friday by d person you like. And tomorrow will be the best day of your life. Dont break this chain. If you break you will suffer. send this to  &lt;#&gt;  frnds in &lt;#&gt;  mins whn u read...",legitimate,uci_sms_spam
Yo dude guess who just got arrested the other day,legitimate,uci_sms_spam
Shuhui say change 2 suntec steamboat? U noe where? Where r u now?,legitimate,uci_sms_spam
What does the dance river do?,legitimate,uci_sms_spam
"Yetunde, i'm sorry but moji and i seem too busy to be able to go shopping. Can you just please find some other way to get what you wanted us to get. Please forgive me. You can reply free via yahoo messenger.",legitimate,uci_sms_spam
Hey i will be really pretty late... You want to go for the lesson first? I will join you. I'm only reaching tp mrt,legitimate,uci_sms_spam
"HOT LIVE FANTASIES call now 08707509020 Just 20p per min NTT Ltd, PO Box 1327 Croydon CR9 5WB 0870..k",scam,uci_sms_spam
Bbq this sat at mine from 6ish. Ur welcome 2 come,legitimate,uci_sms_spam
"I don't know, same thing that's wrong everyso often, he panicks starts goin on bout not bein good enough …",legitimate,uci_sms_spam
Alright. I'm out--have a good night!,legitimate,uci_sms_spam
Did you try making another butt.,legitimate,uci_sms_spam
Hope you are feeling great. Pls fill me in. Abiola,legitimate,uci_sms_spam
I though we shd go out n have some fun so bar in town or something – sound ok?,legitimate,uci_sms_spam
"1) Go to write msg 2) Put on Dictionary mode 3)Cover the screen with hand, 4)Press  &lt;#&gt; . 5)Gently remove Ur hand.. Its interesting..:)",legitimate,uci_sms_spam
"Bears Pic Nick, and Tom, Pete and ... Dick. In fact, all types try gay chat with photo upload call 08718730666 (10p/min). 2 stop texts call 08712460324",scam,uci_sms_spam
"500 New Mobiles from 2004, MUST GO! Txt: NOKIA to No: 89545 & collect yours today!From ONLY £1 www.4-tc.biz 2optout 087187262701.50gbp/mtmsg18 TXTAUCTION",scam,uci_sms_spam
We're finally ready fyi,legitimate,uci_sms_spam
Auntie huai juan never pick up her phone,legitimate,uci_sms_spam
Double Mins & Double Txt & 1/2 price Linerental on Latest Orange Bluetooth mobiles. Call MobileUpd8 for the very latest offers. 08000839402 or call2optout/LF56,scam,uci_sms_spam
"Ya tel, wats ur problem..",legitimate,uci_sms_spam
i dnt wnt to tlk wid u,legitimate,uci_sms_spam
"We spend our days waiting for the ideal path to appear in front of us.. But what we forget is.. ""paths are made by walking.. not by waiting.."" Goodnight!",legitimate,uci_sms_spam
Its ok my arm is feeling weak cuz i got a shot so we can go another time,legitimate,uci_sms_spam
Please reserve ticket on saturday eve from chennai to thirunelvali and again from tirunelvali to chennai on sunday eve...i already see in net..no ticket available..i want to book ticket through tackle ..,legitimate,uci_sms_spam
"Storming msg: Wen u lift d phne, u say ""HELLO"" Do u knw wt is d real meaning of HELLO?? . . . It's d name of a girl..! . . . Yes.. And u knw who is dat girl?? ""Margaret Hello"" She is d girlfrnd f Grahmbell who invnted telphone... . . . . Moral:One can 4get d name of a person, bt not his girlfrnd... G o o d n i g h t . . .@",legitimate,uci_sms_spam
That's ok. I popped in to ask bout something and she said you'd been in. Are you around tonght wen this girl comes?,legitimate,uci_sms_spam
All e best 4 ur exam later.,legitimate,uci_sms_spam
Hope ur head doesn't hurt 2 much ! Am ploughing my way through a pile of ironing ! Staying in with a chinky tonight come round if you like.,legitimate,uci_sms_spam
Oh k.i think most of wi and nz players unsold.,legitimate,uci_sms_spam
"Haha... Where got so fast lose weight, thk muz go 4 a month den got effect... Gee,later we go aust put bk e weight.",legitimate,uci_sms_spam
"I wonder how you got online, my love ? Had you gone to the net cafe ? Did you get your phone recharged ? Were you on a friends net ? I think of you, boytoy",legitimate,uci_sms_spam
"Haha just kidding, papa needs drugs",legitimate,uci_sms_spam
"Thk shld b can... Ya, i wana go 4 lessons... Haha, can go for one whole stretch...",legitimate,uci_sms_spam
Oh ok..,legitimate,uci_sms_spam
R we still meeting 4 dinner tonight?,legitimate,uci_sms_spam
Thats cool! I am a gentleman and will treat you with dignity and respect.,legitimate,uci_sms_spam
Shall i start from hear.,legitimate,uci_sms_spam
Then we wait 4 u lor... No need 2 feel bad lar...,legitimate,uci_sms_spam
No did you check? I got his detailed message now,legitimate,uci_sms_spam
You have registered Sinco as Payee. Log in at icicibank.com and enter URN  &lt;#&gt;  to confirm. Beware of frauds. Do NOT share or disclose URN to anyone.,legitimate,uci_sms_spam
"No, I decided that only people who care about stuff vote and caring about stuff is for losers",legitimate,uci_sms_spam
Kaiez... Enjoy ur tuition... Gee... Thk e second option sounds beta... I'll go yan jiu den msg u...,legitimate,uci_sms_spam
cool. We will have fun practicing making babies!,legitimate,uci_sms_spam
Actually getting ready to leave the house.,legitimate,uci_sms_spam
K..k..any special today?,legitimate,uci_sms_spam
"URGENT, IMPORTANT INFORMATION FOR O2 USER. TODAY IS YOUR LUCKY DAY! 2 FIND OUT WHY LOG ONTO HTTP://WWW.URAWINNER.COM THERE IS A FANTASTIC SURPRISE AWAITING FOR YOU",scam,uci_sms_spam
Then we gotta do it after that,legitimate,uci_sms_spam
"I've got ten bucks, jay is being noncomittal",legitimate,uci_sms_spam
Where at were hungry too,legitimate,uci_sms_spam
Pls speak to that customer machan.,legitimate,uci_sms_spam
somewhere out there beneath the pale moon light someone think in of u some where out there where dreams come true... goodnite &amp; sweet dreams,legitimate,uci_sms_spam
Dear U've been invited to XCHAT. This is our final attempt to contact u! Txt CHAT to 86688 150p/MsgrcvdHG/Suite342/2Lands/Row/W1J6HL LDN 18 yrs,scam,uci_sms_spam
So wats ur opinion abt him and how abt is character?,legitimate,uci_sms_spam
Jay is snickering and tells me that x is totally fucking up the chords as we speak,legitimate,uci_sms_spam
No..few hours before.went to hair cut .,legitimate,uci_sms_spam
No wonder... Cos i dun rem seeing a silver car... But i thk i saw a black one...,legitimate,uci_sms_spam
Lmao. Take a pic and send it to me.,legitimate,uci_sms_spam
Speak only when you feel your words are better than the silence... Gud mrng:-),legitimate,uci_sms_spam
No. She's currently in scotland for that.,legitimate,uci_sms_spam
Do you work all this week ?,legitimate,uci_sms_spam
Congratulations ur awarded either £500 of CD gift vouchers & Free entry 2 our £100 weekly draw txt MUSIC to 87066 TnCs www.Ldew.com 1 win150ppmx3age16,scam,uci_sms_spam
Lol great now im getting hungry.,legitimate,uci_sms_spam
Yes.. now only saw your message..,legitimate,uci_sms_spam
I'll be at mu in like  &lt;#&gt;  seconds,legitimate,uci_sms_spam
THING R GOOD THANX GOT EXAMS IN MARCH IVE DONE NO REVISION? IS FRAN STILL WITH BOYF? IVE GOTTA INTERVIW 4 EXETER BIT WORRIED!x,legitimate,uci_sms_spam
"Tell you what, if you make a little spreadsheet and track whose idea it was to smoke to determine who ""smokes too much"" for the entire month of february, I'll come up",legitimate,uci_sms_spam
For sale - arsenal dartboard. Good condition but no doubles or trebles!,scam,uci_sms_spam
Don't look back at the building because you have no coat and i don't want you to get more sick. Just hurry home and wear a coat to the gym!!!,legitimate,uci_sms_spam
"My painful personal thought- ""I always try to keep everybody happy all the time. But nobody recognises me when i am alone""",legitimate,uci_sms_spam
Thanks for ve lovely wisheds. You rock,legitimate,uci_sms_spam
You intrepid duo you! Have a great time and see you both soon. ,legitimate,uci_sms_spam
I asked sen to come chennai and search for job.,legitimate,uci_sms_spam
Dad went out oredi... ,legitimate,uci_sms_spam
"I jus hope its true that  missin me cos i'm really missin him! You haven't done anything to feel guilty about, yet.",legitimate,uci_sms_spam
Wat so late still early mah. Or we juz go 4 dinner lor. Aiya i dunno...,legitimate,uci_sms_spam
"Arms fine, how's Cardiff and uni? ",legitimate,uci_sms_spam
In fact when do you leave? I think addie goes back to school tues or wed,legitimate,uci_sms_spam
"Cool breeze... Bright sun... Fresh flower... Twittering birds... All these waiting to wish u: ""GOODMORNING &amp; HAVE A NICE DAY"" :)",legitimate,uci_sms_spam
Ya:)going for restaurant..,legitimate,uci_sms_spam
"Its ok., i just askd did u knw tht no?",legitimate,uci_sms_spam
Free 1st week entry 2 TEXTPOD 4 a chance 2 win 40GB iPod or £250 cash every wk. Txt POD to 84128 Ts&Cs www.textpod.net custcare 08712405020.,scam,uci_sms_spam
Those ducking chinchillas,legitimate,uci_sms_spam
I am in a marriage function,legitimate,uci_sms_spam
Looks like u wil b getting a headstart im leaving here bout 2.30ish but if u r desperate for my company I could head in earlier-we were goin to meet in rummer.,legitimate,uci_sms_spam
Don‘t give a flying monkeys wot they think and I certainly don‘t mind. Any friend of mine and all that!,legitimate,uci_sms_spam
As a registered optin subscriber ur draw 4 £100 gift voucher will be entered on receipt of a correct ans to 80062 Whats No1 in the BBC charts,scam,uci_sms_spam
say thanks2. ,legitimate,uci_sms_spam
Msg me when rajini comes.,legitimate,uci_sms_spam
Ya! when are ü taking ure practical lessons? I start in june..  ,legitimate,uci_sms_spam
"That's good, because I need drugs",legitimate,uci_sms_spam
Stupid.its not possible,legitimate,uci_sms_spam
Can ü all decide faster cos my sis going home liao..,legitimate,uci_sms_spam
Summers finally here! Fancy a chat or flirt with sexy singles in yr area? To get MATCHED up just reply SUMMER now. Free 2 Join. OptOut txt STOP Help08714742804,scam,uci_sms_spam
U sleeping now.. Or you going to take? Haha.. I got spys wat.. Me online checking n replying mails lor..,legitimate,uci_sms_spam
CLAIRE here am havin borin time & am now alone U wanna cum over 2nite? Chat now 09099725823 hope 2 C U Luv CLAIRE xx Calls£1/minmoremobsEMSPOBox45PO139WA,scam,uci_sms_spam
Bought one ringtone and now getting texts costing 3 pound offering more tones etc,scam,uci_sms_spam
"Yalru lyfu astne chikku.. Bt innu mundhe lyf ali halla ke bilo (marriage)program edhae, so lyf is nt yet ovr chikku..ali vargu lyfu meow meow:-D",legitimate,uci_sms_spam
Kinda. First one gets in at twelve! Aah. Speak tomo,legitimate,uci_sms_spam
"09066362231 URGENT! Your mobile No 07xxxxxxxxx won a £2,000 bonus caller prize on 02/06/03! this is the 2nd attempt to reach YOU! call 09066362231 ASAP!",scam,uci_sms_spam
Ok good then i later come find ü... C lucky i told ü to go earlier... Later pple take finish ü no more again...,legitimate,uci_sms_spam
Wat makes u thk i'll fall down. But actually i thk i'm quite prone 2 falls. Lucky my dad at home i ask him come n fetch me already.,legitimate,uci_sms_spam
"YOU 07801543489 are guaranteed the latests Nokia Phone, a 40GB iPod MP3 player or a £500 prize! Txt word:COLLECT to No:83355! TC-LLC NY-USA 150p/Mt msgrcvd18+",scam,uci_sms_spam
I wont touch you with out your permission.,legitimate,uci_sms_spam
Hi its LUCY Hubby at meetins all day Fri & I will B alone at hotel U fancy cumin over? Pls leave msg 2day 09099726395 Lucy x Calls£1/minMobsmoreLKPOBOX177HP51FL,scam,uci_sms_spam
"7 wonders in My WORLD 7th You 6th Ur style 5th Ur smile 4th Ur Personality 3rd Ur Nature 2nd Ur SMS and 1st ""Ur Lovely Friendship""... good morning dear",legitimate,uci_sms_spam
Take some small dose tablet for fever,legitimate,uci_sms_spam
Oh. U must have taken your REAL Valentine out shopping first.,legitimate,uci_sms_spam
"Just sent you an email – to an address with incomm in it, is that right?",legitimate,uci_sms_spam
"Will do, you gonna be at blake's all night? I might be able to get out of here a little early",legitimate,uci_sms_spam
"Friendship is not a game to play, It is not a word to say, It doesn\'t start on March and ends on May, It is tomorrow, yesterday, today and e",legitimate,uci_sms_spam
"Nice. Wait...should you be texting right now? I'm not gonna pay your ticket, ya know!",legitimate,uci_sms_spam
I'm watching lotr w my sis dis aft. So u wan 2 meet me 4 dinner at nite a not?,legitimate,uci_sms_spam
Why you keeping me away like this,legitimate,uci_sms_spam
I think its far more than that but find out. Check google maps for a place from your dorm.,legitimate,uci_sms_spam
My trip was ok but quite tiring lor. Uni starts today but it's ok 4 me cos i'm not taking any modules but jus concentrating on my final yr project.,legitimate,uci_sms_spam
Have you always been saying welp?,legitimate,uci_sms_spam
"I'm a guy, browsin is compulsory",legitimate,uci_sms_spam
Purity of friendship between two is not about smiling after reading the forwarded message..Its about smiling just by seeing the name. Gud evng musthu,legitimate,uci_sms_spam
"(I should add that I don't really care and if you can't I can at least get this dude to fuck off but hey, your money if you want it)",legitimate,uci_sms_spam
"Hello lover! How goes that new job? Are you there now? Are you happy? Do you think of me? I wake, my slave and send you a teasing kiss from across the sea",legitimate,uci_sms_spam
I told your number to gautham..,legitimate,uci_sms_spam
Tell them no need to investigate about me anywhere.,legitimate,uci_sms_spam
Ok i juz receive..,legitimate,uci_sms_spam
"Cant believe i said so many things to you this morning when all i really wanted to say was good morning, i love you! Have a beautiful morning. See you in the library later.",legitimate,uci_sms_spam
"Your account has been credited with 500 FREE Text Messages. To activate, just txt the word: CREDIT to No: 80488 T&Cs www.80488.biz",scam,uci_sms_spam
In the end she might still vomit but its okay. Not everything will come out.,legitimate,uci_sms_spam
How are you with moneY...as in to you...money aint a thing....how are you sha!,legitimate,uci_sms_spam
It has everything to do with the weather. Keep extra warm. Its a cold but nothing serious. Pls lots of vitamin c,legitimate,uci_sms_spam
Hey gals.. Anyone of u going down to e driving centre tmr?,legitimate,uci_sms_spam
I'm always on yahoo messenger now. Just send the message to me and i.ll get it you may have to send it in the mobile mode sha but i.ll get it. And will reply.,legitimate,uci_sms_spam
I'm putting it on now. It should be ready for  &lt;TIME&gt; ,legitimate,uci_sms_spam
"Time n Smile r the two crucial things in our life. Sometimes time makes us to forget smile, and sometimes someone's smile makes us to forget time gud noon",legitimate,uci_sms_spam
"SMS. ac JSco: Energy is high, but u may not know where 2channel it. 2day ur leadership skills r strong. Psychic? Reply ANS w/question. End? Reply END JSCO",scam,uci_sms_spam
Host-based IDPS for linux systems.,legitimate,uci_sms_spam
"HOT LIVE FANTASIES call now 08707509020 Just 20p per min NTT Ltd, PO Box 1327 Croydon CR9 5WB 0870 is a national rate call",scam,uci_sms_spam
Don no da:)whats you plan?,legitimate,uci_sms_spam
Ill be there on  &lt;#&gt;  ok.,legitimate,uci_sms_spam
Oh my God. I'm almost home,legitimate,uci_sms_spam
Total video converter free download type this in google search:),legitimate,uci_sms_spam
Thanks for the Vote. Now sing along with the stars with Karaoke on your mobile. For a FREE link just reply with SING now.,scam,uci_sms_spam
Sounds like something that someone testing me would sayy,legitimate,uci_sms_spam
When u love someone Dont make them to love u as much as u do. But Love them so much that they dont want to be loved by anyone except you... Gud nit.,legitimate,uci_sms_spam
"Pete,is this your phone still? Its Jenny from college and Leanne.what are you up to now?:)",legitimate,uci_sms_spam
Oops sorry. Just to check that you don't mind picking me up tomo at half eight from station. Would that be ok?,legitimate,uci_sms_spam
"Hey sweet, I was wondering when you had a moment if you might come to me ? I want to send a file to someone but it won't go over yahoo for them because their connection sucks, remember when you set up that page for me to go to and download the format disc ? Could you tell me how to do that ? Or do you know some other way to download big files ? Because they can download stuff directly from the internet. Any help would be great, my prey ... *teasing kiss*",legitimate,uci_sms_spam
Hows the champ just leaving glasgow!,legitimate,uci_sms_spam
K:)all the best:)congrats...,legitimate,uci_sms_spam
I wonder if you'll get this text?,legitimate,uci_sms_spam
I need to come home and give you some good lovin...,legitimate,uci_sms_spam
Our brand new mobile music service is now live. The free music player will arrive shortly. Just install on your phone to browse content from the top artists.,scam,uci_sms_spam
Shall i ask one thing if you dont mistake me.,legitimate,uci_sms_spam
Check wid corect speling i.e. Sarcasm,legitimate,uci_sms_spam
"URGENT! Your Mobile No was awarded a £2,000 Bonus Caller Prize on 1/08/03! This is our 2nd attempt to contact YOU! Call 0871-4719-523 BOX95QU BT National Rate",scam,uci_sms_spam
Are you angry with me. What happen dear,legitimate,uci_sms_spam
I thk u dun haf 2 hint in e forum already lor... Cos i told ron n darren is going 2 tell shuhui.,legitimate,uci_sms_spam
Yup ok thanx...,legitimate,uci_sms_spam
Hi:)cts employee how are you?,legitimate,uci_sms_spam
Pls pls find out from aunt nike.,legitimate,uci_sms_spam
"Wow ... I love you sooo much, you know ? I can barely stand it ! I wonder how your day goes and if you are well, my love ... I think of you and miss you",legitimate,uci_sms_spam
No screaming means shouting..,legitimate,uci_sms_spam
Hey what happen de. Are you alright.,legitimate,uci_sms_spam
Should I have picked up a receipt or something earlier,legitimate,uci_sms_spam
I think chennai well settled?,legitimate,uci_sms_spam
Oh dang! I didn't mean o send that to you! Lol!,legitimate,uci_sms_spam
Unfortunately i've just found out that we have to pick my sister up from the airport that evening so don't think i'll be going out at all. We should try to go out one of th,legitimate,uci_sms_spam
Horrible bf... I now v hungry...,legitimate,uci_sms_spam
Remember on that day..,legitimate,uci_sms_spam
You have won a Nokia 7250i. This is what you get when you win our FREE auction. To take part send Nokia to 86021 now. HG/Suite342/2Lands Row/W1JHL 16+,scam,uci_sms_spam
How's it feel? Mr. Your not my real Valentine just my yo Valentine even tho u hardly play!!,legitimate,uci_sms_spam
All sounds good. Fingers . Makes it difficult to type,legitimate,uci_sms_spam
Midnight at the earliest,legitimate,uci_sms_spam
You're not sure that I'm not trying to make xavier smoke because I don't want to smoke after being told I smoke too much?,legitimate,uci_sms_spam
K come to nordstrom when you're done,legitimate,uci_sms_spam
Do u konw waht is rael FRIENDSHIP Im gving yuo an exmpel: Jsut ese tihs msg.. Evrey splleing of tihs msg is wrnog.. Bt sitll yuo can raed it wihtuot ayn mitsake.. GOODNIGHT &amp; HAVE A NICE SLEEP..SWEET DREAMS..,legitimate,uci_sms_spam
Now press conference da:),legitimate,uci_sms_spam
"Hello from Orange. For 1 month's free access to games, news and sport, plus 10 free texts and 20 photo messages, reply YES. Terms apply: www.orange.co.uk/ow",scam,uci_sms_spam
After completed degree. There is no use in joining finance.,legitimate,uci_sms_spam
"Good afternoon, my love ! Any job prospects ? Are you missing me ? What do you do ? Are you being lazy and bleak, hmmm ? Or happy and filled with my love ?",legitimate,uci_sms_spam
Shant disturb u anymore... Jia you...,legitimate,uci_sms_spam
Bishan lar nearer... No need buy so early cos if buy now i gotta park my car...,legitimate,uci_sms_spam
"Me, i dont know again oh",legitimate,uci_sms_spam
Dude sux for snake. He got old and raiden got buff,legitimate,uci_sms_spam
He says hi and to get your ass back to south tampa (preferably at a kegger),legitimate,uci_sms_spam
In e msg jus now. U said thanks for gift.,legitimate,uci_sms_spam
U too...,legitimate,uci_sms_spam
Ok how you dear. Did you call chechi,legitimate,uci_sms_spam
Yeah we do totes. When u wanna?,legitimate,uci_sms_spam
Ok i found dis pierre cardin one which looks normal costs 20 its on sale.,legitimate,uci_sms_spam
Good sleep is about rhythm. The person has to establish a rhythm that the body will learn and use. If you want to know more :-),legitimate,uci_sms_spam
Wat r u doing?,legitimate,uci_sms_spam
Message from . I am at Truro Hospital on ext. You can phone me here. as I have a phone by my side,legitimate,uci_sms_spam
"Single line with a big meaning::::: ""Miss anything 4 ur ""Best Life"" but, don't miss ur best life for anything... Gud nyt...",legitimate,uci_sms_spam
"Just got some gas money, any chance you and the gang want to go on a grand nature adventure?",legitimate,uci_sms_spam
Dnt worry...use ice pieces in a cloth pack.also take 2 tablets.,legitimate,uci_sms_spam
Dude just saw a parked car with its sunroof popped up. Sux,legitimate,uci_sms_spam
Get ready to put on your excellent sub face :),legitimate,uci_sms_spam
Tmrw. Im finishing 9 doors,legitimate,uci_sms_spam
"The  &lt;#&gt; g that i saw a few days ago, the guy wants sell wifi only for  &lt;#&gt;  and with 3g for  &lt;#&gt; . That's why i blanked him.",legitimate,uci_sms_spam
I am late. I will be there at,legitimate,uci_sms_spam
"whatever, im pretty pissed off.",legitimate,uci_sms_spam
I dont have that much image in class.,legitimate,uci_sms_spam
No:-)i got rumour that you going to buy apartment in chennai:-),legitimate,uci_sms_spam
Near kalainar tv office.thenampet,legitimate,uci_sms_spam
Ur cash-balance is currently 500 pounds - to maximize ur cash-in now send GO to 86688 only 150p/msg. CC 08718720201 HG/Suite342/2Lands Row/W1J6HL,scam,uci_sms_spam
SMS AUCTION - A BRAND NEW Nokia 7250 is up 4 auction today! Auction is FREE 2 join & take part! Txt NOKIA to 86021 now! HG/Suite342/2Lands Row/W1J6HL,scam,uci_sms_spam
My sis is catching e show in e afternoon so i'm not watching w her. So c u wan 2 watch today or tmr lor.,legitimate,uci_sms_spam
"Sounds gd... Haha... Can... Wah, u yan jiu so fast liao...",legitimate,uci_sms_spam
No. To be nosy I guess. Idk am I over reacting if I'm freaked?,legitimate,uci_sms_spam
"Remember all those whom i hurt during days of satanic imposter in me.need to pay a price,so be it.may destiny keep me going and as u said pray that i get the mind to get over the same.",legitimate,uci_sms_spam
How to Make a girl Happy? It's not at all difficult to make girls happy. U only need to be... 1. A friend 2. Companion 3. Lover 4. Chef . . .  &lt;#&gt; . Good listener  &lt;#&gt; . Organizer  &lt;#&gt; . Good boyfriend  &lt;#&gt; . Very clean  &lt;#&gt; . Sympathetic  &lt;#&gt; . Athletic  &lt;#&gt; . Warm . . .  &lt;#&gt; . Courageous  &lt;#&gt; . Determined  &lt;#&gt; . True  &lt;#&gt; . Dependable  &lt;#&gt; . Intelligent . . .  &lt;#&gt; . Psychologist  &lt;#&gt; . Pest exterminator  &lt;#&gt; . Psychiatrist  &lt;#&gt; . Healer . .  &lt;#&gt; . Stylist  &lt;#&gt; . Driver . . Aaniye pudunga venaam..,legitimate,uci_sms_spam
"Why is that, princess? I bet the brothas are all chasing you!",legitimate,uci_sms_spam
"I shall book chez jules for half eight, if that's ok with you?",legitimate,uci_sms_spam
Hhahhaahahah rofl wtf nig was leonardo in your room or something,legitimate,uci_sms_spam
"Yep, at derek's house now, see you Sunday &lt;3",legitimate,uci_sms_spam
"It's cool, let me know before it kicks off around  &lt;#&gt; , I'll be out and about all day",legitimate,uci_sms_spam
I was wondering if it would be okay for you to call uncle john and let him know that things are not the same in nigeria as they r here. That  &lt;#&gt;  dollars is 2years sent and that you know its a strain but i plan to pay back every dime he gives. Every dime so for me to expect anything from you is not practical. Something like that.,legitimate,uci_sms_spam
There are no other charges after transfer charges and you can withdraw anyhow you like,legitimate,uci_sms_spam
"Dont search love, let love find U. Thats why its called falling in love, bcoz U dont force yourself, U just fall and U know there is smeone to hold U... BSLVYL",legitimate,uci_sms_spam
At 4. Let's go to bill millers,legitimate,uci_sms_spam
I love you. You set my soul on fire. It is not just a spark. But it is a flame. A big rawring flame. XoXo,legitimate,uci_sms_spam
"Somewhr someone is surely made 4 u. And God has decided a perfect time to make u meet dat person. . . . till den, . . . . . Enjoy ur crushes..!!!;-)",legitimate,uci_sms_spam
That's my honeymoon outfit. :),legitimate,uci_sms_spam
Will it help if we propose going back again tomorrow,legitimate,uci_sms_spam
PRIVATE! Your 2003 Account Statement for shows 800 un-redeemed S. I. M. points. Call 08719899230 Identifier Code: 41685 Expires 07/11/04,scam,uci_sms_spam
Never blame a day in ur life. Good days give u happiness. Bad days give u experience. Both are essential in life! All are Gods blessings! good morning.:,legitimate,uci_sms_spam
Pls confirm the time to collect the cheque.,legitimate,uci_sms_spam
As a Registered Subscriber yr draw 4 a £100 gift voucher will b entered on receipt of a correct ans. When are the next olympics. Txt ans to 80062,scam,uci_sms_spam
URGENT! Your Mobile number has been awarded with a £2000 prize GUARANTEED. Call 09061790121 from land line. Claim 3030. Valid 12hrs only 150ppm,scam,uci_sms_spam
Daddy will take good care of you :),legitimate,uci_sms_spam
"Yeah probably, I still gotta check out with leo",legitimate,uci_sms_spam
K.then any other special?,legitimate,uci_sms_spam
Carlos is taking his sweet time as usual so let me know when you and patty are done/want to smoke and I'll tell him to haul ass,legitimate,uci_sms_spam
Ok pa. Nothing problem:-),legitimate,uci_sms_spam
Have you heard about that job? I'm going to that wildlife talk again tonight if u want2come. Its that2worzels and a wizzle or whatever it is?! ,legitimate,uci_sms_spam
"God picked up a flower and dippeditinaDEW, lovingly touched itwhichturnedinto u, and the he gifted tomeandsaid,THIS FRIEND IS 4U",legitimate,uci_sms_spam
When you came to hostel.,legitimate,uci_sms_spam
Ok no prob... I'll come after lunch then...,legitimate,uci_sms_spam
Jus telling u dat i'll b leaving 4 shanghai on 21st instead so we'll haf more time 2 meet up cya...,legitimate,uci_sms_spam
Are your freezing ? Are you home yet ? Will you remember to kiss your mom in the morning? Do you love me ? Do you think of me ? Are you missing me yet ?,legitimate,uci_sms_spam
You all ready for * big day tomorrow?,legitimate,uci_sms_spam
I'll probably be around mu a lot,legitimate,uci_sms_spam
645,legitimate,uci_sms_spam
RT-KIng Pro Video Club>> Need help? info@ringtoneking.co.uk or call 08701237397 You must be 16+ Club credits redeemable at www.ringtoneking.co.uk! Enjoy!,scam,uci_sms_spam
Thnx dude. u guys out 2nite?,legitimate,uci_sms_spam
Me sef dey laugh you. Meanwhile how's my darling anjie!,legitimate,uci_sms_spam
Mm i had my food da from out,legitimate,uci_sms_spam
"K, makes sense, btw carlos is being difficult so you guys are gonna smoke while I go pick up the second batch and get gas",legitimate,uci_sms_spam
Did u download the fring app?,legitimate,uci_sms_spam
The 2 oz guy is being kinda flaky but one friend is interested in picking up $ &lt;#&gt;  worth tonight if possible,legitimate,uci_sms_spam
Friends that u can stay on fb chat with,legitimate,uci_sms_spam
"Fuck babe, I miss you sooooo much !! I wish you were here to sleep with me ... My bed is so lonely ... I go now, to sleep ... To dream of you, my love ...",legitimate,uci_sms_spam
"Living is very simple.. Loving is also simple.. Laughing is too simple.. Winning is tooo simple.. But, being 'SIMPLE' is very difficult.. Gud nte.:-",legitimate,uci_sms_spam
U have a secret admirer who is looking 2 make contact with U-find out who they R*reveal who thinks UR so special-call on 09058094599,scam,uci_sms_spam
"Ah, well that confuses things, doesn‘t it?",legitimate,uci_sms_spam
500 free text msgs. Just text ok to 80488 and we'll credit your account,scam,uci_sms_spam
Hi Dear Call me its urgnt. I don't know whats your problem. You don't want to work or if you have any other problem at least tell me. Wating for your reply.,legitimate,uci_sms_spam
Dear how you. Are you ok?,legitimate,uci_sms_spam
"You have been selected to stay in 1 of 250 top British hotels - FOR NOTHING! Holiday Worth £350! To Claim, Call London 02072069400. Bx 526, SW73SS",scam,uci_sms_spam
Yes princess! I want to make you happy...,legitimate,uci_sms_spam
Sounds like you have many talents! would you like to go on a dinner date next week?,legitimate,uci_sms_spam
I am going to film 2day da. At 6pm. Sorry da.,legitimate,uci_sms_spam
We not watching movie already. Xy wants 2 shop so i'm shopping w her now.,legitimate,uci_sms_spam
Hello my little party animal! I just thought I'd buzz you as you were with your friends ...*grins*... Reminding you were loved and send a naughty adoring kiss,legitimate,uci_sms_spam
Yesterday its with me only . Now am going home.,legitimate,uci_sms_spam
"Eerie Nokia tones 4u, rply TONE TITLE to 8007 eg TONE DRACULA to 8007 Titles: GHOST, ADDAMSFA, MUNSTERS, EXORCIST, TWILIGHT www.getzed.co.uk POBox36504W45WQ 150p",scam,uci_sms_spam
"You have come into my life and brought the sun ..Shiny down on me, warming my heart. Putting a constant smile on my face ... Making me feel loved and cared for",legitimate,uci_sms_spam
"No shit, but I wasn't that surprised, so I went and spent the evening with that french guy I met in town here and we fooled around a bit but I didn't let him fuck me",legitimate,uci_sms_spam
"0A$NETWORKS allow companies to bill for SMS, so they are responsible for their ""suppliers"", just as a shop has to give a guarantee on what they sell. B. G.",scam,uci_sms_spam
Great comedy..cant stop laughing da:),legitimate,uci_sms_spam
FreeMsg:Feelin kinda lnly hope u like 2 keep me company! Jst got a cam moby wanna c my pic?Txt or reply DATE to 82242 Msg150p 2rcv Hlp 08712317606 stop to 82242,scam,uci_sms_spam
"Alright, we're all set here, text the man",legitimate,uci_sms_spam
"Hi , where are you? We're at  and they're not keen to go out i kind of am but feel i shouldn't so can we go out tomo, don't mind do you?",legitimate,uci_sms_spam
Sleeping nt feeling well,legitimate,uci_sms_spam
U WILL SWITCH YOUR FONE ON DAMMIT!!,legitimate,uci_sms_spam
India have to take lead:),legitimate,uci_sms_spam
I.ll post her out l8r. In class,legitimate,uci_sms_spam
Thts wat Wright Brother did to fly..,legitimate,uci_sms_spam
"Evening * v good if somewhat event laden. Will fill you in, don't you worry … Head * ok but throat * wrecked. See you at six then!",legitimate,uci_sms_spam
If u laugh really loud.. If u talk spontaneously.. If u dont care what others feel.. U are probably with your dear &amp; best friends.. GOODEVENING Dear..:),legitimate,uci_sms_spam
ITS A LAPTOP TAKE IT WITH YOU.,legitimate,uci_sms_spam
I dont have any of your file in my bag..i was in work when you called me.i 'll tell you if i find anything in my room.,legitimate,uci_sms_spam
I wan but too early lei... Me outside now wun b home so early... Neva mind then...,legitimate,uci_sms_spam
"For ur chance to win a £250 cash every wk TXT: ACTION to 80608. T's&C's www.movietrivia.tv custcare 08712405022, 1x150p/wk",scam,uci_sms_spam
I was at bugis juz now wat... But now i'm walking home oredi... Ü so late then reply... I oso saw a top dat i like but din buy... Where r ü now? ,legitimate,uci_sms_spam
At 7 we will go ok na.,legitimate,uci_sms_spam
Yes I posted a couple of pics on fb. There's still snow outside too. I'm just waking up :),legitimate,uci_sms_spam
S:-)if we have one good partnership going we will take lead:),legitimate,uci_sms_spam
RGENT! This is the 2nd attempt to contact U!U have WON £1250 CALL 09071512433 b4 050703 T&CsBCM4235WC1N3XX. callcost 150ppm mobilesvary. max£7. 50,scam,uci_sms_spam
"Yeah, where's your class at?",legitimate,uci_sms_spam
No just send to you. Bec you in temple na.,legitimate,uci_sms_spam
"You aren't coming home between class, right? I need to work out and shower!",legitimate,uci_sms_spam
Hi if ur lookin 4 saucy daytime fun wiv busty married woman Am free all next week Chat now 2 sort time 09099726429 JANINExx Calls£1/minMobsmoreLKPOBOX177HP51FL,scam,uci_sms_spam
S but mostly not like that.,legitimate,uci_sms_spam
Ü v ma fan...,legitimate,uci_sms_spam
Dunno cos i was v late n when i reach they inside already... But we ate spageddies lor... It's e gals who r laughing at me lor...,legitimate,uci_sms_spam
Guess who spent all last night phasing in and out of the fourth dimension,legitimate,uci_sms_spam
So now my dad is gonna call after he gets out of work and ask all these crazy questions.,legitimate,uci_sms_spam
"Yes..but they said its IT.,",legitimate,uci_sms_spam
"Very hurting n meaningful lines ever: ""I compromised everything for my love, But at d end my love compromised me for everything:-("".. Gud mornin:-)",legitimate,uci_sms_spam
Lmao!nice 1,legitimate,uci_sms_spam
Glad to see your reply.,legitimate,uci_sms_spam
URGENT! We are trying to contact U. Todays draw shows that you have won a £800 prize GUARANTEED. Call 09050001295 from land line. Claim A21. Valid 12hrs only,scam,uci_sms_spam
Monthly password for wap. mobsi.com is 391784. Use your wap phone not PC.,scam,uci_sms_spam
Nah dub but je still buff,legitimate,uci_sms_spam
"Painful words- ""I thought being Happy was the most toughest thing on Earth... But, the toughest is acting Happy with all unspoken pain inside..""",legitimate,uci_sms_spam
"Yeah, that's fine! It's £6 to get in, is that ok? ",legitimate,uci_sms_spam
Lol where do u come up with these ideas?,legitimate,uci_sms_spam
"So many people seems to be special at first sight, But only very few will remain special to you till your last sight.. Maintain them till life ends.. Sh!jas",legitimate,uci_sms_spam
Okay... We wait ah,legitimate,uci_sms_spam
Y lei?,legitimate,uci_sms_spam
HI BABE U R MOST LIKELY TO BE IN BED BUT IM SO SORRY ABOUT TONIGHT! I REALLY WANNA SEE U TOMORROW SO CALL ME AT 9. LOVE ME XXX,legitimate,uci_sms_spam
Already am squatting is the new way of walking,legitimate,uci_sms_spam
Do you want bold 2 or bb torch,legitimate,uci_sms_spam
Cramps stopped. Going back to sleep,legitimate,uci_sms_spam
todays vodafone numbers ending with 0089(my last four digits) are selected to received a £350 award. If your number matches please call 09063442151 to claim your £350 award,scam,uci_sms_spam
Free Top ringtone -sub to weekly ringtone-get 1st week free-send SUBPOLY to 81618-?3 per week-stop sms-08718727870,scam,uci_sms_spam
Nan sonathaya soladha. Why boss?,legitimate,uci_sms_spam
Bring tat cd don forget,legitimate,uci_sms_spam
I don't know but I'm raping dudes at poker,legitimate,uci_sms_spam
Weightloss! No more girl friends. Make loads of money on ebay or something. And give thanks to God.,legitimate,uci_sms_spam
Was gr8 to see that message. So when r u leaving? Congrats dear. What school and wat r ur plans.,legitimate,uci_sms_spam
Ü eatin later but i'm eatin wif my frens now lei... Ü going home first? ,legitimate,uci_sms_spam
Finish already... Yar they keep saying i mushy... I so embarrassed ok...,legitimate,uci_sms_spam
"Sorry man, my stash ran dry last night and I can't pick up more until sunday",legitimate,uci_sms_spam
Hai priya are you right. What doctor said pa. Where are you.,legitimate,uci_sms_spam
"Free msg. Sorry, a service you ordered from 81303 could not be delivered as you do not have sufficient credit. Please top up to receive the service.",scam,uci_sms_spam
Please ask mummy to call father,legitimate,uci_sms_spam
Can come my room but cannot come my house cos my house still messy... Haha...,legitimate,uci_sms_spam
I have lost 10 kilos as of today!,legitimate,uci_sms_spam
Just taste fish curry :-P,legitimate,uci_sms_spam
What can i do? Might accidant tookplace between somewhere ghodbandar rd. Traffic moves slovely. So plz slip &amp; don't worry.,legitimate,uci_sms_spam
Yun ah.now ü wkg where?btw if ü go nus sc. Ü wana specialise in wad?,legitimate,uci_sms_spam
Yes! I am a one woman man! Please tell me your likes and dislikes in bed...,legitimate,uci_sms_spam
Was doing my test earlier. I appreciate you. Will call you tomorrow.,legitimate,uci_sms_spam
"How's my loverboy doing ? What does he do that keeps him from coming to his Queen, hmmm ? Doesn't he ache to speak to me ? Miss me desparately ?",legitimate,uci_sms_spam
U meet other fren dun wan meet me ah... Muz b a guy rite...,legitimate,uci_sms_spam
"(No promises on when though, haven't even gotten dinner yet)",legitimate,uci_sms_spam
I got your back! Do you have any dislikes in bed?,legitimate,uci_sms_spam
o turns out i had stereo love on mi phone under the unknown album.,legitimate,uci_sms_spam
Hard LIVE 121 chat just 60p/min. Choose your girl and connect LIVE. Call 09094646899 now! Cheap Chat UK's biggest live service. VU BCM1896WC1N3XX,scam,uci_sms_spam
Yeah I don't see why not,legitimate,uci_sms_spam
Asking do u knw them or nt? May be ur frnds or classmates?,legitimate,uci_sms_spam
"Sorry about earlier. Putting out fires.Are you around to talk after 9? Or do you actually have a life, lol!",legitimate,uci_sms_spam
WOW! The Boys R Back. TAKE THAT 2007 UK Tour. Win VIP Tickets & pre-book with VIP Club. Txt CLUB to 81303. Trackmarque Ltd info@vipclub4u.,scam,uci_sms_spam
"As in missionary hook up, doggy hook up, standing...|",legitimate,uci_sms_spam
Then u better go sleep.. Dun disturb u liao.. U wake up then msg me lor..,legitimate,uci_sms_spam
Am watching house – very entertaining – am getting the whole hugh laurie thing – even with the stick – indeed especially with the stick.,legitimate,uci_sms_spam
Thought praps you meant another one. Goodo! I'll look tomorrow ,legitimate,uci_sms_spam
"Hi Jon, Pete here, Ive bin 2 Spain recently & hav sum dinero left, Bill said u or ur rents mayb interested in it, I hav 12,000pes, so around £48, tb, James.",legitimate,uci_sms_spam
There bold 2  &lt;#&gt; . Is that yours,legitimate,uci_sms_spam
You know there is. I shall speak to you in  &lt;#&gt;  minutes then,legitimate,uci_sms_spam
ALRITE HUNNY!WOT U UP 2 2NITE? DIDNT END UP GOIN DOWN TOWN JUS DA PUB INSTEAD! JUS CHILLIN AT DA MO IN ME BEDROOM!LOVE JEN XXX.,legitimate,uci_sms_spam
I went to project centre,legitimate,uci_sms_spam
As per your request 'Maangalyam (Alaipayuthe)' has been set as your callertune for all Callers. Press *9 to copy your friends Callertune,legitimate,uci_sms_spam
Lol yeah at this point I guess not,legitimate,uci_sms_spam
Doing project w frens lor. ,legitimate,uci_sms_spam
Lol. Well quality aint bad at all so i aint complaining,legitimate,uci_sms_spam
"K, can that happen tonight?",legitimate,uci_sms_spam
"Hi, this is Mandy Sullivan calling from HOTMIX FM...you are chosen to receive £5000.00 in our Easter Prize draw.....Please telephone 09041940223 to claim before 29/03/05 or your prize will be transferred to someone else....",scam,uci_sms_spam
"I think we're going to finn's now, come",legitimate,uci_sms_spam
Why tired what special there you had,legitimate,uci_sms_spam
I will come tomorrow di,legitimate,uci_sms_spam
K go and sleep well. Take rest:-).,legitimate,uci_sms_spam
U guys never invite me anywhere :(,legitimate,uci_sms_spam
UR GOING 2 BAHAMAS! CallFREEFONE 08081560665 and speak to a live operator to claim either Bahamas cruise of£2000 CASH 18+only. To opt out txt X to 07786200117,scam,uci_sms_spam
I can do that! I want to please you both inside and outside the bedroom...,legitimate,uci_sms_spam
EY! CALM DOWNON THEACUSATIONS.. ITXT U COS IWANA KNOW WOTU R DOIN AT THEW/END... HAVENTCN U IN AGES..RING ME IF UR UP4 NETHING SAT.LOVE J XXX.,legitimate,uci_sms_spam
I love to wine and dine my lady!,legitimate,uci_sms_spam
Someone has conacted our dating service and entered your phone because they fancy you!To find out who it is call from landline 09111030116. PoBox12n146tf15,scam,uci_sms_spam
"Im cool ta luv but v.tired 2 cause i have been doin loads of planning all wk, we have got our social services inspection at the nursery! Take care & spk sn x.",legitimate,uci_sms_spam
I don know account details..i will ask my mom and send you.my mom is out of reach now.,legitimate,uci_sms_spam
I think u have the wrong number.,legitimate,uci_sms_spam
Feel Yourself That You Are Always Happy.. Slowly It Becomes Your Habit &amp; Finally It Becomes Part Of Your Life.. Follow It.. Happy Morning &amp; Have A Happy Day:),legitimate,uci_sms_spam
DO NOT B LATE LOVE MUM,legitimate,uci_sms_spam
Got it..mail panren paru..,legitimate,uci_sms_spam
* Was thinking about chuckin ur red green n black trainners 2 save carryin them bac on train,legitimate,uci_sms_spam
Give one miss from that number please,legitimate,uci_sms_spam
Jus came back fr lunch wif my sis only. U leh?,legitimate,uci_sms_spam
How is your schedule next week? I am out of town this weekend.,legitimate,uci_sms_spam
Really good:)dhanush rocks once again:),legitimate,uci_sms_spam
Lmao ok I wont be needing u to do my hair anymore.,legitimate,uci_sms_spam
"Miss ya, need ya, want ya, love ya.",legitimate,uci_sms_spam
Sorry i'm not free...,legitimate,uci_sms_spam
Do u ever get a song stuck in your head for no reason and it won't go away til u listen to it like 5 times?,legitimate,uci_sms_spam
Nt yet chikku..simple habba..hw abt u?,legitimate,uci_sms_spam
"Got ur mail Dileep.thank you so muchand look forward to lots of support...very less contacts here,remember one venugopal you mentioned.tomorrow if not late,i shall try to come up till there.goodnight dear.",legitimate,uci_sms_spam
Sometimes Heart Remembrs someone Very much... Forgets someone soon... Bcoz Heart will not like everyone. But liked ones will be Remembered Everytime... BSLVYL,legitimate,uci_sms_spam
Joy's father is John. Then John is the NAME of Joy's father. Mandan,legitimate,uci_sms_spam
Hi 07734396839 IBH Customer Loyalty Offer: The NEW NOKIA6600 Mobile from ONLY £10 at TXTAUCTION!Txt word:START to No:81151 & get Yours Now!4T&,scam,uci_sms_spam
Hi this is yijue... It's regarding the 3230 textbook it's intro to algorithms second edition... I'm selling it for $50...,legitimate,uci_sms_spam
SMS AUCTION You have won a Nokia 7250i. This is what you get when you win our FREE auction. To take part send Nokia to 86021 now. HG/Suite342/2Lands Row/W1JHL 16+,scam,uci_sms_spam
"K, want us to come by now?",legitimate,uci_sms_spam
How. Its a little difficult but its a simple way to enter this place,legitimate,uci_sms_spam
Ha... Both of us doing e same thing. But i got tv 2 watch. U can thk of where 2 go tonight or u already haf smth in mind...,legitimate,uci_sms_spam
Dont show yourself. How far. Put new pictures up on facebook.,legitimate,uci_sms_spam
Watching tv now. I got new job :),legitimate,uci_sms_spam
"Good afternoon sexy buns! How goes the job search ? I wake and you are my first thought as always, my love. I wish your fine and happy and know I adore you!",legitimate,uci_sms_spam
"I'm not coming over, do whatever you want",legitimate,uci_sms_spam
"Its ok chikku, and its my 1 of favourite song..:-)",legitimate,uci_sms_spam
Did u see what I posted on your Facebook?,legitimate,uci_sms_spam
Call FREEPHONE 0800 542 0578 now!,scam,uci_sms_spam
Buy Space Invaders 4 a chance 2 win orig Arcade Game console. Press 0 for Games Arcade (std WAP charge) See o2.co.uk/games 4 Terms + settings. No purchase,scam,uci_sms_spam
BIG BROTHER ALERT! The computer has selected u for 10k cash or #150 voucher. Call 09064018838. NTT PO Box CRO1327 18+ BT Landline Cost 150ppm mobiles vary,scam,uci_sms_spam
";-( oh well, c u later",legitimate,uci_sms_spam
My uncles in Atlanta. Wish you guys a great semester.,legitimate,uci_sms_spam
No dear i do have free messages without any recharge. Hi hi hi,legitimate,uci_sms_spam
I dun believe u. I thk u told him.,legitimate,uci_sms_spam
"Do you know why god created gap between your fingers..? So that, One who is made for you comes &amp; fills those gaps by holding your hand with LOVE..!",legitimate,uci_sms_spam
Yes:)sura in sun tv.:)lol.,legitimate,uci_sms_spam
Arun can u transfr me d amt,legitimate,uci_sms_spam
Takin a shower now but yeah I'll leave when I'm done,legitimate,uci_sms_spam
Am not working but am up to eyes in philosophy so will text u later when a bit more free for chat...,legitimate,uci_sms_spam
U havent lost me ill always b here 4u.i didnt intend 2 hurt u but I never knew how u felt about me when Iwas+marine&thats what itried2tell urmom.i careabout u,legitimate,uci_sms_spam
"WIN: We have a winner! Mr. T. Foley won an iPod! More exciting prizes soon, so keep an eye on ur mobile or visit www.win-82050.co.uk",scam,uci_sms_spam
You bad girl. I can still remember them,legitimate,uci_sms_spam
How much i gave to you. Morning.,legitimate,uci_sms_spam
"I hope your alright babe? I worry that you might have felt a bit desparate when you learned the job was a fake ? I am here waiting when you come back, my love",legitimate,uci_sms_spam
"Hey, can you tell me blake's address? Carlos wanted me to meet him there but I got lost and he's not answering his phone",legitimate,uci_sms_spam
Can i get your opinion on something first?,legitimate,uci_sms_spam
That one week leave i put know that time. Why.,legitimate,uci_sms_spam
"If we hit it off, you can move in with me :)",legitimate,uci_sms_spam
excellent. I spent  &lt;#&gt;  years in the Air Force. Iraq and afghanistan. I am stable and honest. do you like traveling?,legitimate,uci_sms_spam
I wanna watch that movie,legitimate,uci_sms_spam
Ok lor thanx... Ü in school?,legitimate,uci_sms_spam
I'm in class. Did you get my text.,legitimate,uci_sms_spam
The bus leaves at  &lt;#&gt; ,legitimate,uci_sms_spam
God bless.get good sleep my dear...i will pray!,legitimate,uci_sms_spam
Todays Voda numbers ending 1225 are selected to receive a £50award. If you have a match please call 08712300220 quoting claim code 3100 standard rates app ,scam,uci_sms_spam
Do have a nice day today. I love you so dearly.,legitimate,uci_sms_spam
Aiyo a bit pai seh ü noe... Scared he dun rem who i am then die... Hee... But he become better lookin oredi leh...,legitimate,uci_sms_spam
"Aight, I'll ask a few of my roommates",legitimate,uci_sms_spam
"Now, whats your house # again ? And do you have any beer there ?",legitimate,uci_sms_spam
Do ü all wan 2 meet up n combine all the parts? How's da rest of da project going?,legitimate,uci_sms_spam
Getting tickets 4 walsall tue 6 th march. My mate is getting me them on sat. ill pay my treat. Want 2 go. Txt bak .Terry,legitimate,uci_sms_spam
Yes we are chatting too.,legitimate,uci_sms_spam
HI ITS JESS I DONT KNOW IF YOU ARE AT WORK BUT CALL ME WHEN U CAN IM AT HOME ALL EVE. XXX,legitimate,uci_sms_spam
Sian... Aft meeting supervisor got work 2 do liao... U working now?,legitimate,uci_sms_spam
Are you going to write ccna exam this week??,legitimate,uci_sms_spam
Well i will watch shrek in 3D!!B),legitimate,uci_sms_spam
Am i that much dirty fellow?,legitimate,uci_sms_spam
Dunno dat's wat he told me. Ok lor...,legitimate,uci_sms_spam
I'll probably be by tomorrow (or even later tonight if something's going on),legitimate,uci_sms_spam
I couldn't say no as he is a dying man and I feel sad for him so I will go and I just wanted you to know I would probably be gone late into your night,legitimate,uci_sms_spam
If you're thinking of lifting me one then no.,legitimate,uci_sms_spam
Same as u... Dun wan... Y u dun like me already ah... Wat u doing now? Still eating?,legitimate,uci_sms_spam
Sent me ur email id soon,legitimate,uci_sms_spam
"Dude. What's up. How Teresa. Hope you have been okay. When i didnt hear from these people, i called them and they had received the package since dec  &lt;#&gt; . Just thot you'ld like to know. Do have a fantastic year and all the best with your reading. Plus if you can really really Bam first aid for Usmle, then your work is done.",legitimate,uci_sms_spam
Hey gorgeous man. My work mobile number is. Have a good one babe. Squishy Mwahs.,legitimate,uci_sms_spam
"Hottest pics straight to your phone!! See me getting Wet and Wanting, just for you xx Text PICS to 89555 now! txt costs 150p textoperator g696ga 18 XxX",scam,uci_sms_spam
That's the way you should stay oh.,legitimate,uci_sms_spam
Hello- thanx for taking that call. I got a job! Starts on monday!,legitimate,uci_sms_spam
What time is ur flight tmr?,legitimate,uci_sms_spam
When should I come over?,legitimate,uci_sms_spam
I have a rather prominent bite mark on my right cheek,legitimate,uci_sms_spam
* Will be september by then!,legitimate,uci_sms_spam
Are you wet right now?,legitimate,uci_sms_spam
And how's your husband.,legitimate,uci_sms_spam
"Hack Chat. Get backdoor entry into 121 chat rooms at a fraction of the cost. Reply NEO69 or call 09050280520, to subscribe 25p pm. DPS, Bcm box 8027 Ldn, wc1n3xx",scam,uci_sms_spam
Are we doing the norm tomorrow? I finish just a 4.15 cos of st tests. Need to sort library stuff out at some point tomo - got letter from today - access til end march so i better get move on!,legitimate,uci_sms_spam
Yeah. I got a list with only u and Joanna if I'm feeling really anti social,legitimate,uci_sms_spam
I am in your office na.,legitimate,uci_sms_spam
Are you comingdown later?,legitimate,uci_sms_spam
Super da:)good replacement for murali,legitimate,uci_sms_spam
Da is good good player.why he is unsold.,legitimate,uci_sms_spam
Hi. || Do u want | to join me with sts later? || Meeting them at five. || Call u after class.,legitimate,uci_sms_spam
Its on in engalnd! But telly has decided it won't let me watch it and mia and elliot were kissing! Damn it!,legitimate,uci_sms_spam
"FREE NOKIA Or Motorola with upto 12mths 1/2price linerental, 500 FREE x-net mins&100txt/mth FREE B'tooth*. Call Mobileupd8 on 08001950382 or call 2optout/D3WV",scam,uci_sms_spam
I dont want to hear philosophy. Just say what happen,legitimate,uci_sms_spam
You got job in wipro:)you will get every thing in life in 2 or 3 years.,legitimate,uci_sms_spam
Then cant get da laptop? My matric card wif ü lei... ,legitimate,uci_sms_spam
Dunno da next show aft 6 is 850. Toa payoh got 650.,legitimate,uci_sms_spam
"This is the 2nd time we have tried 2 contact u. U have won the 750 Pound prize. 2 claim is easy, call 08718726970 NOW! Only 10p per min. BT-national-rate ",scam,uci_sms_spam
I just made some payments so dont have that much. Sorry. Would you want it fedex or the other way.,legitimate,uci_sms_spam
They did't play one day last year know even though they have very good team.. Like india.,legitimate,uci_sms_spam
K.:)you are the only girl waiting in reception ah?,legitimate,uci_sms_spam
"Say this slowly.? GOD,I LOVE YOU &amp; I NEED YOU,CLEAN MY HEART WITH YOUR BLOOD.Send this to Ten special people &amp; u c miracle tomorrow, do it,pls,pls do it...",legitimate,uci_sms_spam
I hate when she does this. She turns what should be a fun shopping trip into an annoying day of how everything would look in her house.,legitimate,uci_sms_spam
"Sir, i am waiting for your call.",legitimate,uci_sms_spam
What's up. Do you want me to come online?,legitimate,uci_sms_spam
"It could work, we'll reach a consensus at the next meeting",legitimate,uci_sms_spam
Aiyah then i wait lor. Then u entertain me. Hee...,legitimate,uci_sms_spam
"The last thing i ever wanted to do was hurt you. And i didn't think it would have. You'd laugh, be embarassed, delete the tag and keep going. But as far as i knew, it wasn't even up. The fact that you even felt like i would do it to hurt you shows you really don't know me at all. It was messy wednesday, but it wasn't bad. The problem i have with it is you HAVE the time to clean it, but you choose not to. You skype, you take pictures, you sleep, you want to go out. I don't mind a few things here and there, but when you don't make the bed, when you throw laundry on top of it, when i can't have a friend in the house because i'm embarassed that there's underwear and bras strewn on the bed, pillows on the floor, that's something else. You used to be good about at least making the bed.",legitimate,uci_sms_spam
I'll let you know when it kicks in,legitimate,uci_sms_spam
You call him now ok i said call him,legitimate,uci_sms_spam
Call to the number which is available in appointment. And ask to connect the call to waheed fathima.,legitimate,uci_sms_spam
Or ü go buy wif him then i meet ü later can?,legitimate,uci_sms_spam
Mmmm ... Fuck ... Not fair ! You know my weaknesses ! *grins* *pushes you to your knee's* *exposes my belly and pulls your head to it* Don't forget ... I know yours too *wicked smile*,legitimate,uci_sms_spam
Today my system sh get ready.all is well and i am also in the deep well,legitimate,uci_sms_spam
Mom wants to know where you at,legitimate,uci_sms_spam
"Aight, I'll text you when I'm back",legitimate,uci_sms_spam
Dont know supports ass and srt i thnk. I think ps3 can play through usb too,legitimate,uci_sms_spam
Oh ok i didnt know what you meant. Yep i am baby jontin,legitimate,uci_sms_spam
You have WON a guaranteed £1000 cash or a £2000 prize.To claim yr prize call our customer service representative on,scam,uci_sms_spam
Would you like to see my XXX pics they are so hot they were nearly banned in the uk!,scam,uci_sms_spam
This pen thing is beyond a joke. Wont a Biro do? Don't do a masters as can't do this ever again! ,legitimate,uci_sms_spam
I AM AT A PARTY WITH ALEX NICHOLS,legitimate,uci_sms_spam
U have a secret admirer who is looking 2 make contact with U-find out who they R*reveal who thinks UR so special-call on 09058094594,scam,uci_sms_spam
Just seeing your missed call my dear brother. Do have a gr8 day.,legitimate,uci_sms_spam
Ok.. Ü finishing soon?,legitimate,uci_sms_spam
"Sorry, I can't help you on this.",legitimate,uci_sms_spam
"Come to me, slave. Your doing it again ... Going into your shell and unconsciously avoiding me ... You are making me unhappy :-(",legitimate,uci_sms_spam
I love your ass! Do you enjoy doggy style? :),legitimate,uci_sms_spam
I think asking for a gym is the excuse for lazy people. I jog.,legitimate,uci_sms_spam
Dear 0776xxxxxxx U've been invited to XCHAT. This is our final attempt to contact u! Txt CHAT to 86688 150p/MsgrcvdHG/Suite342/2Lands/Row/W1J6HL LDN 18yrs ,scam,uci_sms_spam
Urgent! Please call 09061743811 from landline. Your ABTA complimentary 4* Tenerife Holiday or £5000 cash await collection SAE T&Cs Box 326 CW25WX 150ppm,scam,uci_sms_spam
No. On the way home. So if not for the long dry spell the season would have been over,legitimate,uci_sms_spam
I gotta collect da car at 6 lei.,legitimate,uci_sms_spam
Ok but knackered. Just came home and went to sleep! Not good at this full time work lark.,legitimate,uci_sms_spam
Probably earlier than that if the station's where I think it is,legitimate,uci_sms_spam
CALL 09090900040 & LISTEN TO EXTREME DIRTY LIVE CHAT GOING ON IN THE OFFICE RIGHT NOW TOTAL PRIVACY NO ONE KNOWS YOUR [sic] LISTENING 60P MIN 24/7MP 0870753331018+,scam,uci_sms_spam
"FreeMsg Hey U, i just got 1 of these video/pic fones, reply WILD to this txt & ill send U my pics, hurry up Im so bored at work xxx (18 150p/rcvd STOP2stop)",scam,uci_sms_spam
"Uh, heads up we don't have THAT much left",legitimate,uci_sms_spam
I tot u outside cos darren say u come shopping. Of course we nice wat. We jus went sim lim look at mp3 player.,legitimate,uci_sms_spam
"Aight, sounds good. When do you want me to come down?",legitimate,uci_sms_spam
Wat would u like 4 ur birthday?,legitimate,uci_sms_spam
I love working from home :),legitimate,uci_sms_spam
And miss vday the parachute and double coins??? U must not know me very well...,legitimate,uci_sms_spam
My sister got placed in birla soft da:-),legitimate,uci_sms_spam
Free entry in 2 a weekly comp for a chance to win an ipod. Txt POD to 80182 to get entry (std txt rate) T&C's apply 08452810073 for details 18+,scam,uci_sms_spam
Wah... Okie okie... Muz make use of e unlimited... Haha... ,legitimate,uci_sms_spam
"There're some people by mu, I'm at the table by lambda",legitimate,uci_sms_spam
And stop being an old man. You get to build snowman snow angels and snowball fights.,legitimate,uci_sms_spam
ELLO BABE U OK?,legitimate,uci_sms_spam
Hello beautiful r u ok? I've kinda ad a row wiv and he walked out the pub?? I wanted a night wiv u Miss u ,legitimate,uci_sms_spam
Then u going ikea str aft dat?,legitimate,uci_sms_spam
Becoz its  &lt;#&gt;  jan whn al the post ofice is in holiday so she cn go fr the post ofice...got it duffer,legitimate,uci_sms_spam
Lol grr my mom is taking forever with my prescription. Pharmacy is like 2 minutes away. Ugh.,legitimate,uci_sms_spam
For real tho this sucks. I can't even cook my whole electricity is out. And I'm hungry.,legitimate,uci_sms_spam
You want to go? ,legitimate,uci_sms_spam
New TEXTBUDDY Chat 2 horny guys in ur area 4 just 25p Free 2 receive Search postcode or at gaytextbuddy.com. TXT ONE name to 89693. 08715500022 rpl Stop 2 cnl,scam,uci_sms_spam
Its not that time of the month nor mid of the time?,legitimate,uci_sms_spam
Fffff. Can you text kadeem or are you too far gone,legitimate,uci_sms_spam
We not leaving yet. Ok lor then we go elsewhere n eat. U thk...,legitimate,uci_sms_spam
Is fujitsu s series lifebook good?,legitimate,uci_sms_spam
Yar i wanted 2 scold u yest but late already... I where got zhong se qing you? If u ask me b4 he ask me then i'll go out w u all lor. N u still can act so real.,legitimate,uci_sms_spam
Dont know you bring some food,legitimate,uci_sms_spam
No current and food here. I am alone also,legitimate,uci_sms_spam
I'll be in sch fr 4-6... I dun haf da book in sch... It's at home...,legitimate,uci_sms_spam
Hello. They are going to the village pub at 8 so either come here or there accordingly. Ok?,legitimate,uci_sms_spam
Ok,legitimate,uci_sms_spam
We don call like  &lt;#&gt;  times oh. No give us hypertension oh.,legitimate,uci_sms_spam
"Dont give a monkeys wot they think and i certainly don't mind. Any friend of mine&all that! Just don't sleep wiv , that wud be annoyin!",legitimate,uci_sms_spam
Omg it could snow here tonite!,legitimate,uci_sms_spam
Call from 08702490080 - tells u 2 call 09066358152 to claim £5000 prize. U have 2 enter all ur mobile & personal details @ the prompts. Careful!,scam,uci_sms_spam
Free 1st week entry 2 TEXTPOD 4 a chance 2 win 40GB iPod or £250 cash every wk. Txt VPOD to 81303 Ts&Cs www.textpod.net custcare 08712405020.,scam,uci_sms_spam
Carry on not disturbing both of you,legitimate,uci_sms_spam
What pa tell me.. I went to bath:-),legitimate,uci_sms_spam
Jus finished avatar nigro,legitimate,uci_sms_spam
R u over scratching it?,legitimate,uci_sms_spam
Hope you are having a great day.,legitimate,uci_sms_spam
Did either of you have any idea's? Do you know of anyplaces doing something?,legitimate,uci_sms_spam
"My planning usually stops at ""find hella weed, smoke hella weed""",legitimate,uci_sms_spam
"The fact that you're cleaning shows you know why i'm upset. Your priority is constantly ""what i want to do,"" not ""what i need to do.""",legitimate,uci_sms_spam
Excellent! Are you ready to moan and scream in ecstasy?,legitimate,uci_sms_spam
More people are dogging in your area now. Call 09090204448 and join like minded guys. Why not arrange 1 yourself. There's 1 this evening. A£1.50 minAPN LS278BB,scam,uci_sms_spam
Dude avatar 3d was imp. At one point i thought there were actually flies in the room and almost tried hittng one as a reflex,legitimate,uci_sms_spam
"WELL DONE! Your 4* Costa Del Sol Holiday or £5000 await collection. Call 09050090044 Now toClaim. SAE, TCs, POBox334, Stockport, SK38xh, Cost£1.50/pm, Max10mins",scam,uci_sms_spam
K...k:)why cant you come here and search job:),legitimate,uci_sms_spam
I got lousy sleep. I kept waking up every 2 hours to see if my cat wanted to come in. I worry about him when its cold :(,legitimate,uci_sms_spam
"Yeah, I'll leave in a couple minutes &amp; let you know when I get to mu",legitimate,uci_sms_spam
Can ü call me at 10:10 to make sure dat i've woken up...,legitimate,uci_sms_spam
Hey we can go jazz power yoga hip hop kb and yogasana ,legitimate,uci_sms_spam
The battery is for mr adewale my uncle. Aka Egbon,legitimate,uci_sms_spam
Wait 2 min..stand at bus stop,legitimate,uci_sms_spam
Oh ic. I thought you meant mary jane.,legitimate,uci_sms_spam
Haha... Really oh no... How? Then will they deduct your lesson tmr?,legitimate,uci_sms_spam
Nah im goin 2 the wrks with j wot bout u?,legitimate,uci_sms_spam
Then just eat a shit and wait for ur monkey face bitch.......... U asshole..................,legitimate,uci_sms_spam
Good night. Am going to sleep.,legitimate,uci_sms_spam
"Aight I'll grab something to eat too, text me when you're back at mu",legitimate,uci_sms_spam
Take something for pain. If it moves however to any side in the next 6hrs see a doctor.,legitimate,uci_sms_spam
"Lol ... Oh no babe, I wont be sliding into your place after midnight, but thanks for the invite",legitimate,uci_sms_spam
Howz that persons story,legitimate,uci_sms_spam
Guess what! Somebody you know secretly fancies you! Wanna find out who it is? Give us a call on 09065394973 from Landline DATEBox1282EssexCM61XN 150p/min 18,scam,uci_sms_spam
LOL that would be awesome payback.,legitimate,uci_sms_spam
it to 80488. Your 500 free text messages are valid until 31 December 2005.,scam,uci_sms_spam
"Honeybee Said: *I'm d Sweetest in d World* God Laughed &amp; Said: *Wait,U Havnt Met d Person Reading This Msg* MORAL: Even GOD Can Crack Jokes! GM+GN+GE+GN:)",legitimate,uci_sms_spam
Thanks. It was only from tescos but quite nice. All gone now. Speak soon ,legitimate,uci_sms_spam
What's a feathery bowa? Is that something guys have that I don't know about?,legitimate,uci_sms_spam
Even i cant close my eyes you are in me our vava playing umma :-D,legitimate,uci_sms_spam
2 laptop... I noe infra but too slow lar... I wan fast one,legitimate,uci_sms_spam
You have won a guaranteed £200 award or even £1000 cashto claim UR award call free on 08000407165 (18+) 2 stop getstop on 88222 PHP,scam,uci_sms_spam
Nvm it's ok...,legitimate,uci_sms_spam
Enjoy ur life. . Good night,legitimate,uci_sms_spam
Yes but can we meet in town cos will go to gep and then home. You could text at bus stop. And don't worry we'll have finished by march … ish!,legitimate,uci_sms_spam
Thats cool. Where should i cum? On you or in you? :),legitimate,uci_sms_spam
Delhi and chennai still silent.,legitimate,uci_sms_spam
Lol alright i was thinkin that too haha,legitimate,uci_sms_spam
Reply to win £100 weekly! Where will the 2006 FIFA World Cup be held? Send STOP to 87239 to end service,scam,uci_sms_spam
No I'm in the same boat. Still here at my moms. Check me out on yo. I'm half naked.,legitimate,uci_sms_spam
Shhhhh nobody is supposed to know!,legitimate,uci_sms_spam
"Sorry, I'll call later in meeting any thing related to trade please call Arul. &lt;#&gt; ",legitimate,uci_sms_spam
Hey i will be late... i'm at amk. Need to drink tea or coffee,legitimate,uci_sms_spam
Urgent! Please call 09061743810 from landline. Your ABTA complimentary 4* Tenerife Holiday or #5000 cash await collection SAE T&Cs Box 326 CW25WX 150 ppm,scam,uci_sms_spam
The length is e same but e top shorter n i got a fringe now. I thk i'm not going liao. Too lazy. Dun wan 2 distract u also.,legitimate,uci_sms_spam
S..antha num corrct dane,legitimate,uci_sms_spam
The basket's gettin full so I might be by tonight,legitimate,uci_sms_spam
HI DARLIN IVE JUST GOT BACK AND I HAD A REALLY NICE NIGHT AND THANKS SO MUCH FOR THE LIFT SEE U TOMORROW XXX,legitimate,uci_sms_spam
No other Valentines huh? The proof is on your fb page. Ugh I'm so glad I really DIDN'T watch your rupaul show you TOOL!,legitimate,uci_sms_spam
Free tones Hope you enjoyed your new content. text stop to 61610 to unsubscribe. help:08712400602450p Provided by tones2you.co.uk,scam,uci_sms_spam
Eh den sat u book e kb liao huh...,legitimate,uci_sms_spam
Have you been practising your curtsey?,legitimate,uci_sms_spam
Lol boo I was hoping for a laugh,legitimate,uci_sms_spam
"YEH I AM DEF UP4 SOMETHING SAT,JUST GOT PAYED2DAY & I HAVBEEN GIVEN A£50 PAY RISE 4MY WORK & HAVEBEEN MADE PRESCHOOLCO-ORDINATOR 2I AM FEELINGOOD LUV",legitimate,uci_sms_spam
"Well, I have to leave for my class babe ... You never came back to me ... :-( ... Hope you have a nice sleep, my love",legitimate,uci_sms_spam
LMAO where's your fish memory when I need it?,legitimate,uci_sms_spam
But i'll b going 2 sch on mon. My sis need 2 take smth.,legitimate,uci_sms_spam
Idea will soon get converted to live:),legitimate,uci_sms_spam
TheMob>Yo yo yo-Here comes a new selection of hot downloads for our members to get for FREE! Just click & open the next link sent to ur fone...,scam,uci_sms_spam
S....s...india going to draw the series after many years in south african soil..,legitimate,uci_sms_spam
"Goodmorning, today i am late for  &lt;DECIMAL&gt; min.",legitimate,uci_sms_spam
Can't take any major roles in community outreach. You rock mel,legitimate,uci_sms_spam
Shopping lor. Them raining mah hard 2 leave orchard.,legitimate,uci_sms_spam
Hi here. have birth at on the  to  at 8lb 7oz. Mother and baby doing brilliantly.,legitimate,uci_sms_spam
See the forwarding message for proof,legitimate,uci_sms_spam
"I can't keep going through this. It was never my intention to run you out, but if you choose to do that rather than keep the room clean so *I* don't have to say no to visitors, then maybe that's the best choice. Yes, I wanted you to be embarassed, so maybe you'd feel for once how I feel when i have a friend who wants to drop buy and i have to say no, as happened this morning. I've tried everything. I don't know what else to do.",legitimate,uci_sms_spam
Dunno lei... I thk mum lazy to go out... I neva ask her yet...,legitimate,uci_sms_spam
"Do whatever you want. You know what the rules are. We had a talk earlier this week about what had to start happening, you showing responsibility. Yet, every week it's can i bend the rule this way? What about that way? Do whatever. I'm tired of having thia same argument with you every week. And a  &lt;#&gt;  movie DOESNT inlude the previews. You're still getting in after 1.",legitimate,uci_sms_spam
"Beautiful Truth against Gravity.. Read carefully: ""Our heart feels light when someone is in it.. But it feels very heavy when someone leaves it.."" GOODMORNING",legitimate,uci_sms_spam
Great News! Call FREEFONE 08006344447 to claim your guaranteed £1000 CASH or £2000 gift. Speak to a live operator NOW!,scam,uci_sms_spam
Ambrith..madurai..met u in arun dha marrge..remembr?,legitimate,uci_sms_spam
Just re read it and I have no shame but tell me how he takes it and if he runs I will blame u 4 ever!! Not really 4 ever just a long time ,legitimate,uci_sms_spam
"Princess, is your kitty shaved or natural?",legitimate,uci_sms_spam
"Better than bb. If he wont use it, his wife will or them doctor",legitimate,uci_sms_spam
Ya it came a while ago,legitimate,uci_sms_spam
From tomorrow onwards eve 6 to 3 work.,legitimate,uci_sms_spam
Anything lor but toa payoh got place 2 walk meh...,legitimate,uci_sms_spam
"I don't have anybody's number, I still haven't thought up a tactful way to ask alex",legitimate,uci_sms_spam
"U can WIN £100 of Music Gift Vouchers every week starting NOW Txt the word DRAW to 87066 TsCs www.ldew.com SkillGame,1Winaweek, age16.150ppermessSubscription",scam,uci_sms_spam
Is there any movie theatre i can go to and watch unlimited movies and just pay once?,legitimate,uci_sms_spam
U having lunch alone? I now so bored...,legitimate,uci_sms_spam
"Yes obviously, but you are the eggs-pert and the potato head… Speak soon! ",legitimate,uci_sms_spam
"Nah man, my car is meant to be crammed full of people",legitimate,uci_sms_spam
No got new job at bar in airport on satsgettin 4.47per hour but means no lie in! keep in touch,legitimate,uci_sms_spam
Kallis is ready for bat in 2nd innings,legitimate,uci_sms_spam
Thanx but my birthday is over already.,legitimate,uci_sms_spam
"Ugh y can't u just apologize, admit u were wrong and ask me to take u back?",legitimate,uci_sms_spam
"I noe la... U wana pei bf oso rite... K lor, other days den...",legitimate,uci_sms_spam
"Yes, i'm small kid.. And boost is the secret of my energy..",legitimate,uci_sms_spam
IM GONNA MISS U SO MUCH,legitimate,uci_sms_spam
Is avatar supposed to have subtoitles,legitimate,uci_sms_spam
Simply sitting and watching match in office..,legitimate,uci_sms_spam
You can jot down things you want to remember later.,legitimate,uci_sms_spam
Oh sorry please its over,legitimate,uci_sms_spam
Hey are we going for the lo lesson or gym? ,legitimate,uci_sms_spam
"Dont pack what you can buy at any store.like cereals. If you must pack food, pack gari or something 9ja that you will miss.",legitimate,uci_sms_spam
You always make things bigger than they are,legitimate,uci_sms_spam
Ü dun wan to watch infernal affair?,legitimate,uci_sms_spam
"Me not waking up until 4 in the afternoon, sup",legitimate,uci_sms_spam
I can send you a pic if you like :),legitimate,uci_sms_spam
Okay... I booked all already... Including the one at bugis.,legitimate,uci_sms_spam
"Aight fuck it, I'll get it later",legitimate,uci_sms_spam
No de. But call me after some time. Ill tell you k,legitimate,uci_sms_spam
So dont use hook up any how,legitimate,uci_sms_spam
How much is blackberry bold2 in nigeria.,legitimate,uci_sms_spam
Hi where you. You in home or calicut?,legitimate,uci_sms_spam
Hey darlin.. i can pick u up at college if u tell me wen & where 2 mt.. love Pete xx,legitimate,uci_sms_spam
"Call 09094100151 to use ur mins! Calls cast 10p/min (mob vary). Service provided by AOM, just GBP5/month. AOM Box61,M60 1ER until u stop. Ages 18+ only!",scam,uci_sms_spam
"Oh... I was thkin of goin yogasana at 10 den no nd to go at 3 den can rush to parco 4 nb... Okie lor, u call me when ready...",legitimate,uci_sms_spam
Y so late but i need to go n get da laptop...,legitimate,uci_sms_spam
"Sir, I am waiting for your mail.",legitimate,uci_sms_spam
.Please charge my mobile when you get up in morning.,legitimate,uci_sms_spam
"Nothing, i got msg frm tht unknown no..",legitimate,uci_sms_spam
Ugh fuck it I'm resubbing to eve,legitimate,uci_sms_spam
He didn't see his shadow. We get an early spring yay,legitimate,uci_sms_spam
I did. One slice and one breadstick. Lol,legitimate,uci_sms_spam
"Hey ! I want you ! I crave you ! I miss you ! I need you ! I love you, Ahmad Saeed al Hallaq ...",legitimate,uci_sms_spam
Is there any training tomorrow?,legitimate,uci_sms_spam
"URGENT! Your mobile No *********** WON a £2,000 Bonus Caller Prize on 02/06/03! This is the 2nd attempt to reach YOU! Call 09066362220 ASAP! BOX97N7QP, 150ppm",scam,uci_sms_spam
Pass dis to all ur contacts n see wat u get! Red;i'm in luv wid u. Blue;u put a smile on my face. Purple;u r realy hot. Pink;u r so swt. Orange;i thnk i lyk u. Green;i realy wana go out wid u. Yelow;i wnt u bck. Black;i'm jealous of u. Brown;i miss you Nw plz giv me one color,legitimate,uci_sms_spam
Cos daddy arranging time c wat time fetch ü mah...,legitimate,uci_sms_spam
Then. You are eldest know.,legitimate,uci_sms_spam
Who's there say hi to our drugdealer,legitimate,uci_sms_spam
Its hard to believe things like this. All can say lie but think twice before saying anything to me.,legitimate,uci_sms_spam
"Eerie Nokia tones 4u, rply TONE TITLE to 8007 eg TONE DRACULA to 8007 Titles: GHOST, ADDAMSFA, MUNSTERS, EXORCIST, TWILIGHT www.getzed.co.uk POBox36504W45WQ 150p ",scam,uci_sms_spam
Sexy Singles are waiting for you! Text your AGE followed by your GENDER as wither M or F E.G.23F. For gay men text your AGE followed by a G. e.g.23G.,scam,uci_sms_spam
Good night my dear.. Sleepwell&amp;Take care,legitimate,uci_sms_spam
That is wondarfull song,legitimate,uci_sms_spam
"FreeMsg: Claim ur 250 SMS messages-Text OK to 84025 now!Use web2mobile 2 ur mates etc. Join Txt250.com for 1.50p/wk. T&C BOX139, LA32WU. 16 . Remove txtX or stop",scam,uci_sms_spam
Yar lor actually we quite fast... Cos da ge slow wat... Haha...,legitimate,uci_sms_spam
Must come later.. I normally bathe him in da afternoon mah..,legitimate,uci_sms_spam
"Trust me. Even if isn't there, its there.",legitimate,uci_sms_spam
Hey hun-onbus goin 2 meet him. He wants 2go out 4a meal but I donyt feel like it cuz have 2 get last bus home!But hes sweet latelyxxx,legitimate,uci_sms_spam
85233 FREE>Ringtone!Reply REAL,scam,uci_sms_spam
I can take you at like noon,legitimate,uci_sms_spam
Where is it. Is there any opening for mca.,legitimate,uci_sms_spam
I'm aight. Wat's happening on your side.,legitimate,uci_sms_spam
I'm done oredi...,legitimate,uci_sms_spam
"you are sweet as well, princess. Please tell me your likes and dislikes in bed...",legitimate,uci_sms_spam
How are you. Wish you a great semester,legitimate,uci_sms_spam
Moji i love you more than words. Have a rich day,legitimate,uci_sms_spam
Dude how do you like the buff wind.,legitimate,uci_sms_spam
"alright babe, justthought id sayhey! how u doin?nearly the endof me wk offdam nevamind!We will have 2Hook up sn if uwant m8? loveJen x.",legitimate,uci_sms_spam
Well done ENGLAND! Get the official poly ringtone or colour flag on yer mobile! text TONE or FLAG to 84199 NOW! Opt-out txt ENG STOP. Box39822 W111WX £1.50,scam,uci_sms_spam
"No i'm not. I can't give you everything you want and need. You actually could do better for yourself on yor own--you've got more money than i do. I can't get work, i can't get a man, i can't pay the rent, i can't even fill my fucking gas tank. yes, i'm stressed and depressed. I didn't even call home for thanksgiving cuz i'll have to tell them i,m up to nothing.",legitimate,uci_sms_spam
S:-)kallis wont play in first two odi:-),legitimate,uci_sms_spam
Then get some cash together and I'll text jason,legitimate,uci_sms_spam
"Oh, my love, it's soooo good to hear from you. Omg I missed you so much today. I'm sorry your having problems with the provider but thank you for tming me",legitimate,uci_sms_spam
"Final Chance! Claim ur £150 worth of discount vouchers today! Text YES to 85023 now! SavaMob, member offers mobile! T Cs SavaMob POBOX84, M263UZ. £3.00 Subs 16",scam,uci_sms_spam
"Probably, want to pick up more?",legitimate,uci_sms_spam
I'm done...,legitimate,uci_sms_spam
Are you the cutest girl in the world or what,legitimate,uci_sms_spam
"No dice, art class 6 thru 9 :( thanks though. Any idea what time I should come tomorrow?",legitimate,uci_sms_spam
"SMS SERVICES. for your inclusive text credits, pls goto www.comuk.net login= ***** unsubscribe with STOP. no extra charge. help:08700469649. PO BOX420. IP4 5WE",scam,uci_sms_spam
Oh Howda gud gud.. Mathe en samachara chikku:-),legitimate,uci_sms_spam
I thk 530 lor. But dunno can get tickets a not. Wat u doing now?,legitimate,uci_sms_spam
Audrie lousy autocorrect,legitimate,uci_sms_spam
Its a site to simulate the test. It just gives you very tough questions to test your readiness.,legitimate,uci_sms_spam
Anyway seriously hit me up when you're back because otherwise I have to light up with armand and he always has shit and/or is vomiting,legitimate,uci_sms_spam
I fetch yun or u fetch?,legitimate,uci_sms_spam
Thank you. I like you as well...,legitimate,uci_sms_spam
"Hmmm ... And imagine after you've come home from that having to rub my feet, make me dinner and help me get ready for my date ! Are you sure your ready for that kind of life ?",legitimate,uci_sms_spam
Lara said she can loan me  &lt;#&gt; .,legitimate,uci_sms_spam
Do we have any spare power supplies,legitimate,uci_sms_spam
Yar he quite clever but aft many guesses lor. He got ask me 2 bring but i thk darren not so willing 2 go. Aiya they thk leona still not attach wat.,legitimate,uci_sms_spam
You are a winner you have been specially selected to receive £1000 cash or a £2000 award. Speak to a live operator to claim call 087123002209am-7pm. Cost 10p,scam,uci_sms_spam
"Yeah, don't go to bed, I'll be back before midnight",legitimate,uci_sms_spam
"Sunshine Hols. To claim ur med holiday send a stamped self address envelope to Drinks on Us UK, PO Box 113, Bray, Wicklow, Eire. Quiz Starts Saturday! Unsub Stop",scam,uci_sms_spam
Well I wasn't available as I washob nobbing with last night so they had to ask Nickey Platt instead of me!;,legitimate,uci_sms_spam
"It's that time of the week again, ryan",legitimate,uci_sms_spam
Wish u many many returns of the day.. Happy birthday vikky..,legitimate,uci_sms_spam
"U can WIN £100 of Music Gift Vouchers every week starting NOW Txt the word DRAW to 87066 TsCs www.Idew.com SkillGame, 1Winaweek, age16. 150ppermessSubscription",scam,uci_sms_spam
I hope you know I'm still mad at you.,legitimate,uci_sms_spam
"Argh my 3g is spotty, anyway the only thing I remember from the research we did was that province and sterling were the only problem-free places we looked at",legitimate,uci_sms_spam
In xam hall boy asked girl Tell me the starting term for dis answer I can den manage on my own After lot of hesitation n lookin around silently she said THE! intha ponnungale ipaditan;),legitimate,uci_sms_spam
Do you know when the result.,legitimate,uci_sms_spam
"Sorry im getting up now, feel really bad- totally rejected that kinda me thing.",legitimate,uci_sms_spam
You do got a shitload of diamonds though,legitimate,uci_sms_spam
Tessy..pls do me a favor. Pls convey my birthday wishes to Nimya..pls dnt forget it. Today is her birthday Shijas,legitimate,uci_sms_spam
Well I'm going to be an aunty!,legitimate,uci_sms_spam
Mine here like all fr china then so noisy.,legitimate,uci_sms_spam
Later i guess. I needa do mcat study too.,legitimate,uci_sms_spam
S...from the training manual it show there is no tech process:)its all about password reset and troubleshooting:),legitimate,uci_sms_spam
Your B4U voucher w/c 27/03 is MARSMS. Log onto www.B4Utele.com for discount credit. To opt out reply stop. Customer care call 08717168528,scam,uci_sms_spam
"Spoke with uncle john today. He strongly feels that you need to sacrifice to keep me here. He's going to call you. When he does, i beg you to just listen. Dont make any promises or make it clear things are not easy. And i need you to please let us work things out. As long as i keep expecting help, my creativity will be stifled so pls just keep him happy, no promises on your part.",legitimate,uci_sms_spam
"Carlos took a while (again), we leave in a minute",legitimate,uci_sms_spam
Well done and ! luv ya all ,legitimate,uci_sms_spam
Then why you came to hostel.,legitimate,uci_sms_spam
K still are you loving me.,legitimate,uci_sms_spam
But i juz remembered i gotta bathe my dog today..,legitimate,uci_sms_spam
After the drug she will be able to eat.,legitimate,uci_sms_spam
Alright took the morphine. Back in yo.,legitimate,uci_sms_spam
You see the requirements please,legitimate,uci_sms_spam
You stayin out of trouble stranger!!saw Dave the other day hes sorted now!still with me bloke when u gona get a girl MR!ur mum still Thinks we will get 2GETHA! ,legitimate,uci_sms_spam
FreeMsg: Hey - I'm Buffy. 25 and love to satisfy men. Home alone feeling randy. Reply 2 C my PIX! QlynnBV Help08700621170150p a msg Send stop to stop txts,scam,uci_sms_spam
So can collect ur laptop?,legitimate,uci_sms_spam
"Ok. Can be later showing around 8-8:30 if you want + cld have drink before. Wld prefer not to spend money on nosh if you don't mind, as doing that nxt wk.",legitimate,uci_sms_spam
I will once i get home,legitimate,uci_sms_spam
Waaaat?? Lololo ok next time then!,legitimate,uci_sms_spam
"The table's occupied, I'm waiting by the tree",legitimate,uci_sms_spam
I surely dont forgot to come:)i will always be in touch in with you:-),legitimate,uci_sms_spam
Hi kindly give us back our documents which we submitted for loan from STAPATI,legitimate,uci_sms_spam
I dont have i shall buy one dear,legitimate,uci_sms_spam
Oh god i am happy to see your message after 3 days,legitimate,uci_sms_spam
What year. And how many miles.,legitimate,uci_sms_spam
Hey cutie. How goes it? Here in WALES its kinda ok. There is like hills and shit but i still avent killed myself. ,legitimate,uci_sms_spam
"Sad story of a Man - Last week was my b'day. My Wife did'nt wish me. My Parents forgot n so did my Kids . I went to work. Even my Colleagues did not wish. As I entered my cabin my PA said, '' Happy B'day Boss !!''. I felt special. She askd me 4 lunch. After lunch she invited me to her apartment. We went there. She said,'' do u mind if I go into the bedroom for a minute ? '' ''OK'', I sed in a sexy mood. She came out 5 minuts latr wid a cake...n My Wife, My Parents, My Kidz, My Friends n My Colleagues. All screaming.. SURPRISE !! and I was waiting on the sofa.. ... ..... ' NAKED...!",legitimate,uci_sms_spam
I think you should go the honesty road. Call the bank tomorrow. Its the tough decisions that make us great people.,legitimate,uci_sms_spam
FREE for 1st week! No1 Nokia tone 4 ur mob every week just txt NOKIA to 87077 Get txting and tell ur mates. zed POBox 36504 W45WQ norm150p/tone 16+,scam,uci_sms_spam
No. Its not specialisation. Can work but its slave labor. Will look for it this month sha cos no shakara 4 beggar.,legitimate,uci_sms_spam
Is she replying. Has boye changed his phone number,legitimate,uci_sms_spam
hi my darlin im on my way to London and we have just been smashed into by another driver! and have a big dent! im really missing u what have u been up to? xxx,legitimate,uci_sms_spam
"Nothing really, just making sure everybody's up to speed",legitimate,uci_sms_spam
I'm not coming home 4 dinner.,legitimate,uci_sms_spam
"Thank you. And by the way, I just lost.",legitimate,uci_sms_spam
Yes.he have good crickiting mind,legitimate,uci_sms_spam
Thx. All will be well in a few months,legitimate,uci_sms_spam
"CAN I PLEASE COME UP NOW IMIN TOWN.DONTMATTER IF URGOIN OUTL8R,JUST REALLYNEED 2DOCD.PLEASE DONTPLEASE DONTIGNORE MYCALLS,U NO THECD ISV.IMPORTANT TOME 4 2MORO",legitimate,uci_sms_spam
I wont. So wat's wit the guys,legitimate,uci_sms_spam
Yavnt tried yet and never played original either,legitimate,uci_sms_spam
"Hiya, had a good day? Have you spoken to since the weekend?",legitimate,uci_sms_spam
See? I thought it all through,legitimate,uci_sms_spam
get ready to moan and scream :),legitimate,uci_sms_spam
Oh k :)why you got job then whats up?,legitimate,uci_sms_spam
"I don,t think so. You don't need to be going out that late on a school night. ESPECIALLY when the one class you have is the one you missed last wednesday and probably failed a test in on friday",legitimate,uci_sms_spam
And popping &lt;#&gt; ibuprofens was no help.,legitimate,uci_sms_spam
"Babe ! How goes that day ? What are you doing ? Where are you ? I sip my cappuccino and think of you, my love ... I send a kiss to you from across the sea",legitimate,uci_sms_spam
Ok.,legitimate,uci_sms_spam
PS U no ur a grown up now right?,legitimate,uci_sms_spam
"Chinatown got porridge, claypot rice, yam cake, fishhead beehoon... Either we eat cheap den go cafe n tok or go nydc or somethin...",legitimate,uci_sms_spam
I know a few people I can hit up and fuck to the yes,legitimate,uci_sms_spam
Purity of friendship between two is not about smiling after reading the forwarded message..Its about smiling just by seeing the name. Gud evng,legitimate,uci_sms_spam
So is there anything specific I should be doing with regards to jaklin or what because idk what the fuck,legitimate,uci_sms_spam
Oh god. I'm gonna Google nearby cliffs now.,legitimate,uci_sms_spam
FREE camera phones with linerental from 4.49/month with 750 cross ntwk mins. 1/2 price txt bundle deals also avble. Call 08001950382 or call2optout/J MF,scam,uci_sms_spam
Yup i shd haf ard 10 pages if i add figures... Ü all got how many pages?,legitimate,uci_sms_spam
"Ooh, 4got, i'm gonna start belly dancing in moseley weds 6.30 if u want 2 join me, they have a cafe too. ",legitimate,uci_sms_spam
Thankyou so much for the call. I appreciate your care.,legitimate,uci_sms_spam
Congrats ! Treat pending.i am not on mail for 2 days.will mail once thru.Respect mother at home.check mails.,legitimate,uci_sms_spam
I called but no one pick up e phone. I ask both of them already they said ok.,legitimate,uci_sms_spam
Hi my email address has changed now it is ,legitimate,uci_sms_spam
"V-aluable. A-ffectionate. L-oveable. E-ternal. N-oble. T-ruthful. I-ntimate. N-atural. E-namous. Happy ""VALENTINES DAY"" in advance",legitimate,uci_sms_spam
"Not much, just some textin'. How bout you?",legitimate,uci_sms_spam
Bring it if you got it,legitimate,uci_sms_spam
I'm in a movie. Call me 4 wat?,legitimate,uci_sms_spam
Not sure I have the stomach for it ...,legitimate,uci_sms_spam
Haha... can... But i'm having dinner with my cousin...,legitimate,uci_sms_spam
"A boy was late 2 home. His father: ""POWER OF FRNDSHIP""",legitimate,uci_sms_spam
"(And my man carlos is definitely coming by mu tonight, no excuses)",legitimate,uci_sms_spam
soon you will have the real thing princess! Do i make you wet? :),legitimate,uci_sms_spam
Raji..pls do me a favour. Pls convey my Birthday wishes to Nimya. Pls. Today is her birthday.,legitimate,uci_sms_spam
"Haha, my legs and neck are killing me and my amigos are hoping to end the night with a burn, think I could swing by in like an hour?",legitimate,uci_sms_spam
"URGENT! Your mobile No 07xxxxxxxxx won a £2,000 bonus caller prize on 02/06/03! this is the 2nd attempt to reach YOU! call 09066362231 ASAP! BOX97N7QP, 150PPM",scam,uci_sms_spam
Usually the body takes care of it buy making sure it doesnt progress. Can we pls continue this talk on saturday.,legitimate,uci_sms_spam
"URGENT!! Your 4* Costa Del Sol Holiday or £5000 await collection. Call 09050090044 Now toClaim. SAE, TC s, POBox334, Stockport, SK38xh, Cost£1.50/pm, Max10mins",scam,uci_sms_spam
"Hmm well, night night ",legitimate,uci_sms_spam
Just wanted to say holy shit you guys weren't kidding about this bud,legitimate,uci_sms_spam
"Just gettin a bit arty with my collages at the mo, well tryin 2 ne way! Got a roast in a min lovely i shall enjoy that!",legitimate,uci_sms_spam
"This is one of the days you have a billion classes, right?",legitimate,uci_sms_spam
"Goodmorning, today i am late for 2hrs. Because of back pain.",legitimate,uci_sms_spam
Ok then i'll let him noe later n ask him call u tmr...,legitimate,uci_sms_spam
OK i'm waliking ard now... Do u wan me 2 buy anything go ur house?,legitimate,uci_sms_spam
* Will have two more cartons off u and is very pleased with shelves,legitimate,uci_sms_spam
Nice talking to you! please dont forget my pix :) i want to see all of you...,legitimate,uci_sms_spam
You have WON a guaranteed £1000 cash or a £2000 prize. To claim yr prize call our customer service representative on 08714712379 between 10am-7pm Cost 10p,scam,uci_sms_spam
But really quite funny lor wat... Then u shd haf run shorter distance wat...,legitimate,uci_sms_spam
I notice you like looking in the shit mirror youre turning into a right freak,legitimate,uci_sms_spam
Great. I was getting worried about you. Just know that a wonderful and caring person like you will have only the best in life. Know that u r wonderful and God's love is yours.,legitimate,uci_sms_spam
"Thanks for your ringtone order, ref number K718. Your mobile will be charged £4.50. Should your tone not arrive please call customer services on 09065069120",scam,uci_sms_spam
"I prefer my free days... Tues, wed, fri oso can... Ü ask those workin lor...",legitimate,uci_sms_spam
Alrite jod hows the revision goin? Keris bin doin a smidgin. N e way u wanna cum over after college?xx,legitimate,uci_sms_spam
If you have belive me. Come to my home.,legitimate,uci_sms_spam
Oh k.k..where did you take test?,legitimate,uci_sms_spam
Those were my exact intentions,legitimate,uci_sms_spam
haha but no money leh... Later got to go for tuition... Haha and looking for empty slots for driving lessons,legitimate,uci_sms_spam
"Hey... Thk we juz go accordin to wat we discussed yest lor, except no kb on sun... Cos there's nt much lesson to go if we attend kb on sat...",legitimate,uci_sms_spam
"K, wen ur free come to my home and also tel vikky i hav sent mail to him also.. Better come evening il be free today aftr 6pm..:-)",legitimate,uci_sms_spam
Nothing just getting msgs by dis name wit different no's..,legitimate,uci_sms_spam
What's your room number again? Wanna make sure I'm knocking on the right door,legitimate,uci_sms_spam
"Si.como no?!listened2the plaid album-quite gd&the new air1 which is hilarious-also boughtbraindancea comp.ofstuff on aphexs ;abel,u hav2hear it!c u sn xxxx",legitimate,uci_sms_spam
Pls tell nelson that the bb's are no longer comin. The money i was expecting aint coming,legitimate,uci_sms_spam
"Give her something to drink, if she takes it and doesn't vomit then you her temp might drop. If she unmits however let me know.",legitimate,uci_sms_spam
Think you sent the text to the home phone. That cant display texts. If you still want to send it his number is,legitimate,uci_sms_spam
Every day i use to sleep after  &lt;#&gt;  so only.,legitimate,uci_sms_spam
K I'll call you when I'm close,legitimate,uci_sms_spam
U buy newspapers already?,legitimate,uci_sms_spam
Nope wif my sis lor... Aft bathing my dog then i can bathe... Looks like it's going 2 rain soon.,legitimate,uci_sms_spam
Boo I'm on my way to my moms. She's making tortilla soup. Yummmm,legitimate,uci_sms_spam
No management puzzeles.,legitimate,uci_sms_spam
How did you find out in a way that didn't include all of these details,legitimate,uci_sms_spam
"Hi ya babe x u 4goten bout me?' scammers getting smart..Though this is a regular vodafone no, if you respond you get further prem rate msg/subscription. Other nos used also. Beware!",scam,uci_sms_spam
Back 2 work 2morro half term over! Can U C me 2nite 4 some sexy passion B4 I have 2 go back? Chat NOW 09099726481 Luv DENA Calls £1/minMobsmoreLKPOBOX177HP51FL,scam,uci_sms_spam
will you like to be spoiled? :),legitimate,uci_sms_spam
"Thanks for your ringtone order, ref number R836. Your mobile will be charged £4.50. Should your tone not arrive please call customer services on 09065069154",scam,uci_sms_spam
I am getting threats from your sales executive Shifad as i raised complaint against him. Its an official message.,legitimate,uci_sms_spam
hope things went well at 'doctors' ;) reminds me i still need 2go.did u c d little thing i left in the lounge?,legitimate,uci_sms_spam
Den wat will e schedule b lk on sun?,legitimate,uci_sms_spam
Lol enjoy role playing much?,legitimate,uci_sms_spam
Ok. Me watching tv too.,legitimate,uci_sms_spam
"I just lov this line: ""Hurt me with the truth, I don't mind,i wil tolerat.bcs ur my someone..... But, Never comfort me with a lie"" gud ni8 and sweet dreams",legitimate,uci_sms_spam
"Just checked out, heading out to drop off my stuff now",legitimate,uci_sms_spam
Here got lots of hair dresser fr china.,legitimate,uci_sms_spam
Sad story of a Man - Last week was my b'day. My Wife did'nt wish me. My Parents forgot n so did my Kids . I went to work. Even my Colleagues did not wish.,legitimate,uci_sms_spam
Ill call you evening ill some ideas.,legitimate,uci_sms_spam
SplashMobile: Choose from 1000s of gr8 tones each wk! This is a subscrition service with weekly tones costing 300p. U have one credit - kick back and ENJOY,scam,uci_sms_spam
Did you show him and wot did he say or could u not c him 4 dust?,legitimate,uci_sms_spam
It should take about  &lt;#&gt;  min,legitimate,uci_sms_spam
Not heard from U4 a while. Call 4 rude chat private line 01223585334 to cum. Wan 2C pics of me gettin shagged then text PIX to 8552. 2End send STOP 8552 SAM xxx,scam,uci_sms_spam
<Forwarded from 88877>FREE entry into our £250 weekly comp just send the word ENTER to 88877 NOW. 18 T&C www.textcomp.com,scam,uci_sms_spam
Finish liao... U?,legitimate,uci_sms_spam
88066 FROM 88066 LOST 3POUND HELP,scam,uci_sms_spam
Haha i think i did too,legitimate,uci_sms_spam
U know we watchin at lido?,legitimate,uci_sms_spam
Life spend with someone for a lifetime may be meaningless but a few moments spent with someone who really love you means more than life itself..,legitimate,uci_sms_spam
"Haha awesome, I've been to 4u a couple times. Who all's coming?",legitimate,uci_sms_spam
Cold. Dont be sad dear,legitimate,uci_sms_spam
Think I could stop by in like an hour or so? My roommate's looking to stock up for a trip,legitimate,uci_sms_spam
Is that on the telly? No its Brdget Jones!,legitimate,uci_sms_spam
Hello! How r u? Im bored. Inever thought id get bored with the tv but I am. Tell me something exciting has happened there? Anything! =/,legitimate,uci_sms_spam
Hmm...Bad news...Hype park plaza $700 studio taken...Only left 2 bedrm-$900...,legitimate,uci_sms_spam
"Sorry, I'll call later in meeting",legitimate,uci_sms_spam
R ü comin back for dinner?,legitimate,uci_sms_spam
"I hav almost reached. Call, i m unable to connect u.",legitimate,uci_sms_spam
Whom you waited for yesterday,legitimate,uci_sms_spam
I reach home safe n sound liao...,legitimate,uci_sms_spam
"Velly good, yes please!",legitimate,uci_sms_spam
"Hi, wkend ok but journey terrible. Wk not good as have huge back log of marking to do",legitimate,uci_sms_spam
I have had two more letters from . I will copy them for you cos one has a message for you. Speak soon,legitimate,uci_sms_spam
Alex knows a guy who sells mids but he's down in south tampa and I don't think I could set it up before like 8,legitimate,uci_sms_spam
Dont you have message offer,legitimate,uci_sms_spam
Had your mobile 11mths ? Update for FREE to Oranges latest colour camera mobiles & unlimited weekend calls. Call Mobile Upd8 on freefone 08000839402 or 2StopTx,scam,uci_sms_spam
"HEY THERE BABE, HOW U DOIN? WOT U UP 2 2NITE LOVE ANNIE X.",legitimate,uci_sms_spam
Remind me how to get there and I shall do so,legitimate,uci_sms_spam
:-( that's not v romantic!,legitimate,uci_sms_spam
Hello. Damn this christmas thing. I think i have decided to keep this mp3 that doesnt work.,legitimate,uci_sms_spam
You have 1 new message. Please call 08718738034.,scam,uci_sms_spam
HI DARLIN IM MISSIN U HOPE YOU ARE HAVING A GOOD TIME. WHEN ARE U BACK AND WHAT TIME IF U CAN GIVE ME A CALL AT HOME. JESS XX,legitimate,uci_sms_spam
<Forwarded from 21870000>Hi - this is your Mailbox Messaging SMS alert. You have 4 messages. You have 21 matches. Please call back on 09056242159 to retrieve your messages and matches,scam,uci_sms_spam
Draw va?i dont think so:),legitimate,uci_sms_spam
Dont pick up d call when something important is There to tell. Hrishi,legitimate,uci_sms_spam
Nothin comes to my mind. Ü help me buy hanger lor. Ur laptop not heavy?,legitimate,uci_sms_spam
"&lt;#&gt; , that's all? Guess that's easy enough",legitimate,uci_sms_spam
We can make a baby in yo tho,legitimate,uci_sms_spam
Should I tell my friend not to come round til like  &lt;#&gt; ish?,legitimate,uci_sms_spam
Friendship poem: Dear O Dear U R Not Near But I Can Hear Dont Get Fear Live With Cheer No More Tear U R Always my Dear. Gud ni8,legitimate,uci_sms_spam
Still in the area of the restaurant. Ill try to come back soon,legitimate,uci_sms_spam
"Aight that'll work, thanks",legitimate,uci_sms_spam
Moby Pub Quiz.Win a £100 High Street prize if u know who the new Duchess of Cornwall will be? Txt her first name to 82277.unsub STOP £1.50 008704050406 SP Arrow,scam,uci_sms_spam
"I have 2 sleeping bags, 1 blanket and paper and  phone details. Anything else?",legitimate,uci_sms_spam
You have won a Nokia 7250i. This is what you get when you win our FREE auction. To take part send Nokia to 86021 now. HG/Suite342/2Lands Row/W1JHL 16+ ,scam,uci_sms_spam
"Congratulations! Thanks to a good friend U have WON the £2,000 Xmas prize. 2 claim is easy, just call 08718726971 NOW! Only 10p per minute. BT-national-rate.",scam,uci_sms_spam
"tddnewsletter@emc1.co.uk (More games from TheDailyDraw) Dear Helen, Dozens of Free Games - with great prizesWith..",scam,uci_sms_spam
So what do you guys do.,legitimate,uci_sms_spam
Also that chat was awesome but don't make it regular unless you can see her in person,legitimate,uci_sms_spam
That's significant but dont worry.,legitimate,uci_sms_spam
That's cause your old. I live to be high.,legitimate,uci_sms_spam
"Waqt se pehle or naseeb se zyada kisi ko kuch nahi milta,Zindgi wo nahi he jo hum sochte hai Zindgi wo hai jo ham jeetey hai..........",legitimate,uci_sms_spam
On the way to office da..,legitimate,uci_sms_spam
In which place do you want da.,legitimate,uci_sms_spam
This pain couldn't have come at a worse time.,legitimate,uci_sms_spam
Should I be stalking u?,legitimate,uci_sms_spam
Sorry dude. Dont know how i forgot. Even after Dan reminded me. Sorry. Hope you guys had fun.,legitimate,uci_sms_spam
Ok lor.,legitimate,uci_sms_spam
Apps class varaya elaya.,legitimate,uci_sms_spam
"URGENT! Your mobile number *************** WON a £2000 Bonus Caller prize on 10/06/03! This is the 2nd attempt to reach you! Call 09066368753 ASAP! Box 97N7QP, 150ppm",scam,uci_sms_spam
That day you asked about anand number. Why:-),legitimate,uci_sms_spam
Am surfing online store. For offers do you want to buy any thing.,legitimate,uci_sms_spam
Long beach lor. Expected... U having dinner now?,legitimate,uci_sms_spam
At home by the way,legitimate,uci_sms_spam
We are both fine. Thanks,legitimate,uci_sms_spam
What happen to her tell the truth,legitimate,uci_sms_spam
Do you like Italian food?,legitimate,uci_sms_spam
Which is weird because I know I had it at one point,legitimate,uci_sms_spam
Aww you must be nearly dead!Well Jez isComing over toDo some workAnd that whillTake forever!,legitimate,uci_sms_spam
Tell your friends what you plan to do on Valentines day @ &lt;URL&gt;,legitimate,uci_sms_spam
"Alright, see you in a bit",legitimate,uci_sms_spam
Cheers for the message Zogtorius. Ive been staring at my phone for an age deciding whether to text or not.,legitimate,uci_sms_spam
I will take care of financial problem.i will help:),legitimate,uci_sms_spam
Tell dear what happen to you. Why you talking to me like an alian,legitimate,uci_sms_spam
Double your mins & txts on Orange or 1/2 price linerental - Motorola and SonyEricsson with B/Tooth FREE-Nokia FREE Call MobileUpd8 on 08000839402 or2optout/HV9D,scam,uci_sms_spam
"Hi this is yijue, can i meet u at 11 tmr?",legitimate,uci_sms_spam
Its posible dnt live in  &lt;#&gt; century cm frwd n thnk different,legitimate,uci_sms_spam
But i dint slept in afternoon.,legitimate,uci_sms_spam
That seems unnecessarily affectionate,legitimate,uci_sms_spam
Yar else i'll thk of all sorts of funny things.,legitimate,uci_sms_spam
"Download as many ringtones as u like no restrictions, 1000s 2 choose. U can even send 2 yr buddys. Txt Sir to 80082 £3 ",scam,uci_sms_spam
Thats cool. How was your day?,legitimate,uci_sms_spam
Please CALL 08712402902 immediately as there is an urgent message waiting for you.,scam,uci_sms_spam
R we going with the  &lt;#&gt;  bus?,legitimate,uci_sms_spam
"Hello, my love ! How went your day ? Are you alright ? I think of you, my sweet and send a jolt to your heart to remind you ... I LOVE YOU! Can you hear it ? I screamed it across the sea for all the world to hear. Ahmad al Hallaq is loved ! and owned ! *possessive passionate kiss*",legitimate,uci_sms_spam
No..he joined today itself.,legitimate,uci_sms_spam
Okay same with me. Well thanks for the clarification,legitimate,uci_sms_spam
I'll talk to the others and probably just come early tomorrow then,legitimate,uci_sms_spam
"Spook up your mob with a Halloween collection of a logo & pic message plus a free eerie tone, txt CARD SPOOK to 8007 zed 08701417012150p per logo/pic",scam,uci_sms_spam
"Had the money issue weigh me down but thanks to you, I can breathe easier now. I.ll make sure you dont regret it. Thanks.",legitimate,uci_sms_spam
Hi. I'm sorry i missed your call. Can you pls call back.,legitimate,uci_sms_spam
"Fantasy Football is back on your TV. Go to Sky Gamestar on Sky Active and play £250k Dream Team. Scoring starts on Saturday, so register now!SKY OPT OUT to 88088",scam,uci_sms_spam
Ok then no need to tell me anything i am going to sleep good night,legitimate,uci_sms_spam
Ok try to do week end course in coimbatore.,legitimate,uci_sms_spam
Tone Club: Your subs has now expired 2 re-sub reply MONOC 4 monos or POLYC 4 polys 1 weekly @ 150p per week Txt STOP 2 stop This msg free Stream 0871212025016,scam,uci_sms_spam
V nice! Off 2 sheffield tom 2 air my opinions on categories 2 b used 2 measure ethnicity in next census. Busy transcribing. :-),legitimate,uci_sms_spam
If you r @ home then come down within 5 min,legitimate,uci_sms_spam
"A Boy loved a gal. He propsd bt she didnt mind. He gv lv lttrs, Bt her frnds threw thm. Again d boy decided 2 aproach d gal , dt time a truck was speeding towards d gal. Wn it was about 2 hit d girl,d boy ran like hell n saved her. She asked 'hw cn u run so fast?' D boy replied ""Boost is d secret of my energy"" n instantly d girl shouted ""our energy"" n Thy lived happily 2gthr drinking boost evrydy Moral of d story:- I hv free msgs:D;): gud ni8",legitimate,uci_sms_spam
"That day ü say ü cut ur hair at paragon, is it called hair sense? Do ü noe how much is a hair cut? ",legitimate,uci_sms_spam
"Hmm, too many of them unfortunately... Pics obviously arent hot cakes. Its kinda fun tho",legitimate,uci_sms_spam
Watching tv lor... Y she so funny we bluff her 4 wat. Izzit because she thk it's impossible between us?,legitimate,uci_sms_spam
XMAS Prize draws! We are trying to contact U. Todays draw shows that you have won a £2000 prize GUARANTEED. Call 09058094565 from land line. Valid 12hrs only,scam,uci_sms_spam
Dunno lei he neva say...,legitimate,uci_sms_spam
Thanx 4 2day! U r a goodmate I THINK UR RITE SARY! ASUSUAL!1 U CHEERED ME UP! LOVE U FRANYxxxxx,legitimate,uci_sms_spam
I'm on my way home. Went to change batt 4 my watch then go shop a bit lor.,legitimate,uci_sms_spam
YES! The only place in town to meet exciting adult singles is now in the UK. Txt CHAT to 86688 now! 150p/Msg.,scam,uci_sms_spam
"Hi, Mobile no.  &lt;#&gt;  has added you in their contact list on www.fullonsms.com It s a great place to send free sms to people For more visit fullonsms.com",legitimate,uci_sms_spam
"Good evening Sir, hope you are having a nice day. I wanted to bring it to your notice that I have been late in paying rent for the past few months and have had to pay a $ &lt;#&gt;  charge. I felt it would be inconsiderate of me to nag about something you give at great cost to yourself and that's why i didnt speak up. I however am in a recession and wont be able to pay the charge this month hence my askin well ahead of month's end. Can you please help. Thank you for everything.",legitimate,uci_sms_spam
"If i let you do this, i want you in the house by 8am.",legitimate,uci_sms_spam
"Best line said in Love: . ""I will wait till the day I can forget u Or The day u realize that u cannot forget me.""... Gn",legitimate,uci_sms_spam
I will reach before ten morning,legitimate,uci_sms_spam
Your pussy is perfect!,legitimate,uci_sms_spam
"Someone has contacted our dating service and entered your phone becausethey fancy you! To find out who it is call from a landline 09058098002. PoBox1, W14RG 150p",scam,uci_sms_spam
No message..no responce..what happend?,legitimate,uci_sms_spam
Also where's the piece,legitimate,uci_sms_spam
"wiskey Brandy Rum Gin Beer Vodka Scotch Shampain Wine ""KUDI""yarasu dhina vaazhthukkal. ..",legitimate,uci_sms_spam
Boo. How's things? I'm back at home and a little bored already :-(,legitimate,uci_sms_spam
First has she gained more than  &lt;#&gt; kg since she took in. Second has she done the blood sugar tests. If she has and its ok and her blood pressure is within normal limits then no worries,legitimate,uci_sms_spam
PICK UR FONE UP NOW U DUMB?,legitimate,uci_sms_spam
"Thanks da thangam, i feel very very happy dear. I also miss you da.",legitimate,uci_sms_spam
"Okey doke. I'm at home, but not dressed cos laying around ill! Speak to you later bout times and stuff. ",legitimate,uci_sms_spam
I don't run away frm u... I walk slowly &amp; it kills me that u don't care enough to stop me...,legitimate,uci_sms_spam
"Babe, I'm back ... Come back to me ...",legitimate,uci_sms_spam
Well you told others you'd marry them...,legitimate,uci_sms_spam
Neshanth..tel me who r u?,legitimate,uci_sms_spam
YO YO YO BYATCH WHASSUP?,legitimate,uci_sms_spam
Oh... Kay... On sat right?,legitimate,uci_sms_spam
Hi! This is Roger from CL. How are you?,legitimate,uci_sms_spam
Babe: U want me dont u baby! Im nasty and have a thing 4 filthyguys. Fancy a rude time with a sexy bitch. How about we go slo n hard! Txt XXX SLO(4msgs),scam,uci_sms_spam
Oh oh... Wasted... Den muz chiong on sat n sun liao...,legitimate,uci_sms_spam
Jesus christ bitch I'm trying to give you drugs answer your fucking phone,legitimate,uci_sms_spam
Please give it 2  or i will pick it up on Tuesday evening about 8 if that is ok.,legitimate,uci_sms_spam
I'm meeting Darren...,legitimate,uci_sms_spam
"One of best dialogue in cute reltnship..!! ""Wen i Die, Dont Come Near My Body..!! Bcoz My Hands May Not Come 2 Wipe Ur Tears Off That Time..!Gud ni8",legitimate,uci_sms_spam
"Solve d Case : A Man Was Found Murdered On  &lt;DECIMAL&gt; . &lt;#&gt;  AfterNoon. 1,His wife called Police. 2,Police questioned everyone. 3,Wife: Sir,I was sleeping, when the murder took place. 4.Cook: I was cooking. 5.Gardener: I was picking vegetables. 6.House-Maid: I went 2 d post office. 7.Children: We went 2 play. 8.Neighbour: We went 2 a marriage. Police arrested d murderer Immediately. Who's It? Reply With Reason, If U r Brilliant.",legitimate,uci_sms_spam
Dear where you will be when i reach there,legitimate,uci_sms_spam
Aww that's the first time u said u missed me without asking if I missed u first. You DO love me! :),legitimate,uci_sms_spam
Ok... Thanx... Gd nite 2 ü too...,legitimate,uci_sms_spam
"Come to me right now, Ahmad",legitimate,uci_sms_spam
Lol please do. Actually send a pic of yourself right now. I wanna see. Pose with a comb and hair dryer or something.,legitimate,uci_sms_spam
O was not into fps then.,legitimate,uci_sms_spam
Huh means computational science... Y they like dat one push here n there...,legitimate,uci_sms_spam
"Could you not read me, my Love ? I answered you",legitimate,uci_sms_spam
Oh... Lk tt den we take e one tt ends at cine lor... Dun wan yogasana oso can... ,legitimate,uci_sms_spam
"Madam,regret disturbance.might receive a reference check from DLF Premarica.kindly be informed.Rgds,Rakhesh,Kerala.",legitimate,uci_sms_spam
SMS SERVICES For your inclusive text credits pls gotto www.comuk.net login 3qxj9 unsubscribe with STOP no extra charge help 08702840625 comuk.220cm2 9AE,scam,uci_sms_spam
Oic... Then better quickly go bathe n settle down...,legitimate,uci_sms_spam
Err... Cud do. I'm going to  at 8pm. I haven't got a way to contact him until then.,legitimate,uci_sms_spam
A bloo bloo bloo I'll miss the first bowl,legitimate,uci_sms_spam
Lmao but its so fun...,legitimate,uci_sms_spam
Oh k k:)but he is not a big hitter.anyway good,legitimate,uci_sms_spam
Hey!!! I almost forgot ... Happy B-day babe ! I love ya!!,legitimate,uci_sms_spam
Valentines Day Special! Win over £1000 in our quiz and take your partner on the trip of a lifetime! Send GO to 83600 now. 150p/msg rcvd. CustCare:08718720201,scam,uci_sms_spam
Do you think i can move  &lt;#&gt;  in a week,legitimate,uci_sms_spam
She.s find. I sent you an offline message to know how anjola's now.,legitimate,uci_sms_spam
Guess who am I?This is the first time I created a web page WWW.ASJESUS.COM read all I wrote. I'm waiting for your opinions. I want to be your friend 1/1,scam,uci_sms_spam
How was txting and driving,legitimate,uci_sms_spam
That's good. Lets thank God. Please complete the drug. Have lots of water. And have a beautiful day.,legitimate,uci_sms_spam
Really dun bluff me leh... U sleep early too. Nite...,legitimate,uci_sms_spam
"Indians r poor but India is not a poor country. Says one of the swiss bank directors. He says that "" &lt;#&gt;  lac crore"" of Indian money is deposited in swiss banks which can be used for 'taxless' budget for  &lt;#&gt;  yrs. Can give  &lt;#&gt;  crore jobs to all Indians. From any village to Delhi 4 lane roads. Forever free power suply to more than  &lt;#&gt;  social projects. Every citizen can get monthly  &lt;#&gt; /- for  &lt;#&gt;  yrs. No need of World Bank &amp; IMF loan. Think how our money is blocked by rich politicians. We have full rights against corrupt politicians. Itna forward karo ki pura INDIA padhe.g.m.""",legitimate,uci_sms_spam
Uncle boye. I need movies oh. Guide me. Plus you know torrents are not particularly legal here. And the system is slowing down. What should i do. Have a gr8 day. Plus have you started cos i dont meet you online. How was the honey moon.,legitimate,uci_sms_spam
Oh ya ya. I remember da. .,legitimate,uci_sms_spam
Btw regarding that we should really try to see if anyone else can be our 4th guy before we commit to a random dude,legitimate,uci_sms_spam
"For ur chance to win £250 cash every wk TXT: PLAY to 83370. T's&C's www.music-trivia.net custcare 08715705022, 1x150p/wk.",scam,uci_sms_spam
I not busy juz dun wan 2 go so early.. Hee.. ,legitimate,uci_sms_spam
Rightio. 11.48 it is then. Well arent we all up bright and early this morning.,legitimate,uci_sms_spam
"Great. I'm in church now, will holla when i get out",legitimate,uci_sms_spam
Back in brum! Thanks for putting us up and keeping us all and happy. See you soon ,legitimate,uci_sms_spam
I donno if they are scorable,legitimate,uci_sms_spam
&lt;#&gt;  great loxahatchee xmas tree burning update: you can totally see stars here,legitimate,uci_sms_spam
"Yes but i dont care! I need you bad, princess!",legitimate,uci_sms_spam
"The guy (kadeem) hasn't been selling since the break, I know one other guy but he's paranoid as fuck and doesn't like selling without me there and I can't be up there til late tonight",legitimate,uci_sms_spam
Tmr then ü brin lar... Aiya later i come n c lar... Mayb ü neva set properly ü got da help sheet wif ü...,legitimate,uci_sms_spam
Do u knw dis no. &lt;#&gt; ?,legitimate,uci_sms_spam
Then she dun believe wat?,legitimate,uci_sms_spam
K..give back my thanks.,legitimate,uci_sms_spam
I know complain num only..bettr directly go to bsnl offc nd apply for it..,legitimate,uci_sms_spam
Okay. I've seen it. So i should pick it on friday?,legitimate,uci_sms_spam
How much she payed. Suganya.,legitimate,uci_sms_spam
Left dessert. U wan me 2 go suntec look 4 u?,legitimate,uci_sms_spam
"Abeg, make profit. But its a start. Are you using it to get sponsors for the next event?",legitimate,uci_sms_spam
Onum ela pa. Normal than.,legitimate,uci_sms_spam
K.k..how is your sister kids?,legitimate,uci_sms_spam
"Cool, I'll text you when I'm on the way",legitimate,uci_sms_spam
Nope. Meanwhile she talk say make i greet you.,legitimate,uci_sms_spam
i cant talk to you now.i will call when i can.dont keep calling.,legitimate,uci_sms_spam
Anything lar...,legitimate,uci_sms_spam
"Rose needs water, season needs change, poet needs imagination..My phone needs ur sms and i need ur lovely frndship forever....",legitimate,uci_sms_spam
"Good afternoon, babe. How goes that day ? Any job prospects yet ? I miss you, my love ... *sighs* ... :-(",legitimate,uci_sms_spam
They will pick up and drop in car.so no problem..,legitimate,uci_sms_spam
S.i think he is waste for rr..,legitimate,uci_sms_spam
He is world famamus....,legitimate,uci_sms_spam
Is there coming friday is leave for pongal?do you get any news from your work place.,legitimate,uci_sms_spam
Lol well don't do it without me. We could have a big sale together.,legitimate,uci_sms_spam
* Am on my way,legitimate,uci_sms_spam
Eat at old airport road... But now 630 oredi... Got a lot of pple...,legitimate,uci_sms_spam
"sry can't talk on phone, with parents",legitimate,uci_sms_spam
Ok lor wat time ü finish?,legitimate,uci_sms_spam
"Princess, i like to make love  &lt;#&gt;  times per night. Hope thats not a problem!",legitimate,uci_sms_spam
Mm i am on the way to railway,legitimate,uci_sms_spam
"I'm done. I'm sorry. I hope your next space gives you everything you want. Remember all the furniture is yours. If i'm not around when you move it, just lock all the locks and leave the key with jenne.",legitimate,uci_sms_spam
Not yet. Just i'd like to keep in touch and it will be the easiest way to do that from barcelona. By the way how ru and how is the house?,legitimate,uci_sms_spam
"Sppok up ur mob with a Halloween collection of nokia logo&pic message plus a FREE eerie tone, txt CARD SPOOK to 8007",scam,uci_sms_spam
"Urgent! call 09066612661 from landline. Your complementary 4* Tenerife Holiday or £10,000 cash await collection SAE T&Cs PO Box 3 WA14 2PX 150ppm 18+ Sender: Hol Offer",scam,uci_sms_spam
K.:)do it at evening da:)urgent:),legitimate,uci_sms_spam
Pansy! You've been living in a jungle for two years! Its my driving you should be more worried about!,legitimate,uci_sms_spam
Mm have some kanji dont eat anything heavy ok,legitimate,uci_sms_spam
Only if you promise your getting out as SOON as you can. And you'll text me in the morning to let me know you made it in ok.,legitimate,uci_sms_spam
Lol that's different. I don't go trying to find every real life photo you ever took.,legitimate,uci_sms_spam
I dont thnk its a wrong calling between us,legitimate,uci_sms_spam
K ill drink.pa then what doing. I need srs model pls send it to my mail id pa.,legitimate,uci_sms_spam
Aiyah e rain like quite big leh. If drizzling i can at least run home.,legitimate,uci_sms_spam
I have 2 docs appointments next week.:/ I'm tired of them shoving stuff up me. Ugh why couldn't I have had a normal body?,legitimate,uci_sms_spam
Dun b sad.. It's over.. Dun thk abt it already. Concentrate on ur other papers k.,legitimate,uci_sms_spam
"Greetings me, ! Consider yourself excused.",legitimate,uci_sms_spam
No drama Pls.i have had enough from you and family while i am struggling in the hot sun in a strange place.No reason why there should be an ego of not going 'IF NOT INVITED' when actually its necessity to go.wait for very serious reppurcussions.,legitimate,uci_sms_spam
they released another Italian one today and it has a cosign option,legitimate,uci_sms_spam
"You at mu? You should try to figure out how much money everyone has for gas and alcohol, jay and I are trying to figure out our weed budget",legitimate,uci_sms_spam
WINNER! As a valued network customer you hvae been selected to receive a £900 reward! To collect call 09061701444. Valid 24 hours only. ACL03530150PM,scam,uci_sms_spam
HCL chennai requires FRESHERS for voice process.Excellent english needed.Salary upto  &lt;#&gt; .Call Ms.Suman  &lt;#&gt;  for Telephonic interview -via Indyarocks.com,legitimate,uci_sms_spam
Dai what this da.. Can i send my resume to this id.,legitimate,uci_sms_spam
"I know where the  &lt;#&gt;  is, I'll be there around 5",legitimate,uci_sms_spam
Yup i've finished c ü there...,legitimate,uci_sms_spam
Remember to ask alex about his pizza,legitimate,uci_sms_spam
No da..today also i forgot..,legitimate,uci_sms_spam
"Ola would get back to you maybe not today but I ve told him you can be his direct link in the US in getting cars he bids for online, you arrange shipping and you get a cut. Or U????? For a partnership where U????? Invest money for shipping and he takes care of the rest!U??Wud b self reliant soon dnt worry",legitimate,uci_sms_spam
Fwiw the reason I'm only around when it's time to smoke is that because of gas I can only afford to be around when someone tells me to be and that apparently only happens when somebody wants to light up,legitimate,uci_sms_spam
"Hello, my boytoy! I made it home and my constant thought is of you, my love. I hope your having a nice visit but I can't wait till you come home to me ...*kiss*",legitimate,uci_sms_spam
Congrats kano..whr s the treat maga?,legitimate,uci_sms_spam
Who u talking about?,legitimate,uci_sms_spam
Yup...,legitimate,uci_sms_spam
"U wake up already? Wat u doing? U picking us up later rite? I'm taking sq825, reaching ard 7 smth 8 like dat. U can check e arrival time. C ya soon...",legitimate,uci_sms_spam
Yunny i'm walking in citylink now ü faster come down... Me very hungry...,legitimate,uci_sms_spam
Er yep sure. Props?,legitimate,uci_sms_spam
"Hiya , have u been paying money into my account? If so, thanks. Got a pleasant surprise when i checked my balance -u c, i don't get statements 4 that acc",legitimate,uci_sms_spam
U have won a nokia 6230 plus a free digital camera. This is what u get when u win our FREE auction. To take part send NOKIA to 83383 now. POBOX114/14TCR/W1 16,scam,uci_sms_spam
Ok ill send you with in  &lt;DECIMAL&gt;  ok.,legitimate,uci_sms_spam
Bognor it is! Should be splendid at this time of year.,legitimate,uci_sms_spam
Yes.i'm in office da:),legitimate,uci_sms_spam
Ok. I only ask abt e movie. U wan ktv oso?,legitimate,uci_sms_spam
Misplaced your number and was sending texts to your old number. Wondering why i've not heard from you this year. All the best in your mcat. Got this number from my atlanta friends,legitimate,uci_sms_spam
Dunno lei... I might b eatin wif my frens... If ü wan to eat then i wait 4 ü lar,legitimate,uci_sms_spam
FREE entry into our £250 weekly comp just send the word WIN to 80086 NOW. 18 T&C www.txttowin.co.uk,scam,uci_sms_spam
Do u noe how 2 send files between 2 computers?,legitimate,uci_sms_spam
"Mmmmm ... I loved waking to your words this morning ! I miss you too, my Love. I hope your day goes well and you are happy. I wait for us to be together again",legitimate,uci_sms_spam
jay says he'll put in  &lt;#&gt;,legitimate,uci_sms_spam
Can you just come in for a sec? There's somebody here I want you to see,legitimate,uci_sms_spam
So the sun is anti sleep medicine.,legitimate,uci_sms_spam
What's happening with you. Have you gotten a job and have you begun registration for permanent residency,legitimate,uci_sms_spam
Yup ok...,legitimate,uci_sms_spam
Glad it went well :) come over at 11 then we'll have plenty of time before claire goes to work.,legitimate,uci_sms_spam
Ok enjoy . R u there in home.,legitimate,uci_sms_spam
"Can you pls pls send me a mail on all you know about relatives coming to deliver here? All you know about costs, risks, benefits and anything else. Thanks.",legitimate,uci_sms_spam
You do what all you like,legitimate,uci_sms_spam
That's y we haf to combine n c how lor...,legitimate,uci_sms_spam
The monthly amount is not that terrible and you will not pay anything till 6months after finishing school.,legitimate,uci_sms_spam
Hmmm:)how many players selected?,legitimate,uci_sms_spam
"They said if its gonna snow, it will start around 8 or 9 pm tonite! They are predicting an inch of accumulation.",legitimate,uci_sms_spam
I dont. Can you send it to me. Plus how's mode.,legitimate,uci_sms_spam
Aiyo please ü got time meh.,legitimate,uci_sms_spam
Package all your programs well,legitimate,uci_sms_spam
"She is our sister.. She belongs 2 our family.. She is d hope of tomorrow.. Pray 4 her,who was fated 4 d Shoranur train incident. Lets hold our hands together &amp; fuelled by love &amp; concern prior 2 her grief &amp; pain. Pls join in dis chain &amp; pass it. STOP VIOLENCE AGAINST WOMEN.",legitimate,uci_sms_spam
So are you guys asking that i get that slippers again or its gone with last year,legitimate,uci_sms_spam
Company is very good.environment is terrific and food is really nice:),legitimate,uci_sms_spam
"Text82228>> Get more ringtones, logos and games from www.txt82228.com. Questions: info@txt82228.co.uk",scam,uci_sms_spam
Honestly i've just made a lovely cup of tea and promptly dropped my keys in it and then burnt my fingers getting them out!,legitimate,uci_sms_spam
Yup but not studying surfing lor. I'm in e lazy mode today.,legitimate,uci_sms_spam
Please sen :)my kind advice :-)please come here and try:-),legitimate,uci_sms_spam
I'm done. C ü there.,legitimate,uci_sms_spam
"Oh fine, I'll be by tonight",legitimate,uci_sms_spam
Ü give me some time to walk there.,legitimate,uci_sms_spam
I'll reach in ard 20 mins ok...,legitimate,uci_sms_spam
"FreeMSG You have been awarded a FREE mini DIGITAL CAMERA, just reply SNAP to collect your prize! (quizclub Opt out? Stop 80122300p/wk SP:RWM Ph:08704050406)",scam,uci_sms_spam
Fuck babe ... What happened to you ? How come you never came back?,legitimate,uci_sms_spam
This message is brought to you by GMW Ltd. and is not connected to the,scam,uci_sms_spam
"Some friends want me to drive em someplace, probably take a while",legitimate,uci_sms_spam
I also thk too fast... Xy suggest one not me. U dun wan it's ok. Going 2 rain leh where got gd.,legitimate,uci_sms_spam
Are you still getting the goods.,legitimate,uci_sms_spam
And maybe some pressies,legitimate,uci_sms_spam
"Yeah I am, so I'll leave maybe 7ish?",legitimate,uci_sms_spam
I told her I had a Dr appt next week. She thinks I'm gonna die. I told her its just a check. Nothing to be worried about. But she didn't listen.,legitimate,uci_sms_spam
You in your room? I need a few,legitimate,uci_sms_spam
I dont want to hear anything,legitimate,uci_sms_spam
Hey. For me there is no leave on friday. Wait i will ask my superior and tell you..,legitimate,uci_sms_spam
Ultimately tor motive tui achieve korli.,legitimate,uci_sms_spam
From 5 to 2 only my work timing.,legitimate,uci_sms_spam
… and don‘t worry we‘ll have finished by march … ish!,legitimate,uci_sms_spam
"The house is on the water with a dock, a boat rolled up with a newscaster who dabbles in jazz flute behind the wheel",legitimate,uci_sms_spam
"Congrats 2 mobile 3G Videophones R yours. call 09063458130 now! videochat wid ur mates, play java games, Dload polypH music, noline rentl. bx420. ip4. 5we. 150p",scam,uci_sms_spam
Your next amazing xxx PICSFREE1 video will be sent to you enjoy! If one vid is not enough for 2day text back the keyword PICSFREE1 to get the next video.,scam,uci_sms_spam
Now thats going to ruin your thesis!,legitimate,uci_sms_spam
In sch but neva mind u eat 1st lor..,legitimate,uci_sms_spam
Hey whats up? U sleeping all morning?,legitimate,uci_sms_spam
Erm. I thought the contract ran out the4th of october.,legitimate,uci_sms_spam
I dunno until when... Lets go learn pilates...,legitimate,uci_sms_spam
U are subscribed to the best Mobile Content Service in the UK for £3 per ten days until you send STOP to 83435. Helpline 08706091795.,scam,uci_sms_spam
Yup i'm elaborating on the safety aspects and some other issues..,legitimate,uci_sms_spam
"3 FREE TAROT TEXTS! Find out about your love life now! TRY 3 FOR FREE! Text CHANCE to 85555 16 only! After 3 Free, Msgs £1.50 each",scam,uci_sms_spam
"Goodmorning, today i am late for 1hr.",legitimate,uci_sms_spam
Hi happy birthday. Hi hi hi hi hi hi hi,legitimate,uci_sms_spam
I will be outside office take all from there,legitimate,uci_sms_spam
If you don't respond imma assume you're still asleep and imma start calling n shit,legitimate,uci_sms_spam
"Aight, see you in a bit",legitimate,uci_sms_spam
My superior telling that friday is leave for all other department except ours:)so it will be leave for you:)any way call waheed fathima hr and conform it:),legitimate,uci_sms_spam
Join the UK's horniest Dogging service and u can have sex 2nite!. Just sign up and follow the instructions. Txt ENTRY to 69888 now! Nyt.EC2A.3LP.msg@150p,scam,uci_sms_spam
Lol I have to take it. member how I said my aunt flow didn't visit for 6 months? It's cause I developed ovarian cysts. Bc is the only way to shrink them.,legitimate,uci_sms_spam
Still work going on:)it is very small house.,legitimate,uci_sms_spam
"My friend just got here and says he's upping his order by a few grams (he's got $ &lt;#&gt; ), when can you get here?",legitimate,uci_sms_spam
Tmr timin still da same wat cos i got lesson until 6...,legitimate,uci_sms_spam
"That‘s the thing with apes, u can fight to the death to keep something, but the minute they have it when u let go, thats it!",legitimate,uci_sms_spam
No i'm not gonna be able to. || too late notice. || i'll be home in a few weeks anyway. || what are the plans,legitimate,uci_sms_spam
"Got fujitsu, ibm, hp, toshiba... Got a lot of model how to say...",legitimate,uci_sms_spam
Okie... Thanx...,legitimate,uci_sms_spam
"Gosh that , what a pain. Spose I better come then.",legitimate,uci_sms_spam
"As usual..iam fine, happy &amp; doing well..:)",legitimate,uci_sms_spam
Okie,legitimate,uci_sms_spam
So when you gonna get rimac access ,legitimate,uci_sms_spam
Im at arestaurant eating squid! i will be out about 10:30 wanna dosomething or is that to late?,legitimate,uci_sms_spam
You call times job today ok umma and ask them to speed up,legitimate,uci_sms_spam
HELLO U.CALL WEN U FINISH WRK.I FANCY MEETIN UP WIV U ALL TONITE AS I NEED A BREAK FROM DABOOKS. DID 4 HRS LAST NITE+2 TODAY OF WRK!,legitimate,uci_sms_spam
R U &SAM P IN EACHOTHER. IF WE MEET WE CAN GO 2 MY HOUSE,legitimate,uci_sms_spam
:-) yeah! Lol. Luckily i didn't have a starring role like you!,legitimate,uci_sms_spam
Hello madam how are you ?,legitimate,uci_sms_spam
"Awesome, text me when you're restocked",legitimate,uci_sms_spam
Knock Knock Txt whose there to 80082 to enter r weekly draw 4 a £250 gift voucher 4 a store of yr choice. T&Cs www.tkls.com age16 to stoptxtstop£1.50/week,scam,uci_sms_spam
Yes. It's all innocent fun. O:-),legitimate,uci_sms_spam
Thanks for sending this mental ability question..,legitimate,uci_sms_spam
"Sir, hope your day is going smoothly. i really hoped i wont have to bother you about this. I have some bills that i can't settle this month. I am out of all extra cash. I know this is a challenging time for you also but i have to let you know.",legitimate,uci_sms_spam
2marrow only. Wed at  &lt;#&gt;  to 2 aha.,legitimate,uci_sms_spam
I went to ur hon lab but no one is there.,legitimate,uci_sms_spam
Hey pple...$700 or $900 for 5 nights...Excellent location wif breakfast hamper!!!,legitimate,uci_sms_spam
<Forwarded from 21870000>Hi - this is your Mailbox Messaging SMS alert. You have 40 matches. Please call back on 09056242159 to retrieve your messages and matches cc100p/min,scam,uci_sms_spam
How come?,legitimate,uci_sms_spam
Lol! Nah wasn't too bad thanks. Its good to b home but its been quite a reality check. Hows ur day been? Did u do anything with website?,legitimate,uci_sms_spam
Ok lor...,legitimate,uci_sms_spam
I'm coming home 4 dinner.,legitimate,uci_sms_spam
S da..al r above  &lt;#&gt;,legitimate,uci_sms_spam
"FREE RING TONE just text ""POLYS"" to 87131. Then every week get a new tone. 0870737910216yrs only £1.50/wk.",scam,uci_sms_spam
Unni thank you dear for the recharge..Rakhesh,legitimate,uci_sms_spam
I know I'm lacking on most of this particular dramastorm's details but for the most part I'm not worried about that,legitimate,uci_sms_spam
Haha... They cant what... At the most tmr forfeit... haha so how?,legitimate,uci_sms_spam
"Hey there! Glad u r better now. I hear u treated urself to a digi cam, is it good? We r off at 9pm. Have a fab new year, c u in coupla wks!",legitimate,uci_sms_spam
No way I'm going back there!,legitimate,uci_sms_spam
"URGENT! Your mobile No 077xxx WON a £2,000 Bonus Caller Prize on 02/06/03! This is the 2nd attempt to reach YOU! Call 09066362206 ASAP! BOX97N7QP, 150ppm",scam,uci_sms_spam
I WILL CAL YOU SIR. In meeting,legitimate,uci_sms_spam
"That's what I love to hear :V see you sundayish, then",legitimate,uci_sms_spam
"Sorry da thangam, very very sorry i am held up with prasad.",legitimate,uci_sms_spam
Tiwary to rcb.battle between bang and kochi.,legitimate,uci_sms_spam
Thank god they are in bed!,legitimate,uci_sms_spam
No I don't have cancer. Moms making a big deal out of a regular checkup aka pap smear,legitimate,uci_sms_spam
Am in gobi arts college,legitimate,uci_sms_spam
Why she wants to talk to me,legitimate,uci_sms_spam
Pandy joined 4w technologies today.he got job..,legitimate,uci_sms_spam
"You are guaranteed the latest Nokia Phone, a 40GB iPod MP3 player or a £500 prize! Txt word: COLLECT to No: 83355! IBHltd LdnW15H 150p/Mtmsgrcvd18",scam,uci_sms_spam
"They can try! They can get lost, in fact. Tee hee",legitimate,uci_sms_spam
My friends use to call the same.,legitimate,uci_sms_spam
"Em, its olowoyey@ usc.edu have a great time in argentina. Not sad about secretary, everything is a blessing",legitimate,uci_sms_spam
"It,,s a taxt massage....tie-pos argh ok! Lool!",legitimate,uci_sms_spam
"Hi, can i please get a  &lt;#&gt;  dollar loan from you. I.ll pay you back by mid february. Pls.",legitimate,uci_sms_spam
"You might want to pull out more just in case and just plan on not spending it if you can, I don't have much confidence in derek and taylor's money management",legitimate,uci_sms_spam
Do you like shaking your booty on the dance floor?,legitimate,uci_sms_spam
"Text me when you get off, don't call, my phones having problems",legitimate,uci_sms_spam
No need for the drug anymore.,legitimate,uci_sms_spam
Sorry da:)i was thought of calling you lot of times:)lil busy.i will call you at noon..,legitimate,uci_sms_spam
Its sarcasm.. .nt scarcasim,legitimate,uci_sms_spam
Great! I have to run now so ttyl!,legitimate,uci_sms_spam
Feel like trying kadeem again? :V,legitimate,uci_sms_spam
Dai  &lt;#&gt;  naal eruku.,legitimate,uci_sms_spam
Not yet chikku..wat abt u?,legitimate,uci_sms_spam
Want to finally have lunch today?,legitimate,uci_sms_spam
Do you know when dad will be back?,legitimate,uci_sms_spam
"Hello darling how are you today? I would love to have a chat, why dont you tell me what you look like and what you are in to sexy?",scam,uci_sms_spam
8007 FREE for 1st week! No1 Nokia tone 4 ur mob every week just txt NOKIA to 8007 Get txting and tell ur mates www.getzed.co.uk POBox 36504 W4 5WQ norm 150p/tone 16+,scam,uci_sms_spam
He remains a bro amongst bros,legitimate,uci_sms_spam
R u meeting da ge at nite tmr?,legitimate,uci_sms_spam
"* Was a nice day and, impressively, i was sensible, went home early and now feel fine. Or am i just boring?! When's yours, i can't remember.",legitimate,uci_sms_spam
Why de. You looking good only:-)..,legitimate,uci_sms_spam
Wanna get laid 2nite? Want real Dogging locations sent direct to ur mobile? Join the UK's largest Dogging Network. Txt PARK to 69696 now! Nyt. ec2a. 3lp £1.50/msg,scam,uci_sms_spam
we tried to contact you re your response to our offer of a new nokia fone and camcorder hit reply or call 08000930705 for delivery,scam,uci_sms_spam
Yes. They replied my mail. I'm going to the management office later. Plus will in to bank later also.or on wednesday.,legitimate,uci_sms_spam
"That's cool, I'll come by like  &lt;#&gt; ish",legitimate,uci_sms_spam
Super msg da:)nalla timing.,legitimate,uci_sms_spam
"Good afternoon, my boytoy ... How are you feeling today ? Better I hope? Are you being my good boy? Are you my obedient, slave? Do you please your Queen?",legitimate,uci_sms_spam
I am 6 ft. We will be a good combination!,legitimate,uci_sms_spam
I'm sick !! I'm needy !! I want you !! *pouts* *stomps feet* Where are you ?! *pouts* *stomps feet* I want my slave !! I want him now !!,legitimate,uci_sms_spam
* Am on a train back from northampton so i'm afraid not!,legitimate,uci_sms_spam
Where in abj are you serving. Are you staying with dad or alone.,legitimate,uci_sms_spam
Was playng 9 doors game and gt racing on phone lol,legitimate,uci_sms_spam
"New Tones This week include: 1)McFly-All Ab.., 2) Sara Jorge-Shock.. 3) Will Smith-Switch.. To order follow instructions on next message",scam,uci_sms_spam
I'm on da bus going home...,legitimate,uci_sms_spam
I got a call from a landline number. . . I am asked to come to anna nagar . . . I will go in the afternoon,legitimate,uci_sms_spam
I'm okay. Chasing the dream. What's good. What are you doing next.,legitimate,uci_sms_spam
Yupz... I've oredi booked slots 4 my weekends liao... ,legitimate,uci_sms_spam
URGENT! We are trying to contact U. Todays draw shows that you have won a £800 prize GUARANTEED. Call 09050003091 from land line. Claim C52. Valid 12hrs only,scam,uci_sms_spam
There r many model..sony ericson also der.. &lt;#&gt; ..it luks good bt i forgot modl no,legitimate,uci_sms_spam
Yes I know the cheesy songs from frosty the snowman :),legitimate,uci_sms_spam
"Ya ok, vikky vl c witin  &lt;#&gt; mins and il reply u..",legitimate,uci_sms_spam
sports fans - get the latest sports news str* 2 ur mobile 1 wk FREE PLUS a FREE TONE Txt SPORT ON to 8007 www.getzed.co.uk 0870141701216+ norm 4txt/120p ,scam,uci_sms_spam
Hey tmr meet at bugis 930 ?,legitimate,uci_sms_spam
"Urgent Urgent! We have 800 FREE flights to Europe to give away, call B4 10th Sept & take a friend 4 FREE. Call now to claim on 09050000555. BA128NNFWFLY150ppm",scam,uci_sms_spam
All these nice new shirts and the only thing I can wear them to is nudist themed ;_; you in mu?,legitimate,uci_sms_spam
Hey sexy buns! What of that day? No word from you this morning on YM ... :-( ... I think of you,legitimate,uci_sms_spam
And whenever you and i see we can still hook up too.,legitimate,uci_sms_spam
Nope but i'm going home now then go pump petrol lor... Like going 2 rain soon...,legitimate,uci_sms_spam
Can you use foreign stamps for whatever you send them off for? ,legitimate,uci_sms_spam
FROM 88066 LOST £12 HELP,scam,uci_sms_spam
Oh baby of the house. How come you dont have any new pictures on facebook,legitimate,uci_sms_spam
"Feb  &lt;#&gt;  is ""I LOVE U"" day. Send dis to all ur ""VALUED FRNDS"" evn me. If 3 comes back u'll gt married d person u luv! If u ignore dis u will lose ur luv 4 Evr",legitimate,uci_sms_spam
"Hiya, sorry didn't hav signal. I haven't seen or heard from and neither has, which is unusual in itself! I'll put on the case and get him to sort it out! Hugs and snogs.",legitimate,uci_sms_spam
"Omw back to tampa from west palm, you hear what happened?",legitimate,uci_sms_spam
Yup no more already... Thanx 4 printing n handing it up.,legitimate,uci_sms_spam
FreeMsg: Fancy a flirt? Reply DATE now & join the UKs fastest growing mobile dating service. Msgs rcvd just 25p to optout txt stop to 83021. Reply DATE now!,scam,uci_sms_spam
What i mean is do they come chase you out when its over or is it stated you can watch as many movies as you want.,legitimate,uci_sms_spam
S now only i took tablets . Reaction morning only.,legitimate,uci_sms_spam
Great NEW Offer - DOUBLE Mins & DOUBLE Txt on best Orange tariffs AND get latest camera phones 4 FREE! Call MobileUpd8 free on 08000839402 NOW! or 2stoptxt T&Cs,scam,uci_sms_spam
"Nah, I'm a perpetual DD",legitimate,uci_sms_spam
Sorry de i went to shop.,legitimate,uci_sms_spam
Hope you enjoyed your new content. text stop to 61610 to unsubscribe. help:08712400602450p Provided by tones2you.co.uk,scam,uci_sms_spam
Hey you still want to go for yogasana? Coz if we end at cine then can go bathe and hav the steam bath,legitimate,uci_sms_spam
Nope i'm not drivin... I neva develop da photos lei...,legitimate,uci_sms_spam
I am thinking of going down to reg for pract lessons.. Flung my advance.. Haha wat time u going?,legitimate,uci_sms_spam
Cool. I am  &lt;#&gt;  inches long. hope you like them big!,legitimate,uci_sms_spam
"House-Maid is the murderer, coz the man was murdered on  &lt;#&gt; th January.. As public holiday all govt.instituitions are closed,including post office..understand?",legitimate,uci_sms_spam
Okie.. Thanx..,legitimate,uci_sms_spam
Go where n buy? Juz buy when we get there lar.,legitimate,uci_sms_spam
I'm working technical support :)voice process.,legitimate,uci_sms_spam
It's justbeen overa week since we broke up and already our brains are going to mush!,legitimate,uci_sms_spam
"Tunde, how are you doing. This is just wishing you a great day. Abiola.",legitimate,uci_sms_spam
Nope... C ü then...,legitimate,uci_sms_spam
No. But we'll do medical missions to nigeria,legitimate,uci_sms_spam
No i am not having not any movies in my laptop,legitimate,uci_sms_spam
Urgent Please call 09066612661 from landline. £5000 cash or a luxury 4* Canary Islands Holiday await collection. T&Cs SAE award. 20M12AQ. 150ppm. 16+ “,scam,uci_sms_spam
"Urgent! Please call 09066612661 from your landline, your complimentary 4* Lux Costa Del Sol holiday or £1000 CASH await collection. ppm 150 SAE T&Cs James 28, EH74RR",scam,uci_sms_spam
I havent lei.. Next mon can?,legitimate,uci_sms_spam
Mm feeling sleepy. today itself i shall get that dear,legitimate,uci_sms_spam
How dare you stupid. I wont tell anything to you. Hear after i wont talk to you:-.,legitimate,uci_sms_spam
Do ü noe if ben is going?,legitimate,uci_sms_spam
Can you do a mag meeting this avo at some point?,legitimate,uci_sms_spam
I meant middle left or right?,legitimate,uci_sms_spam
Really? I crashed out cuddled on my sofa.,legitimate,uci_sms_spam
Hi Chachi tried calling u now unable to reach u .. Pl give me a missed cal once u c tiz msg  Kanagu,legitimate,uci_sms_spam
"I sent you the prices and do you mean the  &lt;#&gt; g,",legitimate,uci_sms_spam
Nothing. Can...,legitimate,uci_sms_spam
No * am working on the ringing u thing but have whole houseful of screaming brats so * am pulling my hair out! Loving u,legitimate,uci_sms_spam
But my family not responding for anything. Now am in room not went to home for diwali but no one called me and why not coming. It makes me feel like died.,legitimate,uci_sms_spam
"Tick, tick, tick ... Babe",legitimate,uci_sms_spam
R ü going 4 today's meeting?,legitimate,uci_sms_spam
K da:)how many page you want?,legitimate,uci_sms_spam
Ya had just now.onion roast.,legitimate,uci_sms_spam
Send his number and give reply tomorrow morning for why you said that to him like that ok,legitimate,uci_sms_spam
You said not now. No problem. When you can. Let me know.,legitimate,uci_sms_spam
Ok but tell me half an hr b4 u come i need 2 prepare.,legitimate,uci_sms_spam
Play w computer? Aiyah i tok 2 u lor?,legitimate,uci_sms_spam
Sat right? Okay thanks... ,legitimate,uci_sms_spam
"Derp. Which is worse, a dude who always wants to party or a dude who files a complaint about the three drug abusers he lives with",legitimate,uci_sms_spam
Ok Chinese food on its way. When I get fat you're paying for my lipo.,legitimate,uci_sms_spam
We r outside already.,legitimate,uci_sms_spam
Have a good trip. Watch out for . Remember when you get back we must decide about easter.,legitimate,uci_sms_spam
Yo we are watching a movie on netflix,legitimate,uci_sms_spam
What time. I‘m out until prob 3 or so,legitimate,uci_sms_spam
"Can meh? Thgt some will clash... Really ah, i dun mind... I dun seen to have lost any weight... Gee...",legitimate,uci_sms_spam
ARR birthday today:) i wish him to get more oscar.,legitimate,uci_sms_spam
"Open rebtel with firefox. When it loads just put plus sign in the user name place, and it will show you two numbers. The lower number is my number. Once you pick that number the pin will display okay!",legitimate,uci_sms_spam
 and  picking them up from various points,legitimate,uci_sms_spam
Married local women looking for discreet action now! 5 real matches instantly to your phone. Text MATCH to 69969 Msg cost 150p 2 stop txt stop BCMSFWC1N3XX,scam,uci_sms_spam
Wow v v impressed. Have funs shopping!,legitimate,uci_sms_spam
I am on the way to ur home,legitimate,uci_sms_spam
Burger King - Wanna play footy at a top stadium? Get 2 Burger King before 1st Sept and go Large or Super with Coca-Cola and walk out a winner,scam,uci_sms_spam
No problem. Talk to you later,legitimate,uci_sms_spam
Then ur sis how?,legitimate,uci_sms_spam
Still in customer place,legitimate,uci_sms_spam
How come it takes so little time for a child who is afraid of the dark to become a teenager who wants to stay out all night?,scam,uci_sms_spam
"Dude u knw also telugu..thts gud..k, gud nyt..",legitimate,uci_sms_spam
We confirm eating at esplanade?,legitimate,uci_sms_spam
Send me your id and password,legitimate,uci_sms_spam
Kind of. Took it to garage. Centre part of exhaust needs replacing. Part ordered n taking it to be fixed tomo morning.,legitimate,uci_sms_spam
"For ur chance to win a £250 cash every wk TXT: ACTION to 80608. T's&C's www.movietrivia.tv custcare 08712405022, 1x150p/wk.",scam,uci_sms_spam
Well I might not come then...,legitimate,uci_sms_spam
Long after I quit. I get on only like 5 minutes a day as it is.,legitimate,uci_sms_spam
Then its most likely called Mittelschmertz. Google it. If you dont have paracetamol dont worry it will go.,legitimate,uci_sms_spam
Well at this right I'm gonna have to get up and check today's steam sales/pee so text me when you want me to come get you,legitimate,uci_sms_spam
"Just arrived, see you in a couple days &lt;3",legitimate,uci_sms_spam
"K, wat s tht incident?",legitimate,uci_sms_spam
Yeah get the unlimited,legitimate,uci_sms_spam
cThen i thk shd b enuff.. Still got conclusion n contents pg n references.. I'll b doing da contents pg n cover pg..,legitimate,uci_sms_spam
"Forgot it takes me 3 years to shower, sorry. Where you at/your phone dead yet?",legitimate,uci_sms_spam
Ü got wat to buy tell us then ü no need to come in again.,legitimate,uci_sms_spam
When you are big..| God will bring success.,legitimate,uci_sms_spam
U’ve Bin Awarded £50 to Play 4 Instant Cash. Call 08715203028 To Claim. EVERY 9th Player Wins Min £50-£500. OptOut 08718727870,scam,uci_sms_spam
"… we r stayin here an extra week, back next wed. How did we do in the rugby this weekend? Hi to and and , c u soon """,legitimate,uci_sms_spam
Well there's still a bit left if you guys want to tonight,legitimate,uci_sms_spam
Not from this campus. Are you in the library?,legitimate,uci_sms_spam
"The affidavit says  &lt;#&gt;  E Twiggs St, division g, courtroom  &lt;#&gt; , &lt;TIME&gt;  AM. I'll double check and text you again tomorrow",legitimate,uci_sms_spam
How will I creep on you now? ;_;,legitimate,uci_sms_spam
If I get there before you after your ten billion calls and texts so help me god,legitimate,uci_sms_spam
I've told him that i've returned it. That should i re order it.,legitimate,uci_sms_spam
"House-Maid is the murderer, coz the man was murdered on  &lt;#&gt; th January.. As public holiday all govt.instituitions are closed,including post office..",legitimate,uci_sms_spam
Depends on where u going lor.,legitimate,uci_sms_spam
And smile for me right now as you go and the world will wonder what you are smiling about and think your crazy and keep away from you ... *grins*,legitimate,uci_sms_spam
FreeMsg>FAV XMAS TONES!Reply REAL,scam,uci_sms_spam
Lil fever:) now fine:),legitimate,uci_sms_spam
I think it's all still in my car,legitimate,uci_sms_spam
Can a not?,legitimate,uci_sms_spam
December only! Had your mobile 11mths+? You are entitled to update to the latest colour camera mobile for Free! Call The Mobile Update Co FREE on 08002986906 ,scam,uci_sms_spam
Yes princess! I want to catch you with my big strong hands...,legitimate,uci_sms_spam
Oh yeah I forgot. U can only take 2 out shopping at once.,legitimate,uci_sms_spam
Mm so you asked me not to call radio,legitimate,uci_sms_spam
Thinkin about someone is all good. No drugs for that,legitimate,uci_sms_spam
"Enjoy the showers of possessiveness poured on u by ur loved ones, bcoz in this world of lies, it is a golden gift to be loved truly..",legitimate,uci_sms_spam
"Alright if you're sure, let me know when you're leaving",legitimate,uci_sms_spam
Some are lasting as much as 2 hours. You might get lucky.,legitimate,uci_sms_spam
Genius what's up. How your brother. Pls send his number to my skype.,legitimate,uci_sms_spam
"Gr8 Poly tones 4 ALL mobs direct 2u rply with POLY TITLE to 8007 eg POLY BREATHE1 Titles: CRAZYIN, SLEEPINGWITH, FINEST, YMCA :getzed.co.uk POBox365O4W45WQ 300p",scam,uci_sms_spam
Thk some of em find wtc too far... Weiyi not goin... E rest i dunno yet... R ur goin 4 dinner den i might b able to join...,legitimate,uci_sms_spam
Don't forget who owns you and who's private property you are ... And be my good boy always .. *passionate kiss*,legitimate,uci_sms_spam
INTERFLORA - It's not too late to order Interflora flowers for christmas call 0800 505060 to place your order before Midnight tomorrow.,scam,uci_sms_spam
Oh god..taken the teeth?is it paining,legitimate,uci_sms_spam
ROMCAPspam Everyone around should be responding well to your presence since you are so warm and outgoing. You are bringing in a real breath of sunshine.,scam,uci_sms_spam
Then u ask darren go n pick u lor... But i oso sian tmr haf 2 meet lect...,legitimate,uci_sms_spam
No need to buy lunch for me.. I eat maggi mee..,legitimate,uci_sms_spam
"Congratulations - Thanks to a good friend U have WON the £2,000 Xmas prize. 2 claim is easy, just call 08712103738 NOW! Only 10p per minute. BT-national-rate",scam,uci_sms_spam
"Oh right, ok. I'll make sure that i do loads of work during the day!  got a really nasty cough today and is dry n shot so that should really help it!",legitimate,uci_sms_spam
Send a logo 2 ur lover - 2 names joined by a heart. Txt LOVE NAME1 NAME2 MOBNO eg LOVE ADAM EVE 07123456789 to 87077 Yahoo! POBox36504W45WQ TxtNO 4 no ads 150p.,scam,uci_sms_spam
Thanx 4 sending me home...,legitimate,uci_sms_spam
Its normally hot mail. Com you see!,legitimate,uci_sms_spam
"You've won tkts to the EURO2004 CUP FINAL or £800 CASH, to collect CALL 09058099801 b4190604, POBOX 7876150ppm",scam,uci_sms_spam
U sick still can go shopping?,legitimate,uci_sms_spam
"Ya they are well and fine., BBD(pooja) full pimples..even she become quite black..and ur rite here its too cold, wearing sweatter..",legitimate,uci_sms_spam
Nice.nice.how is it working?,legitimate,uci_sms_spam
1's reach home call me.,legitimate,uci_sms_spam
Were trying to find a Chinese food place around here,legitimate,uci_sms_spam
"Easy mate, * guess the quick drink was bit ambitious.",legitimate,uci_sms_spam
BABE !!! I miiiiiiissssssssss you ! I need you !!! I crave you !!! :-( ... Geeee ... I'm so sad without you babe ... I love you ...,legitimate,uci_sms_spam
Ok thanx...,legitimate,uci_sms_spam
"Tunji, how's the queen? how are you doing. This is just wishing you a great day. Abiola.",legitimate,uci_sms_spam
Today iZ Yellow rose day. If u love my frndship give me 1 misscall &amp; send this to ur frndZ &amp; See how many miss calls u get. If u get 6missed U marry ur Lover.,legitimate,uci_sms_spam
Will be out of class in a few hours. Sorry,legitimate,uci_sms_spam
Wat time u finish ur lect today?,legitimate,uci_sms_spam
"Free-message: Jamster!Get the crazy frog sound now! For poly text MAD1, for real text MAD2 to 88888. 6 crazy sounds for just 3 GBP/week! 16+only! T&C's apply",scam,uci_sms_spam
"YOUR CHANCE TO BE ON A REALITY FANTASY SHOW call now = 08707509020 Just 20p per min NTT Ltd, PO Box 1327 Croydon CR9 5WB 0870 is a national = rate call",scam,uci_sms_spam
She's fine. Good to hear from you. How are you my dear? Happy new year oh.,legitimate,uci_sms_spam
Are you going to wipro interview today?,legitimate,uci_sms_spam
how tall are you princess?,legitimate,uci_sms_spam
I doubt you could handle 5 times per night in any case...,legitimate,uci_sms_spam
Haha... Hope ü can hear the receipt sound... Gd luck!,legitimate,uci_sms_spam
Your gonna be the death if me. I'm gonna leave a note that says its all robs fault. Avenge me.,legitimate,uci_sms_spam
"Japanese Proverb: If one Can do it, U too Can do it, If none Can do it,U must do it Indian version: If one Can do it, LET HIM DO it.. If none Can do it,LEAVE it!! And finally Kerala version: If one can do it, Stop him doing it.. If none can do it, Make a strike against it ...",legitimate,uci_sms_spam
Today i'm not workin but not free oso... Gee... Thgt u workin at ur fren's shop ? ,legitimate,uci_sms_spam
In life when you face choices Just toss a coin not becoz its settle the question But while the coin in the air U will know what your heart is hoping for. Gudni8,legitimate,uci_sms_spam
I want to be there so i can kiss you and feel you next to me,legitimate,uci_sms_spam
I am not at all happy with what you saying or doing,legitimate,uci_sms_spam
Adult 18 Content Your video will be with you shortly,scam,uci_sms_spam
"Ok that would b lovely, if u r sure. Think about wot u want to do, drinkin, dancin, eatin, cinema, in, out, about... Up to u! Wot about ? ",legitimate,uci_sms_spam
What I'm saying is if you haven't explicitly told nora I know someone I'm probably just not gonna bother,legitimate,uci_sms_spam
Smith waste da.i wanna gayle.,legitimate,uci_sms_spam
"Mum, i've sent you many many messages since i got here. I just want to know that you are actually getting them. Do enjoy the rest of your day.",legitimate,uci_sms_spam
"Aight, tomorrow around  &lt;#&gt;  it is",legitimate,uci_sms_spam
"YOUR CHANCE TO BE ON A REALITY FANTASY SHOW call now = 08707509020 Just 20p per min NTT Ltd, PO Box 1327 Croydon CR9 5WB 0870 is a national = rate call.",scam,uci_sms_spam
I actually did for the first time in a while. I went to bed not too long after i spoke with you. Woke up at 7. How was your night?,legitimate,uci_sms_spam
See you there! ,legitimate,uci_sms_spam
I dont understand your message.,legitimate,uci_sms_spam
Crucify is c not s. You should have told me earlier.,legitimate,uci_sms_spam
"Idk. You keep saying that you're not, but since he moved, we keep butting heads over freedom vs. responsibility. And i'm tired. I have so much other shit to deal with that i'm barely keeping myself together once this gets added to it.",legitimate,uci_sms_spam
Fuck cedar key and fuck her (come over anyway tho),legitimate,uci_sms_spam
twenty past five he said will this train have been to durham already or not coz i am in a reserved seat,legitimate,uci_sms_spam
"Hey Boys. Want hot XXX pics sent direct 2 ur phone? Txt PORN to 69855, 24Hrs free and then just 50p per day. To stop text STOPBCM SF WC1N3XX",scam,uci_sms_spam
U still painting ur wall?,legitimate,uci_sms_spam
Printer is cool. I mean groovy. Wine is groovying,legitimate,uci_sms_spam
Hi Harish's rent has been transfred to ur Acnt.,legitimate,uci_sms_spam
Anything lor is she coming?,legitimate,uci_sms_spam
Cbe is really good nowadays:)lot of shop and showrooms:)city is shaping good.,legitimate,uci_sms_spam
Ü still attending da talks?,legitimate,uci_sms_spam
No probs hon! How u doinat the mo?,legitimate,uci_sms_spam
K I'll take care of it,legitimate,uci_sms_spam
I take it we didn't have the phone callon Friday. Can we assume we won't have it this year now?,legitimate,uci_sms_spam
My battery is low babe,legitimate,uci_sms_spam
Shuhui has bought ron's present it's a swatch watch...,legitimate,uci_sms_spam
"Yeah there's quite a bit left, I'll swing by tomorrow when I get up",legitimate,uci_sms_spam
Babe? You said 2 hours and it's been almost 4 ... Is your internet down ?,legitimate,uci_sms_spam
K I'll be sure to get up before noon and see what's what,legitimate,uci_sms_spam
K...k...yesterday i was in cbe .,legitimate,uci_sms_spam
Went to ganesh dress shop,legitimate,uci_sms_spam
"pdate_Now - Double mins and 1000 txts on Orange tariffs. Latest Motorola, SonyEricsson & Nokia & Bluetooth FREE! Call MobileUpd8 on 08000839402 or call2optout/!YHL",scam,uci_sms_spam
Ü collecting ur laptop then going to configure da settings izzit?,legitimate,uci_sms_spam
"Aight, I should be there by 8 at the latest, probably closer to 7. Are jay and tyler down or should we just do two trips?",legitimate,uci_sms_spam
Come aftr  &lt;DECIMAL&gt; ..now i m cleaning the house,legitimate,uci_sms_spam
Ur cash-balance is currently 500 pounds - to maximize ur cash-in now send CASH to 86688 only 150p/msg. CC: 08718720201 PO BOX 114/14 TCR/W1,scam,uci_sms_spam
"Bill, as in: Are there any letters for me. i’m expecting one from orange that isn’t a bill but may still say orange on it.",legitimate,uci_sms_spam
Tell me pa. How is pain de.,legitimate,uci_sms_spam
HI DARLIN I HOPE YOU HAD A NICE NIGHT I WISH I HAD COME CANT WAIT TO SEE YOU LOVE FRAN PS I WANT DIRTY ANAL SEX AND I WANT A 10 MAN GANG BANG,legitimate,uci_sms_spam
"Ha. You don‘t know either. I did a a clever but simple thing with pears the other day, perfect for christmas.",legitimate,uci_sms_spam
"Helloooo... Wake up..! ""Sweet"" ""morning"" ""welcomes"" ""You"" ""Enjoy"" ""This Day"" ""with full of joy"".. ""GUD MRNG"".",legitimate,uci_sms_spam
ALRITE,legitimate,uci_sms_spam
Why must we sit around and wait for summer days to celebrate. Such a magical sight when the worlds dressed in white. Oooooh let there be snow.,legitimate,uci_sms_spam
URGENT! Your Mobile number has been awarded with a £2000 prize GUARANTEED. Call 09058094454 from land line. Claim 3030. Valid 12hrs only,scam,uci_sms_spam
How do you guys go to see movies on your side.,legitimate,uci_sms_spam
You didn't have to tell me that...now i'm thinking. Plus he's going to stop all your runs,legitimate,uci_sms_spam
Kindly send some one to our flat before  &lt;DECIMAL&gt;  today.,legitimate,uci_sms_spam
Sorry! U can not unsubscribe yet. THE MOB offer package has a min term of 54 weeks> pls resubmit request after expiry. Reply THEMOB HELP 4 more info,scam,uci_sms_spam
Nothing lor... A bit bored too... Then y dun u go home early 2 sleep today...,legitimate,uci_sms_spam
What time should I tell my friend to be around?,legitimate,uci_sms_spam
Yes. that will be fine. Love you. Be safe.,legitimate,uci_sms_spam
Thanks chikku..:-) gud nyt:-*,legitimate,uci_sms_spam
Is xy in ur car when u picking me up?,legitimate,uci_sms_spam
"Thanx 4 the time weve spent 2geva, its bin mint! Ur my Baby and all I want is u!xxxx",legitimate,uci_sms_spam
"Yo, any way we could pick something up tonight?",legitimate,uci_sms_spam
I've not sent it. He can send me.,legitimate,uci_sms_spam
Fine am simply sitting.,legitimate,uci_sms_spam
Thts god's gift for birds as humans hav some natural gift frm god..,legitimate,uci_sms_spam
Are you coming to day for class.,legitimate,uci_sms_spam
Im done. Just studyn in library,legitimate,uci_sms_spam
Ok... U enjoy ur shows...,legitimate,uci_sms_spam
Anything...,legitimate,uci_sms_spam
Where wuld I be without my baby? The thought alone mite break me and I dont wanna go crazy but everyboy needs his lady xxxxxxxx,legitimate,uci_sms_spam
Wat's my dear doing? Sleeping ah?,legitimate,uci_sms_spam
Hi' Test on  &lt;#&gt; rd ....,legitimate,uci_sms_spam
Only 2% students solved this CAT question in 'xam... 5+3+2= &lt;#&gt;  9+2+4= &lt;#&gt;  8+6+3= &lt;#&gt;  then 7+2+5=????? Tell me the answer if u r brilliant...1thing.i got d answr.,legitimate,uci_sms_spam
Yo do you know anyone  &lt;#&gt;  or otherwise able to buy liquor? Our guy flaked and right now if we don't get a hold of somebody its just 4 loko all night,legitimate,uci_sms_spam
Yup n her fren lor. I'm meeting my fren at 730.,legitimate,uci_sms_spam
"Yeah, we got one lined up for us",legitimate,uci_sms_spam
"And stop wondering ""wow is she ever going to stop tm'ing me ?!"" because I will tm you whenever I want because you are MINE ... *laughs*",legitimate,uci_sms_spam
Lol yep did that yesterday. Already got my fireplace. Now its just another icon sitting there for me.,legitimate,uci_sms_spam
Hey i've booked the pilates and yoga lesson already... Haha,legitimate,uci_sms_spam
Are you ok. What happen to behave like this,legitimate,uci_sms_spam
You have 1 new message. Please call 08712400200.,scam,uci_sms_spam
My supervisor find 4 me one lor i thk his students. I havent ask her yet. Tell u aft i ask her.,legitimate,uci_sms_spam
"Hello. No news on job, they are making me wait a fifth week! Yeah im up for some woozles and weasels... In exeter still, but be home about 3. ",legitimate,uci_sms_spam
We currently have a message awaiting your collection. To collect your message just call 08718723815.,scam,uci_sms_spam
"Hey babe, sorry i didn't get sooner. Gary can come and fix it cause he thinks he knows what it is but he doesn't go as far a Ptbo and he says it will cost  &lt;#&gt;  bucks. I don't know if it might be cheaper to find someone there ? We don't have any second hand machines at all right now, let me know what you want to do babe",legitimate,uci_sms_spam
make that 3! 4 fucks sake?! x,legitimate,uci_sms_spam
Leave it. U will always be ignorant.,legitimate,uci_sms_spam
Nope but i'll b going 2 sch on fri quite early lor cos mys sis got paper in da morn :-),legitimate,uci_sms_spam
at bruce b downs &amp; fletcher now,legitimate,uci_sms_spam
Where are you ? You said you would be here when I woke ... :-(,legitimate,uci_sms_spam
Hey now am free you can call me.,legitimate,uci_sms_spam
Tell me whos this pls:-),legitimate,uci_sms_spam
"URGENT! Your mobile was awarded a £1,500 Bonus Caller Prize on 27/6/03. Our final attempt 2 contact U! Call 08714714011",scam,uci_sms_spam
"Think i might have to give it a miss. Am teaching til twelve, then have lecture at two. Damn this working thing.",legitimate,uci_sms_spam
Id have to check but there's only like 1 bowls worth left,legitimate,uci_sms_spam
Yes there were many sweets,legitimate,uci_sms_spam
I would but I'm still cozy. And exhausted from last night.nobody went to school or work. Everything is closed.,legitimate,uci_sms_spam
Buzzzz! *grins* Did I buzz your ass? Buzz your chest ? Buzz your cock ? Where do you keep your phone ? Is the vibrator on ? Did you feel it shake ?,legitimate,uci_sms_spam
Sir send to group mail check it.,legitimate,uci_sms_spam
I'm doing da intro covers energy trends n pros n cons... Brief description of nuclear fusion n oso brief history of iter n jet got abt 7 n half pages..,legitimate,uci_sms_spam
NONE!NOWHERE IKNO DOESDISCOUNT!SHITINNIT,legitimate,uci_sms_spam
You dont know you jabo me abi.,legitimate,uci_sms_spam
"Do you ever notice that when you're driving, anyone going slower than you is an idiot and everyone driving faster than you is a maniac?",scam,uci_sms_spam
Not yet had..ya sapna aunty manege y'day hogidhe..chinnu full weak and swalpa black agidhane..,legitimate,uci_sms_spam
"Are you being good, baby? :)",legitimate,uci_sms_spam
"Mostly sports type..lyk footbl,crckt..",legitimate,uci_sms_spam
Ma head dey swell oh. Thanks for making my day,legitimate,uci_sms_spam
U should make a fb list,legitimate,uci_sms_spam
Sary just need Tim in the bollox &it hurt him a lot so he tol me!,legitimate,uci_sms_spam
Happy New Year Princess!,legitimate,uci_sms_spam
"I'll text carlos and let you know, hang on",legitimate,uci_sms_spam
"Don't worry, * is easy once have ingredients!",legitimate,uci_sms_spam
I love u 2 my little pocy bell I am sorry but I love u,legitimate,uci_sms_spam
"Ok omw now, you at castor?",legitimate,uci_sms_spam
Yar lor... Keep raining non stop... Or u wan 2 go elsewhere?,legitimate,uci_sms_spam
"Xmas Offer! Latest Motorola, SonyEricsson & Nokia & FREE Bluetooth or DVD! Double Mins & 1000 Txt on Orange. Call MobileUpd8 on 08000839402 or call2optout/4QF2",scam,uci_sms_spam
What u mean u almost done? Done wif sleeping? But i tot u going to take a nap.. Yup i send her liao so i'm picking her up at ard 4 smth lor..,legitimate,uci_sms_spam
"Tonight? Yeah, I'd be down for that",legitimate,uci_sms_spam
What should i eat fo lunch senor,legitimate,uci_sms_spam
"He said that he had a right giggle when he saw u again! You would possibly be the first person2die from NVQ, but think how much you could for! ",legitimate,uci_sms_spam
No break time one... How... I come out n get my stuff fr ü?,legitimate,uci_sms_spam
Reply to win £100 weekly! What professional sport does Tiger Woods play? Send STOP to 87239 to end service,scam,uci_sms_spam
"I'm there and I can see you, but you can't see me ? Maybe you should reboot ym ? I seen the buzz",legitimate,uci_sms_spam
Do you still have the grinder?,legitimate,uci_sms_spam
No 1 POLYPHONIC tone 4 ur mob every week! Just txt PT2 to 87575. 1st Tone FREE ! so get txtin now and tell ur friends. 150p/tone. 16 reply HL 4info,scam,uci_sms_spam
K.i did't see you.:)k:)where are you now?,legitimate,uci_sms_spam
So i'm doing a list of buyers.,legitimate,uci_sms_spam
"No idea, I guess we'll work that out an hour after we're supposed to leave since as usual nobody has any interest in figuring shit out before the last second",legitimate,uci_sms_spam
Mm not entirely sure i understood that text but hey. Ho. Which weekend?,legitimate,uci_sms_spam
They released vday shirts and when u put it on it makes your bottom half naked instead of those white underwear.,legitimate,uci_sms_spam
Don know..he is watching film in computer..,legitimate,uci_sms_spam
No b4 Thursday,legitimate,uci_sms_spam
"Oh, then your phone phoned me but it disconnected",legitimate,uci_sms_spam
Id onluy matters when getting on from offcampus,legitimate,uci_sms_spam
This message is free. Welcome to the new & improved Sex & Dogging club! To unsubscribe from this service reply STOP. msgs@150p 18+only,scam,uci_sms_spam
"Excellent, I'll see what riley's plans are",legitimate,uci_sms_spam
Ew are you one of them?,legitimate,uci_sms_spam
Also hi wesley how've you been,legitimate,uci_sms_spam
Ah you see. You have to be in the lingo. I will let you know wot on earth it is when has finished making it!,legitimate,uci_sms_spam
Update_Now - 12Mths Half Price Orange line rental: 400mins...Call MobileUpd8 on 08000839402 or call2optout=J5Q,scam,uci_sms_spam
Imagine Life WITHOUT ME... see.. How fast u are searching me?Don't worry.. l'm always there To disturb U.. Goodnoon..:),legitimate,uci_sms_spam
"Hm good morning, headache anyone? :-)",legitimate,uci_sms_spam
Yeah no probs - last night is obviously catching up with you... Speak soon ,legitimate,uci_sms_spam
FREE UNLIMITED HARDCORE PORN direct 2 your mobile Txt PORN to 69200 & get FREE access for 24 hrs then chrgd@50p per day txt Stop 2exit. This msg is free,scam,uci_sms_spam
I might go 2 sch. Yar at e salon now v boring.,legitimate,uci_sms_spam
 &lt;#&gt;  mins but i had to stop somewhere first.,legitimate,uci_sms_spam
"&lt;#&gt;  is fast approaching. So, Wish u a very Happy New Year Happy Sankranti Happy republic day Happy Valentines Day Happy Shivratri Happy Ugadi Happy Fools day Happy May Day Happy Independence Day, Happy Friendship,Mother,Father,Teachers,Childrens Day, &amp; HAPPY BIRTHDAY 4 U. Happy Ganesh festival Happy Dasara Happy Diwali Happy Christmas  &lt;#&gt;  Good Mornings Afternoons, Evenings Nights. RememberI AM the first to WISHING U ALL THESE...your's Raj",legitimate,uci_sms_spam
One of the joys in lifeis waking up each daywith thoughts that somewhereSomeone cares enough tosend a warm morning greeting.. -,legitimate,uci_sms_spam
I didn't get the second half of that message,legitimate,uci_sms_spam
Wat time do u wan 2 meet me later?,legitimate,uci_sms_spam
I thank you so much for all you do with selflessness. I love you plenty.,legitimate,uci_sms_spam
Am in film ill call you later.,legitimate,uci_sms_spam
How dare you change my ring,legitimate,uci_sms_spam
You are a very very very very bad girl. Or lady.,legitimate,uci_sms_spam
I love ya too but try and budget your money better babe. Gary would freak on me if he knew,legitimate,uci_sms_spam
"What part of ""don't initiate"" don't you understand",legitimate,uci_sms_spam
I finished my lunch already. U wake up already?,legitimate,uci_sms_spam
You still at the game?,legitimate,uci_sms_spam
You have got tallent but you are wasting.,legitimate,uci_sms_spam
What is your record for one night? :),legitimate,uci_sms_spam
"Also sir, i sent you an email about how to log into the usc payment portal. I.ll send you another message that should explain how things are back home. Have a great weekend.",legitimate,uci_sms_spam
 gonna let me know cos comes bak from holiday that day.  is coming. Don't4get2text me  number. ,legitimate,uci_sms_spam
Jokin only lar... :-) depends on which phone my father can get lor...,legitimate,uci_sms_spam
"Aight, lemme know what's up",legitimate,uci_sms_spam
Get ready for  &lt;#&gt;  inches of pleasure...,legitimate,uci_sms_spam
;-) ok. I feel like john lennon.,legitimate,uci_sms_spam
Cos darren say ü considering mah so i ask ü...,legitimate,uci_sms_spam
You are not bothering me but you have to trust my answers. Pls.,legitimate,uci_sms_spam
One day a crab was running on the sea shore..The waves came n cleared the footprints of the crab.. Crab asked: being my frnd y r u clearing my beautiful footprints? Waves replied: A fox was following ur footprints to catch you! thats y i cleared it off:) frndsship never lets u dwn :-) GUD nyt..,legitimate,uci_sms_spam
Aight what time you want me to come up?,legitimate,uci_sms_spam
Slaaaaave ! Where are you ? Must I summon you to me all the time now ? Don't you wish to come to me on your own anymore?,legitimate,uci_sms_spam
Your bill at 3 is £33.65 so thats not bad!,legitimate,uci_sms_spam
Let me know how it changes in the next 6hrs. It can even be appendix but you are out of that age range. However its not impossible. So just chill and let me know in 6hrs,legitimate,uci_sms_spam
"Hello, yeah i've just got out of the bath and need to do my hair so i'll come up when i'm done, yeah?",legitimate,uci_sms_spam
So how's the weather over there?,legitimate,uci_sms_spam
"Ok. Not much to do here though. H&M Friday, cant wait. Dunno wot the hell im gonna do for another 3 weeks! Become a slob- oh wait, already done that! ",legitimate,uci_sms_spam
Die... Now i have e toot fringe again...,legitimate,uci_sms_spam
Lol they don't know about my awesome phone. I could click delete right now if I want.,legitimate,uci_sms_spam
"Awesome question with a cute answer: Someone asked a boy ""how is ur life?"" . . He smiled &amp; answered: . . ""She is fine!"" Gudnite",legitimate,uci_sms_spam
Please leave this topic..sorry for telling that..,legitimate,uci_sms_spam
Pls send me the correct name da.,legitimate,uci_sms_spam
What happened to our yo date?,legitimate,uci_sms_spam
Webpage s not available!,legitimate,uci_sms_spam
Just woke up. Yeesh its late. But I didn't fall asleep til &lt;#&gt; am :/,legitimate,uci_sms_spam
You are now unsubscribed all services. Get tons of sexy babes or hunks straight to your phone! go to http://gotbabes.co.uk. No subscriptions.,scam,uci_sms_spam
"Dear all, as we know  &lt;#&gt; th is the  &lt;#&gt; th birthday of our loving Gopalettan. We are planning to give a small gift on that day. Those who like to participate in that you are welcome. Please contact our admin team for more details",legitimate,uci_sms_spam
K..k...from tomorrow onwards started ah?,legitimate,uci_sms_spam
What u talking bout early morning? It's almost noon where your at!,legitimate,uci_sms_spam
Fine. Do you remember me.,legitimate,uci_sms_spam
"Hi babe its Jordan, how r u? Im home from abroad and lonely, text me back if u wanna chat xxSP visionsms.com Text stop to stopCost 150p 08712400603",scam,uci_sms_spam
Ok. How many should i buy.,legitimate,uci_sms_spam
"Sounds good, keep me posted",legitimate,uci_sms_spam
Get a brand new mobile phone by being an agent of The Mob! Plus loads more goodies! For more info just text MAT to 87021.,scam,uci_sms_spam
Ok. So april. Cant wait,legitimate,uci_sms_spam
Boy you best get yo ass out here quick,legitimate,uci_sms_spam
Ay wana meet on sat?ü wkg on sat?,legitimate,uci_sms_spam
I'm now but have to wait till 2 for the bus to pick me.,legitimate,uci_sms_spam
Apart from the one i told you about yesterday?,legitimate,uci_sms_spam
Ok lor... But buy wat?,legitimate,uci_sms_spam
Somebody should go to andros and steal ice,legitimate,uci_sms_spam
Don know. I did't msg him recently.,legitimate,uci_sms_spam
Take us out shopping and Mark will distract Isaiah.=D,legitimate,uci_sms_spam
"Mum, hope you are having a great day. Hoping this text meets you well and full of life. Have a great day. Abiola",legitimate,uci_sms_spam
There is no sense in my foot and penis.,legitimate,uci_sms_spam
Okay but i thought you were the expert,legitimate,uci_sms_spam
*deep sigh* ... I miss you :-( ... I am really surprised you haven't gone to the net cafe yet to get to me ... Don't you miss me?,legitimate,uci_sms_spam
S.s:)i thinl role is like sachin.just standing. Others have to hit.,legitimate,uci_sms_spam
Have a great trip to India. And bring the light to everyone not just with the project but with everyone that is lucky to see you smile. Bye. Abiola,legitimate,uci_sms_spam
"And very importantly, all we discuss is between u and i only.",legitimate,uci_sms_spam
K..k:)how about your training process?,legitimate,uci_sms_spam
Ok lor. I ned 2 go toa payoh 4 a while 2 return smth u wan 2 send me there or wat?,legitimate,uci_sms_spam
In da car park ,legitimate,uci_sms_spam
I wish that I was with you. Holding you tightly. Making you see how important you are. How much you mean to me ... How much I need you ... In my life ...,legitimate,uci_sms_spam
So i asked how's anthony. Dad. And your bf,legitimate,uci_sms_spam
"'Wnevr i wana fal in luv vth my books, My bed fals in luv vth me..!'' . Yen madodu, nav pretsorginta, nammanna pretsovru important alwa....!!:) Gud eveB-).",legitimate,uci_sms_spam
Am going to take bath ill place the key in window:-),legitimate,uci_sms_spam
LORD OF THE RINGS:RETURN OF THE KING in store NOW!REPLY LOTR by 2 June 4 Chance 2 WIN LOTR soundtrack CDs StdTxtRate. Reply STOP to end txts,scam,uci_sms_spam
"Dear, take care. I am just reaching home.love u a lot.",legitimate,uci_sms_spam
staff.science.nus.edu.sg/~phyhcmk/teaching/pc1323,legitimate,uci_sms_spam
Have you emigrated or something? Ok maybe 5.30 was a bit hopeful...,legitimate,uci_sms_spam
Olol i printed out a forum post by a guy with the exact same  prob which was fixed with a gpu replacement. Hopefully they dont ignore that.,legitimate,uci_sms_spam
We walked from my moms. Right on stagwood pass right on winterstone left on victors hill. Address is &lt;#&gt;,legitimate,uci_sms_spam
"Yo, you at jp and hungry like a mofo?",legitimate,uci_sms_spam
This is all just creepy and crazy to me.,legitimate,uci_sms_spam
Ok... I din get ur msg...,legitimate,uci_sms_spam
Pathaya enketa maraikara pa',legitimate,uci_sms_spam
Even if he my friend he is a priest call him now,legitimate,uci_sms_spam
"U so lousy, run already come back then half dead... Hee...",legitimate,uci_sms_spam
That's y i said it's bad dat all e gals know u... Wat u doing now?,legitimate,uci_sms_spam
Or remind me in a few hrs.,legitimate,uci_sms_spam
"I had been hoping i would not have to send you this message. My rent is due and i dont have enough for it. My reserves are completely gone. Its a loan i need and was hoping you could her. The balance is  &lt;#&gt; . Is there a way i could get that from you, till mid march when i hope to pay back.",legitimate,uci_sms_spam
Hi. Happy New Year. I dont mean to intrude but can you pls let me know how much tuition you paid last semester and how much this semester is. Thanks,legitimate,uci_sms_spam
Hello hun how ru? Its here by the way. Im good. Been on 2 dates with that guy i met in walkabout so far. We have to meet up soon. Hows everyone else?,legitimate,uci_sms_spam
Lol I was gonna last month. I cashed some in but I left &lt;#&gt; just in case. I was collecting more during the week cause they announced it on the blog.,legitimate,uci_sms_spam
Good Luck! Draw takes place 28th Feb 06. Good Luck! For removal send STOP to 87239 customer services 08708034412,scam,uci_sms_spam
"Short But Cute : "" Be a good person , but dont try to prove"" ..... Gud mrng...",legitimate,uci_sms_spam
Just haven't decided where yet eh ?,legitimate,uci_sms_spam
"Wat time liao, where still got.",legitimate,uci_sms_spam
Yes watching footie but worried we're going to blow it - Phil Neville?,legitimate,uci_sms_spam
I wait 4 ü inside da car park...,legitimate,uci_sms_spam
Uncle Abbey! Happy New Year. Abiola,legitimate,uci_sms_spam
Now am free call me pa.,legitimate,uci_sms_spam
R u saying i should re order the slippers cos i had to pay for returning it.,legitimate,uci_sms_spam
Stop knowing me so well!,legitimate,uci_sms_spam
Good evening! this is roger. How are you?,legitimate,uci_sms_spam
Small problem in auction:)punj now asking tiwary,legitimate,uci_sms_spam
He telling not to tell any one. If so treat for me hi hi hi,legitimate,uci_sms_spam
1st wk FREE! Gr8 tones str8 2 u each wk. Txt NOKIA ON to 8007 for Classic Nokia tones or HIT ON to 8007 for Polys. Nokia/150p Poly/200p 16+,scam,uci_sms_spam
U coming 2 pick me?,legitimate,uci_sms_spam
Thats cool. i liked your photos. You are very sexy!,legitimate,uci_sms_spam
would u fuckin believe it they didnt know i had thurs pre booked off so they re cancelled me AGAIN! that needs to b sacked,legitimate,uci_sms_spam
"Haha better late than ever, any way I could swing by?",legitimate,uci_sms_spam
Ok. But i finish at 6.,legitimate,uci_sms_spam
"LookAtMe!: Thanks for your purchase of a video clip from LookAtMe!, you've been charged 35p. Think you can do better? Why not send a video in a MMSto 32323.",scam,uci_sms_spam
I've been barred from all B and Q stores for life!?This twat in orange dungerees came up to me and asked if I wanted decking? So I got the first punch in!!,legitimate,uci_sms_spam
So no messages. Had food?,legitimate,uci_sms_spam
Ok going to sleep. Hope i can meet her.,legitimate,uci_sms_spam
Can you let me know details of fri when u find out cos I'm not in tom or fri. mentionned chinese. Thanks,legitimate,uci_sms_spam
You're right I have now that I think about it,legitimate,uci_sms_spam
Wat r u doing now?,legitimate,uci_sms_spam
Is ur lecture over?,legitimate,uci_sms_spam
sexy sexy cum and text me im wet and warm and ready for some porn! u up for some fun? THIS MSG IS FREE RECD MSGS 150P INC VAT 2 CANCEL TEXT STOP,scam,uci_sms_spam
Customer place i will call you,legitimate,uci_sms_spam
Not planned yet :)going to join company on jan 5 only.don know what will happen after that.,legitimate,uci_sms_spam
Boy; I love u Grl: Hogolo Boy: gold chain kodstini Grl: Agalla Boy: necklace madstini Grl: agalla Boy: Hogli 1 mutai eerulli kodthini! Grl: I love U kano;-),legitimate,uci_sms_spam
"Haha I heard that, text me when you're around",legitimate,uci_sms_spam
I.ll get there tomorrow and send it to you,legitimate,uci_sms_spam
"SHIT BABE.. THASA BIT MESSED UP.YEH, SHE SHUDVETOLD U. DID URGRAN KNOW?NEWAY, ILLSPEAK 2 U2MORO WEN IM NOT ASLEEP...",legitimate,uci_sms_spam
Oh thats late! Well have a good night and i will give u a call tomorrow. Iam now going to go to sleep night night,legitimate,uci_sms_spam
CHEERS U TEX MECAUSE U WEREBORED! YEAH OKDEN HUNNY R UIN WK SAT?SOUNDS LIKEYOUR HAVIN GR8FUN J! KEEP UPDAT COUNTINLOTS OF LOVEME XXXXX.,legitimate,uci_sms_spam
"Sorry,  in meeting I'll call you later",legitimate,uci_sms_spam
Yo! Howz u? girls never rang after india. L,legitimate,uci_sms_spam
Yeah but which is worse for i,legitimate,uci_sms_spam
I tagged MY friends that you seemed to count as YOUR friends.,legitimate,uci_sms_spam
Long time. You remember me today.,legitimate,uci_sms_spam
Havent shopping now lor i juz arrive only,legitimate,uci_sms_spam
Thank u. IT BETTER WORK OUT CAUSE I WILL FEEL USED OTHERWISE,legitimate,uci_sms_spam
Are you up for the challenge? I know i am :),legitimate,uci_sms_spam
How much did ur hdd casing cost.,legitimate,uci_sms_spam
Mystery solved! Just opened my email and he's sent me another batch! Isn't he a sweetie,legitimate,uci_sms_spam
I can't describe how lucky you are that I'm actually awake by noon,legitimate,uci_sms_spam
This is the 2nd time we have tried to contact u. U have won the £1450 prize to claim just call 09053750005 b4 310303. T&Cs/stop SMS 08718725756. 140ppm,scam,uci_sms_spam
Cheers for the card ... Is it that time of year already?,legitimate,uci_sms_spam
Ugh hopefully the asus ppl dont randomly do a reformat.,legitimate,uci_sms_spam
"Haven't seen my facebook, huh? Lol!",legitimate,uci_sms_spam
"Mah b, I'll pick it up tomorrow",legitimate,uci_sms_spam
Still otside le..u come 2morrow maga..,legitimate,uci_sms_spam
Do u still have plumbers tape and a wrench we could borrow?,legitimate,uci_sms_spam
"Dear Voucher Holder, To claim this weeks offer, at you PC please go to http://www.e-tlp.co.uk/reward. Ts&Cs apply.",scam,uci_sms_spam
It vl bcum more difficult..,legitimate,uci_sms_spam
Havent still waitin as usual... Ü come back sch oredi?,legitimate,uci_sms_spam
In meeting da. I will call you,legitimate,uci_sms_spam
K k :-):-) then watch some films.,legitimate,uci_sms_spam
Does cinema plus drink appeal tomo? * Is a fr thriller by director i like on at mac at 8.30.,legitimate,uci_sms_spam
There the size of elephant tablets & u shove um up ur ass!!,legitimate,uci_sms_spam
"So many people seems to be special at first sight, But only very few will remain special to you till your last sight.. Maintain them till life ends.. take cr da",legitimate,uci_sms_spam
"My Parents, My Kidz, My Friends n My Colleagues. All screaming.. SURPRISE !! and I was waiting on the sofa.. ... ..... ' NAKED...!",legitimate,uci_sms_spam
Dunno i juz askin cos i got a card got 20% off 4 a salon called hair sense so i tot it's da one ü cut ur hair. ,legitimate,uci_sms_spam
Good morning pookie pie! Lol hope I didn't wake u up,legitimate,uci_sms_spam
MAYBE IF YOU WOKE UP BEFORE FUCKING 3 THIS WOULDN'T BE A PROBLEM.,legitimate,uci_sms_spam
Happy birthday to you....dear.with lots of love.rakhesh NRI,legitimate,uci_sms_spam
"This is the 2nd time we have tried 2 contact u. U have won the 750 Pound prize. 2 claim is easy, call 08712101358 NOW! Only 10p per min. BT-national-rate",scam,uci_sms_spam
X2  &lt;#&gt; . Are you going to get that,legitimate,uci_sms_spam
Hi neva worry bout da truth coz the truth will lead me 2 ur heart. Its the least a unique person like u deserve. Sleep tight or morning,legitimate,uci_sms_spam
UR awarded a City Break and could WIN a £200 Summer Shopping spree every WK. Txt STORE to 88039.SkilGme.TsCs087147403231Winawk!Age16+£1.50perWKsub,scam,uci_sms_spam
Is ur paper today in e morn or aft?,legitimate,uci_sms_spam
I will lick up every drop :) are you ready to use your mouth as well?,legitimate,uci_sms_spam
And you! Will expect you whenever you text! Hope all goes well tomo ,legitimate,uci_sms_spam
Great. P diddy is my neighbor and comes for toothpaste every morning,legitimate,uci_sms_spam
"I av a new number,  . Wil u only use this one,ta.",legitimate,uci_sms_spam
So its to be poking man everyday that they teach you in canada abi! How are you. Just saying hi.,legitimate,uci_sms_spam
7 lor... Change 2 suntec... Wat time u coming?,legitimate,uci_sms_spam
No de.am seeing in online shop so that i asked.,legitimate,uci_sms_spam
Just curious because my cuz asked what I was up to,legitimate,uci_sms_spam
Okay lor... Wah... like that def they wont let us go... Haha... What did they say in the terms and conditions?,legitimate,uci_sms_spam
Haha... Yup hopefully  we will lose a few kg by mon. after hip hop can go orchard and weigh again,legitimate,uci_sms_spam
She's good. How are you. Where r u working now,legitimate,uci_sms_spam
"Oh, yes, I've just been a little under the weather so i've kind of been coccooning at home",legitimate,uci_sms_spam
At home also.,legitimate,uci_sms_spam
This phone has the weirdest auto correct.,legitimate,uci_sms_spam
Oops my phone died and I didn't even know. Yeah I like it better.,legitimate,uci_sms_spam
Havent mus ask if u can 1st wat. Of meet 4 lunch den u n him meet can already lor. Or u wan 2 go ask da ge 1st then confirm w me asap?,legitimate,uci_sms_spam
"She said,'' do u mind if I go into the bedroom for a minute ? '' ''OK'', I sed in a sexy mood. She came out 5 minuts latr wid a cake...n My Wife,",legitimate,uci_sms_spam
"OH YEAH,AND HAV A GREAT TIME IN NEWQUAY-SEND ME A POSTCARD !1 LOOK AFTER ALL THE GIRLS WHILE IM GONE(U KNOW THE 1IM TALKIN BOUT!)xx",legitimate,uci_sms_spam
We got a divorce. Lol. She.s here,legitimate,uci_sms_spam
What's ur pin?,legitimate,uci_sms_spam
"Babe, have you got enough money to pick up bread and milk ? And I'll give you it back when you get home ?",legitimate,uci_sms_spam
I want snow. It's just freezing and windy.,legitimate,uci_sms_spam
URGENT! We are trying to contact U. Todays draw shows that you have won a £2000 prize GUARANTEED. Call 09066358361 from land line. Claim Y87. Valid 12hrs only,scam,uci_sms_spam
Come to mahal bus stop.. &lt;DECIMAL&gt;,legitimate,uci_sms_spam
Don know:)this week i'm going to tirunelvai da.,legitimate,uci_sms_spam
Me too baby! I promise to treat you well! I bet you will take good care of me...,legitimate,uci_sms_spam
Its like that hotel dusk game i think. You solve puzzles in a area thing,legitimate,uci_sms_spam
"Thanks for your ringtone order, reference number X29. Your mobile will be charged 4.50. Should your tone not arrive please call customer services 09065989180",scam,uci_sms_spam
"Hi, my love! How goes that day? Fuck, this morning I woke and dropped my cell on the way down the stairs but it seems alright ... *phews* I miss you !",legitimate,uci_sms_spam
Well that must be a pain to catch,legitimate,uci_sms_spam
Sorry da thangam.it's my mistake.,legitimate,uci_sms_spam
I need... Coz i never go before ,legitimate,uci_sms_spam
"Rose for red,red for blood,blood for heart,heart for u. But u for me.... Send tis to all ur friends.. Including me.. If u like me.. If u get back, 1-u r poor in relation! 2-u need some 1 to support 3-u r frnd 2 many 4-some1 luvs u 5+- some1 is praying god to marry u.:-) try it....",legitimate,uci_sms_spam
Ur cash-balance is currently 500 pounds - to maximize ur cash-in now send COLLECT to 83600 only 150p/msg. CC: 08718720201 PO BOX 114/14 TCR/W1,scam,uci_sms_spam
"I feel like a dick because I keep sleeping through your texts and facebook messages. Sup, you in town?",legitimate,uci_sms_spam
No plm i will come da. On the way.,legitimate,uci_sms_spam
Guess he wants alone time. We could just show up and watch when they do..,legitimate,uci_sms_spam
Height of recycling: Read twice- People spend time for earning money and the same money is spent for spending time!;-) Good morning.. keep smiling:-),legitimate,uci_sms_spam
Yup ü not comin :-(,legitimate,uci_sms_spam
"Yes, princess. Toledo.",legitimate,uci_sms_spam
"Aight text me when you're back at mu and I'll swing by, need somebody to get the door for me",legitimate,uci_sms_spam
Ron say fri leh. N he said ding tai feng cant make reservations. But he said wait lor.,legitimate,uci_sms_spam
Good. No swimsuit allowed :),legitimate,uci_sms_spam
Am okay. Will soon be over. All the best,legitimate,uci_sms_spam
"A cute thought for friendship: ""Its not necessary to share every secret with ur close Frnd, but watever u shared should be true""....",legitimate,uci_sms_spam
Ok i've sent u da latest version of da project.,legitimate,uci_sms_spam
Pls accept me for one day. Or am begging you change the number.,legitimate,uci_sms_spam
Squeeeeeze!! This is christmas hug.. If u lik my frndshp den hug me back.. If u get 3 u r cute:) 6 u r luvd:* 9 u r so lucky;) None? People hate u:,legitimate,uci_sms_spam
"Its ok, if anybody asks abt me, u tel them..:-P",legitimate,uci_sms_spam
"Funny fact Nobody teaches volcanoes 2 erupt, tsunamis 2 arise, hurricanes 2 sway aroundn no 1 teaches hw 2 choose a wife Natural disasters just happens",legitimate,uci_sms_spam
* You gonna ring this weekend or wot?,legitimate,uci_sms_spam
Also track down any lighters you can find,legitimate,uci_sms_spam
"Babe, I need your advice",legitimate,uci_sms_spam
"I‘ll leave around four, ok?",legitimate,uci_sms_spam
Come to medical college at 7pm ......forward it da,legitimate,uci_sms_spam
K:)k..its good:)when are you going?,legitimate,uci_sms_spam
I can make lasagna for you... vodka...,legitimate,uci_sms_spam
HI ITS KATE CAN U GIVE ME A RING ASAP XXX,legitimate,uci_sms_spam
Who were those people ? Were you in a tour ? I thought you were doing that sofa thing you sent me ? Your curious sugar,legitimate,uci_sms_spam
"No, but you told me you were going, before you got drunk!",legitimate,uci_sms_spam
He fucking chickened out. He messaged me he would be late and woould buzz me and then I didn't hear a word from him,legitimate,uci_sms_spam
"Congratulations! Thanks to a good friend U have WON the £2,000 Xmas prize. 2 claim is easy, just call 08718726978 NOW! Only 10p per minute. BT-national-rate",scam,uci_sms_spam
I'm always looking for an excuse to be in the city.,legitimate,uci_sms_spam
Yup i'm still having coffee wif my frens... My fren drove she'll give me a lift...,legitimate,uci_sms_spam
O shore are you takin the bus,legitimate,uci_sms_spam
So u gonna get deus ex?,legitimate,uci_sms_spam
I will send them to your email. Do you mind  &lt;#&gt;  times per night?,legitimate,uci_sms_spam
"44 7732584351, Do you want a New Nokia 3510i colour phone DeliveredTomorrow? With 300 free minutes to any mobile + 100 free texts + Free Camcorder reply or call 08000930705.",scam,uci_sms_spam
tap & spile at seven. * Is that pub on gas st off broad st by canal. Ok?,legitimate,uci_sms_spam
Ok then i come n pick u at engin?,legitimate,uci_sms_spam
Which is why i never wanted to tell you any of this. Which is why i'm so short with you and on-edge as of late.,legitimate,uci_sms_spam
Raviyog Peripherals bhayandar east,legitimate,uci_sms_spam
K actually can you guys meet me at the sunoco on howard? It should be right on the way,legitimate,uci_sms_spam
"MOON has come to color your dreams, STARS to make them musical and my SMS to give you warm and Peaceful Sleep. Good Night",legitimate,uci_sms_spam
Just finished eating. Got u a plate. NOT leftovers this time.,legitimate,uci_sms_spam
Thanx a lot...,legitimate,uci_sms_spam
Hurry home u big butt. Hang up on your last caller if u have to. Food is done and I'm starving. Don't ask what I cooked.,legitimate,uci_sms_spam
Lol your right. What diet? Everyday I cheat anyway. I'm meant to be a fatty :(,legitimate,uci_sms_spam
Its a great day. Do have yourself a beautiful one.,legitimate,uci_sms_spam
What happened in interview?,legitimate,uci_sms_spam
Badrith is only for chennai:)i will surely pick for us:)no competition for him.,legitimate,uci_sms_spam
I tot it's my group mate... Lucky i havent reply... Wat time do ü need to leave... ,legitimate,uci_sms_spam
Hey you around? I've got enough for a half + the ten I owe you,legitimate,uci_sms_spam
Hey tmr maybe can meet you at yck,legitimate,uci_sms_spam
ALRITE SAM ITS NIC JUST CHECKIN THAT THIS IS UR NUMBER-SO IS IT?T.B*,legitimate,uci_sms_spam
They are just making it easy to pay back. I have  &lt;#&gt; yrs to say but i can pay back earlier. You get?,legitimate,uci_sms_spam
Not to worry. I'm sure you'll get it.,legitimate,uci_sms_spam
"The gas station is like a block away from my house, you'll drive right by it since armenia ends at swann and you have to take howard",legitimate,uci_sms_spam
"Someone U know has asked our dating service 2 contact you! Cant Guess who? CALL 09058097189 NOW all will be revealed. POBox 6, LS15HB 150p ",scam,uci_sms_spam
Camera - You are awarded a SiPix Digital Camera! call 09061221066 fromm landline. Delivery within 28 days,scam,uci_sms_spam
My tuition is at 330. Hm we go for the 1120 to 1205 one? Do you mind?,legitimate,uci_sms_spam
"I'm not smoking while people use ""wylie smokes too much"" to justify ruining my shit",legitimate,uci_sms_spam
Dear good morning how you feeling dear,legitimate,uci_sms_spam
A little. Meds say take once every 8 hours. It's only been 5 but pain is back. So I took another. Hope I don't die,legitimate,uci_sms_spam
"Beautiful tomorrow never comes.. When it comes, it's already TODAY.. In the hunt of beautiful tomorrow don't waste your wonderful TODAY.. GOODMORNING:)",legitimate,uci_sms_spam
Dunno lei ü all decide lor. How abt leona? Oops i tot ben is going n i msg him.,legitimate,uci_sms_spam
Hi there. We have now moved in2 our pub . Would be great 2 c u if u cud come up.,legitimate,uci_sms_spam
Todays Voda numbers ending 5226 are selected to receive a ?350 award. If you hava a match please call 08712300220 quoting claim code 1131 standard rates app ,scam,uci_sms_spam
This message is free. Welcome to the new & improved Sex & Dogging club! To unsubscribe from this service reply STOP. msgs@150p 18 only,scam,uci_sms_spam
Just do what ever is easier for you,legitimate,uci_sms_spam
RCT' THNQ Adrian for U text. Rgds Vatian,scam,uci_sms_spam
Stop calling everyone saying I might have cancer. My throat hurts to talk. I can't be answering everyones calls. If I get one more call I'm not babysitting on Monday,legitimate,uci_sms_spam
"It'll be tough, but I'll do what I have to",legitimate,uci_sms_spam
IM GONNAMISSU SO MUCH!!I WOULD SAY IL SEND U A POSTCARD BUTTHERES ABOUTAS MUCH CHANCE OF MEREMEMBERIN ASTHERE IS OFSI NOT BREAKIN HIS CONTRACT!! LUV Yaxx,legitimate,uci_sms_spam
Ee msg na poortiyagi odalebeku: Hanumanji 7 name 1-Hanuman 2-Bajarangabali 3-Maruti 4-Pavanaputra 5-Sankatmochan 6-Ramaduth 7-Mahaveer ee 7 name  &lt;#&gt;  janarige ivatte kalisidare next saturday olage ondu good news keluviri...! Maretare inde 1 dodda problum nalli siguviri idu matra  &lt;#&gt; % true.. Don't neglet.,legitimate,uci_sms_spam
HI DARLIN I FINISH AT 3 DO U 1 2 PICK ME UP OR MEET ME? TEXT BACK ON THIS NUMBER LUV KATE XXX,legitimate,uci_sms_spam
"Set a place for me in your heart and not in your mind, as the mind easily forgets but the heart will always remember. Wish you Happy Valentines Day!",legitimate,uci_sms_spam
But i'm surprised she still can guess right lor...,legitimate,uci_sms_spam
Okie ü wan meet at bishan? Cos me at bishan now. I'm not driving today.,legitimate,uci_sms_spam
HI DARLIN HOW WAS WORK DID U GET INTO TROUBLE? IJUST TALKED TO YOUR MUM ALL MORNING! I HAD A REALLY GOOD TIME LAST NIGHT IM GOIN OUT SOON BUT CALL ME IF U CAN,legitimate,uci_sms_spam
I know you are serving. I mean what are you doing now.,legitimate,uci_sms_spam
"Huh... Hyde park not in mel ah, opps, got confused... Anyway, if tt's e best choice den we juz have to take it...",legitimate,uci_sms_spam
Oh gei. That happend to me in tron. Maybe ill dl it in 3d when its out,legitimate,uci_sms_spam
I know girls always safe and selfish know i got it pa. Thank you. good night.,legitimate,uci_sms_spam
"No worries, hope photo shoot went well. have a spiffing fun at workage. ",legitimate,uci_sms_spam
I'm freezing and craving ice. Fml,legitimate,uci_sms_spam
Kay... Since we are out already ,legitimate,uci_sms_spam
Eh sorry leh... I din c ur msg. Not sad already lar. Me watching tv now. U still in office?,legitimate,uci_sms_spam
Yo im right by yo work,legitimate,uci_sms_spam
Ok darlin i supose it was ok i just worry too much.i have to do some film stuff my mate and then have to babysit again! But you can call me there.xx,legitimate,uci_sms_spam
I don wake since. I checked that stuff and saw that its true no available spaces. Pls call the embassy or send a mail to them.,legitimate,uci_sms_spam
Nope... Juz off from work...,legitimate,uci_sms_spam
Huh so fast... Dat means u havent finished painting?,legitimate,uci_sms_spam
 what number do u live at? Is it 11?,legitimate,uci_sms_spam
"No we put party 7 days a week and study lightly, I think we need to draw in some custom checkboxes so they know we're hardcore",legitimate,uci_sms_spam
Sac will score big hundred.he is set batsman:-),legitimate,uci_sms_spam
Send me yetty's number pls.,legitimate,uci_sms_spam
How much it will cost approx . Per month.,legitimate,uci_sms_spam
Ok... The theory test? when are ü going to book? I think it's on 21 may. Coz thought wanna go out with jiayin. But she isnt free,legitimate,uci_sms_spam
"You are being contacted by our dating service by someone you know! To find out who it is, call from a land line 09050000928. PoBox45W2TG150P",scam,uci_sms_spam
"That's fine, have him give me a call if he knows what he wants or has any questions",legitimate,uci_sms_spam
"Sorry, got a late start, we're on the way",legitimate,uci_sms_spam
Then u go back urself lor...,legitimate,uci_sms_spam
I AM AT THE GAS STATION. GO THERE.,legitimate,uci_sms_spam
"K, if u bored up just come to my home..",legitimate,uci_sms_spam
Babe !!!! I LOVE YOU !!!! *covers your face in kisses*,legitimate,uci_sms_spam
"Like I made him throw up when we were smoking in our friend's car one time, it was awesome",legitimate,uci_sms_spam
Still i have not checked it da. . .,legitimate,uci_sms_spam
You will go to walmart. I.ll stay.,legitimate,uci_sms_spam
"I haven't forgotten you, i might have a couple bucks to send you tomorrow, k? I love ya too",legitimate,uci_sms_spam
Oh great. I.ll disturb him more so that we can talk.,legitimate,uci_sms_spam
Reverse is cheating. That is not mathematics.,legitimate,uci_sms_spam
U're welcome... Caught u using broken english again...,legitimate,uci_sms_spam
No problem baby. Is this is a good time to talk? I called and left a message.,legitimate,uci_sms_spam
Oh is it! Which brand?,legitimate,uci_sms_spam
Sorry i cant take your call right now. It so happens that there r 2waxsto do wat you want. She can come and ill get her medical insurance. And she'll be able to deliver and have basic care. I'm currently shopping for the right medical insurance for her. So just give me til friday morning. Thats when i.ll see the major person that can guide me to the right insurance.,legitimate,uci_sms_spam
At what time are you coming.,legitimate,uci_sms_spam
Call him and say you not coming today ok and tell them not to fool me like this ok,legitimate,uci_sms_spam
I emailed yifeng my part oredi.. Can ü get it fr him..,legitimate,uci_sms_spam
R u sure they'll understand that! Wine * good idea just had a slurp!,legitimate,uci_sms_spam
Minimum walk is 3miles a day.,legitimate,uci_sms_spam
Ok not a problem will get them a taxi. C ing  tomorrow and tuesday. On tuesday think we r all going to the cinema. ,legitimate,uci_sms_spam
"Brainless Baby Doll..:-D;-), vehicle sariyag drive madoke barolla..",legitimate,uci_sms_spam
Sorry I missed your call let's talk when you have the time. I'm on 07090201529,scam,uci_sms_spam
Please attend the phone:),legitimate,uci_sms_spam
You only hate me. You can call any but you didnt accept even a single call of mine. Or even you messaged,legitimate,uci_sms_spam
No messages on her phone. I'm holding it now,legitimate,uci_sms_spam
Can... I'm free...,legitimate,uci_sms_spam
"Yo my trip got postponed, you still stocked up?",legitimate,uci_sms_spam
I am waiting for your call sir.,legitimate,uci_sms_spam
Hey what are you doing. Y no reply pa..,legitimate,uci_sms_spam
"Hey elaine, is today's meeting still on?",legitimate,uci_sms_spam
Sorry i've not gone to that place. I.ll do so tomorrow. Really sorry.,legitimate,uci_sms_spam
Most of the tiime when i don't let you hug me it's so i don't break into tears.,legitimate,uci_sms_spam
Tomorrow i am not going to theatre. . . So i can come wherever u call me. . . Tell me where and when to come tomorrow,legitimate,uci_sms_spam
And now electricity just went out fml.,legitimate,uci_sms_spam
"Looks like you found something to do other than smoke, great job!",legitimate,uci_sms_spam
Also andros ice etc etc,legitimate,uci_sms_spam
:) ,legitimate,uci_sms_spam
"Good afternon, my love. How are today? I hope your good and maybe have some interviews. I wake and miss you babe. A passionate kiss from across the sea",legitimate,uci_sms_spam
Yup. Wun believe wat? U really neva c e msg i sent shuhui?,legitimate,uci_sms_spam
Hows that watch resizing,legitimate,uci_sms_spam
Dear umma she called me now :-),legitimate,uci_sms_spam
Just finished. Missing you plenty,legitimate,uci_sms_spam
"complimentary 4 STAR Ibiza Holiday or £10,000 cash needs your URGENT collection. 09066364349 NOW from Landline not to lose out! Box434SK38WP150PPM18+",scam,uci_sms_spam
"Well, I meant as opposed to my drunken night of before",legitimate,uci_sms_spam
K... Must book a not huh? so going for yoga basic on sunday?,legitimate,uci_sms_spam
FREE MSG:We billed your mobile number by mistake from shortcode 83332.Please call 08081263000 to have charges refunded.This call will be free from a BT landline,scam,uci_sms_spam
Ok can...,legitimate,uci_sms_spam
"Oops - am at my mum's in somerset... Bit far! Back tomo, see you soon x",legitimate,uci_sms_spam
So u workin overtime nigpun?,legitimate,uci_sms_spam
Same as kallis dismissial in 2nd test:-).,legitimate,uci_sms_spam
O. Guess they both got screwd,legitimate,uci_sms_spam
Please CALL 08712402972 immediately as there is an urgent message waiting for you,scam,uci_sms_spam
What r u cooking me for dinner?,legitimate,uci_sms_spam
Bull. Your plan was to go floating off to IKEA with me without a care in the world. So i have to live with your mess another day.,legitimate,uci_sms_spam
Then i buy.,legitimate,uci_sms_spam
URGENT! Your Mobile number has been awarded with a £2000 Bonus Caller Prize. Call 09058095201 from land line. Valid 12hrs only,scam,uci_sms_spam
Heehee that was so funny tho,legitimate,uci_sms_spam
It only does simple arithmetic not percentages.,legitimate,uci_sms_spam
"Yeah we wouldn't leave for an hour at least, how's 4 sound?",legitimate,uci_sms_spam
Thanks honey. Have a great day.,legitimate,uci_sms_spam
"'An Amazing Quote'' - ""Sometimes in life its difficult to decide whats wrong!! a lie that brings a smile or the truth that brings a tear....""",legitimate,uci_sms_spam
Then ü ask dad to pick ü up lar... Ü wan 2 stay until 6 meh...,legitimate,uci_sms_spam
"Jus chillaxin, what up",legitimate,uci_sms_spam
HEY DAS COOL... IKNOW ALL 2 WELLDA PERIL OF STUDENTFINANCIAL CRISIS!SPK 2 U L8R.,legitimate,uci_sms_spam
Do you want a New Nokia 3510i colour phone DeliveredTomorrow? With 300 free minutes to any mobile + 100 free texts + Free Camcorder reply or call 08000930705,scam,uci_sms_spam
"Whats that coming over the hill..... Is it a monster! Hope you have a great day. Things r going fine here, busy though! ",legitimate,uci_sms_spam
Joy's father is John. Then John is the ____ of Joy's father. If u ans ths you hav  &lt;#&gt;  IQ. Tis s IAS question try to answer.,legitimate,uci_sms_spam
Only once then after ill obey all yours.,legitimate,uci_sms_spam
No she didnt. I will search online and let you know.,legitimate,uci_sms_spam
Where do you need to go to get it?,legitimate,uci_sms_spam
No pic. Please re-send.,legitimate,uci_sms_spam
Uhhhhrmm isnt having tb test bad when youre sick,legitimate,uci_sms_spam
But i haf enuff space got like 4 mb...,legitimate,uci_sms_spam
LIFE has never been this much fun and great until you came in. You made it truly special for me. I won't forget you! enjoy @ one gbp/sms,scam,uci_sms_spam
Do you want a new Video phone? 600 anytime any network mins 400 Inclusive Video calls AND downloads 5 per week Free delTOMORROW call 08002888812 or reply NOW,scam,uci_sms_spam
"As a valued customer, I am pleased to advise you that following recent review of your Mob No. you are awarded with a £1500 Bonus Prize, call 09066368470",scam,uci_sms_spam
Welcome! Please reply with your AGE and GENDER to begin. e.g 24M,scam,uci_sms_spam
Freemsg: 1-month unlimited free calls! Activate SmartCall Txt: CALL to No: 68866. Subscriptn3gbp/wk unlimited calls Help: 08448714184 Stop?txt stop landlineonly,scam,uci_sms_spam
Had your mobile 10 mths? Update to latest Orange camera/video phones for FREE. Save £s with Free texts/weekend calls. Text YES for a callback orno to opt out,scam,uci_sms_spam
Am new 2 club & dont fink we met yet Will B gr8 2 C U Please leave msg 2day wiv ur area 09099726553 reply promised CARLIE x Calls£1/minMobsmore LKPOBOX177HP51FL,scam,uci_sms_spam
True. Its easier with her here.,legitimate,uci_sms_spam
Sure but since my parents will be working on Tuesday I don't really need a cover story,legitimate,uci_sms_spam
Haha okay... Today weekend leh... ,legitimate,uci_sms_spam
Hi darlin did youPhone me? Im atHome if youwanna chat.,legitimate,uci_sms_spam
I don't know jack shit about anything or i'd say/ask something helpful but if you want you can pretend that I did and just text me whatever in response to the hypotheticalhuagauahahuagahyuhagga,legitimate,uci_sms_spam
You've always been the brainy one.,legitimate,uci_sms_spam
Yeah if we do have to get a random dude we need to change our info sheets to PARTY  &lt;#&gt; /7 NEVER STUDY just to be safe,legitimate,uci_sms_spam
Camera - You are awarded a SiPix Digital Camera! call 09061221066 fromm landline. Delivery within 28 days.,scam,uci_sms_spam
"Christmas is An occasion that is Celebrated as a Reflection of UR... Values..., Desires..., Affections...&amp; Traditions.... Have an ideal Christmas...",legitimate,uci_sms_spam
Sending you greetings of joy and happiness. Do have a gr8 evening,legitimate,uci_sms_spam
Hi darlin i cantdo anythingtomorrow as myparents aretaking me outfor a meal. when are u free? Katexxx,legitimate,uci_sms_spam
If india win or level series means this is record:),legitimate,uci_sms_spam
Then what about further plan?,legitimate,uci_sms_spam
Its good to hear from you,legitimate,uci_sms_spam
"awesome, how do I deal with the gate? Charles told me last night but, uh, yeah",legitimate,uci_sms_spam
What time you thinkin of goin?,legitimate,uci_sms_spam
Get a FREE mobile video player FREE movie. To collect text GO to 89105. Its free! Extra films can be ordered t's and c's apply. 18 yrs only,scam,uci_sms_spam
Save money on wedding lingerie at www.bridal.petticoatdreams.co.uk Choose from a superb selection with national delivery. Brought to you by WeddingFriend,scam,uci_sms_spam
Your board is working fine. The issue of overheating is also reslove. But still software inst is pending. I will come around 8'o clock.,legitimate,uci_sms_spam
Yes but I don't care cause I know its there!,legitimate,uci_sms_spam
"Mon okie lor... Haha, best is cheap n gd food la, ex oso okie... Depends on whether wana eat western or chinese food... Den which u prefer... ",legitimate,uci_sms_spam
Sitting ard nothing to do lor. U leh busy w work?,legitimate,uci_sms_spam
Its  &lt;#&gt; k here oh. Should i send home for sale.,legitimate,uci_sms_spam
Sorry. || mail? || ,legitimate,uci_sms_spam
Ya just telling abt tht incident..,legitimate,uci_sms_spam
Yes we were outside for like 2 hours. And I called my whole family to wake them up cause it started at 1 am,legitimate,uci_sms_spam
Ugh just got outta class,legitimate,uci_sms_spam
"Nowadays people are notixiquating the laxinorficated opportunity for bambling of entropication.... Have you ever oblisingately opted ur books for the masteriastering amplikater of fidalfication? It is very champlaxigating, i think it is atrocious.. Wotz Ur Opinion???? Junna",legitimate,uci_sms_spam
No need lar. Jus testing e phone card. Dunno network not gd i thk. Me waiting 4 my sis 2 finish bathing so i can bathe. Dun disturb u liao u cleaning ur room.,legitimate,uci_sms_spam
Ok. I.ll do you right later.,legitimate,uci_sms_spam
Have your lunch and come quickly and open the door:),legitimate,uci_sms_spam
Not heard from U4 a while. Call me now am here all night with just my knickers on. Make me beg for it like U did last time 01223585236 XX Luv Nikiyu4.net,scam,uci_sms_spam
I am back. Bit long cos of accident on a30. Had to divert via wadebridge.I had a brilliant weekend thanks. Speak soon. Lots of love,legitimate,uci_sms_spam
"K.. I yan jiu liao... Sat we can go 4 bugis vill one frm 10 to 3 den hop to parco 4 nb. Sun can go cine frm 1030 to 2, den hop to orc mrt 4 hip hop at 4...",legitimate,uci_sms_spam
Bloomberg -Message center +447797706009 Why wait? Apply for your future http://careers. bloomberg.com,scam,uci_sms_spam
i am seeking a lady in the street and a freak in the sheets. Is that you?,legitimate,uci_sms_spam
My phone,legitimate,uci_sms_spam
"Haha figures, well I found the piece and priscilla's bowl",legitimate,uci_sms_spam
"Actually fuck that, just do whatever, do find an excuse to be in tampa at some point before january though",legitimate,uci_sms_spam
yay! finally lol. i missed our cinema trip last week :-(,legitimate,uci_sms_spam
All day working day:)except saturday and sunday..,legitimate,uci_sms_spam
Heart is empty without love.. Mind is empty without wisdom.. Eyes r empty without dreams &amp; Life is empty without frnds.. So Alwys Be In Touch. Good night &amp; sweet dreams,legitimate,uci_sms_spam
"I think I‘m waiting for the same bus! Inform me when you get there, if you ever get there.",legitimate,uci_sms_spam
You getting back any time soon?,legitimate,uci_sms_spam
", how's things? Just a quick question.",legitimate,uci_sms_spam
"I can probably come by, everybody's done around  &lt;#&gt;  right?",legitimate,uci_sms_spam
I got it before the new year cos yetunde said she wanted to surprise you with it but when i didnt see money i returned it mid january before the  &lt;#&gt; day return period ended.,legitimate,uci_sms_spam
I can ask around but there's not a lot in terms of mids up here,legitimate,uci_sms_spam
Be sure to check your yahoo email. We sent photos yesterday,legitimate,uci_sms_spam
What was she looking for?,legitimate,uci_sms_spam
Wherre's my boytoy ? :-(,legitimate,uci_sms_spam
Do you want a NEW video phone750 anytime any network mins 150 text for only five pounds per week call 08000776320 now or reply for delivery tomorrow,scam,uci_sms_spam
"Hello, my love! How goes that day ? I wish your well and fine babe and hope that you find some job prospects. I miss you, boytoy ... *a teasing kiss*",legitimate,uci_sms_spam
Tell my  bad character which u Dnt lik in me. I'll try to change in  &lt;#&gt; . I ll add tat 2 my new year resolution. Waiting for ur reply.Be frank...good morning.,legitimate,uci_sms_spam
"Yeah, probably earlier than that",legitimate,uci_sms_spam
Change windows logoff sound..,legitimate,uci_sms_spam
I'm also came to room.,legitimate,uci_sms_spam
Huh but i got lesson at 4 lei n i was thinkin of going to sch earlier n i tot of parkin at kent vale...  ,legitimate,uci_sms_spam
I will reach office around  &lt;DECIMAL&gt; . &amp; my mobile have problem. You cann't get my voice. So call you asa i'll free,legitimate,uci_sms_spam
"Cool, text me when you head out",legitimate,uci_sms_spam
"You are being contacted by our dating service by someone you know! To find out who it is, call from a land line 09050000878. PoBox45W2TG150P",scam,uci_sms_spam
"Wan2 win a Meet+Greet with Westlife 4 U or a m8? They are currently on what tour? 1)Unbreakable, 2)Untamed, 3)Unkempt. Text 1,2 or 3 to 83049. Cost 50p +std text",scam,uci_sms_spam
Happy birthday... May u find ur prince charming soon n dun work too hard...,legitimate,uci_sms_spam
"Oh, the grand is having a bit of a party but it doesn't mention any cover charge so it's probably first come first served",legitimate,uci_sms_spam
You said to me before i went back to bed that you can't sleep for anything.,legitimate,uci_sms_spam
I hope you arnt pissed off but id would really like to see you tomorrow. Love me xxxxxxxxxxxxxX,legitimate,uci_sms_spam
Dorothy@kiefer.com (Bank of Granite issues Strong-Buy) EXPLOSIVE PICK FOR OUR MEMBERS *****UP OVER 300% *********** Nasdaq Symbol CDGT That is a $5.00 per..,scam,uci_sms_spam
says the  &lt;#&gt;  year old with a man and money. I'm down to my last  &lt;#&gt; . Still waiting for that check.,legitimate,uci_sms_spam
I will come to ur home now,legitimate,uci_sms_spam
Free any day but i finish at 6 on mon n thurs...,legitimate,uci_sms_spam
Will you be here for food,legitimate,uci_sms_spam
"life alle mone,eppolum oru pole allalo",legitimate,uci_sms_spam
Nite...,legitimate,uci_sms_spam
"Two fundamentals of cool life: ""Walk, like you are the KING""...! OR ""Walk like you Dont care,whoever is the KING""!... Gud nyt",legitimate,uci_sms_spam
"Camera quite good, 10.1mega pixels, 3optical and 5digital dooms. Have a lovely holiday, be safe and i hope you hav a good journey! Happy new year to you both! See you in a couple of weeks! ",legitimate,uci_sms_spam
Hi Petey!noim ok just wanted 2 chat coz avent spoken 2 u 4 a long time-hope ur doin alrite.have good nit at js love ya am.x,legitimate,uci_sms_spam
I just saw ron burgundy captaining a party boat so yeah,legitimate,uci_sms_spam
I'm serious. You are in the money base,legitimate,uci_sms_spam
Already one guy loving you:-.,legitimate,uci_sms_spam
Staff of placement training in Amrita college.,legitimate,uci_sms_spam
I always chat with you. In fact i need money can you raise me?,legitimate,uci_sms_spam
I'm job profile seems like bpo..,legitimate,uci_sms_spam
"Well, I was about to give up cos they all said no they didn‘t do one nighters. I persevered and found one but it is very cheap so i apologise in advance. It is just somewhere to sleep isnt it?",legitimate,uci_sms_spam
"So you think i should actually talk to him? Not call his boss in the morning? I went to this place last year and he told me where i could go and get my car fixed cheaper. He kept telling me today how much he hoped i would come back in, how he always regretted not getting my number, etc.",legitimate,uci_sms_spam
Are you willing to go for apps class.,legitimate,uci_sms_spam
Hanging out with my brother and his family,legitimate,uci_sms_spam
No it will reach by 9 only. She telling she will be there. I dont know,legitimate,uci_sms_spam
Hey... are you going to quit soon? Xuhui and i working till end of the month ,legitimate,uci_sms_spam
"Im sorry bout last nite it wasnt ur fault it was me, spouse it was pmt or sumthin! U 4give me? I think u shldxxxx",legitimate,uci_sms_spam
Try neva mate!!,legitimate,uci_sms_spam
Yeah that'd pretty much be the best case scenario,legitimate,uci_sms_spam
I not free today i haf 2 pick my parents up tonite...,legitimate,uci_sms_spam
"HEY BABE! FAR 2 SPUN-OUT 2 SPK AT DA MO... DEAD 2 DA WRLD. BEEN SLEEPING ON DA SOFA ALL DAY, HAD A COOL NYTHO, TX 4 FONIN HON, CALL 2MWEN IM BK FRMCLOUD 9! J X",legitimate,uci_sms_spam
Should i send you naughty pix? :),legitimate,uci_sms_spam
"You are a £1000 winner or Guaranteed Caller Prize, this is our Final attempt to contact you! To Claim Call 09071517866 Now! 150ppmPOBox10183BhamB64XE",scam,uci_sms_spam
"Xmas & New Years Eve tickets are now on sale from the club, during the day from 10am till 8pm, and on Thurs, Fri & Sat night this week. They're selling fast!",scam,uci_sms_spam
"Tyler (getting an 8th) has to leave not long after 9, can you get here in like an hour?",legitimate,uci_sms_spam
Prepare to be pounded every night...,legitimate,uci_sms_spam
"Actually, my mobile is full of msg. And i m doing a work online, where i need to send them  &lt;#&gt;  sent msg i wil explain u later.",legitimate,uci_sms_spam
Good evening! How are you?,legitimate,uci_sms_spam
I'm at home. Please call,legitimate,uci_sms_spam
Oic cos me n my sis got no lunch today my dad went out... So dunno whether 2 eat in sch or wat...,legitimate,uci_sms_spam
"Mmmmm ... It was sooooo good to wake to your words this morning, my Love!! Mmmm fuck ... I love you too, my Lion ... *devouring kiss from across the sea*",legitimate,uci_sms_spam
We are pleased to inform that your application for Airtel Broadband is processed successfully. Your installation will happen within 3 days.,legitimate,uci_sms_spam
What happen dear. Why you silent. I am tensed,legitimate,uci_sms_spam
"I'll get there at 3, unless you guys want me to come some time sooner",legitimate,uci_sms_spam
If you are not coughing then its nothing,legitimate,uci_sms_spam
Ü come lt 25 n pass to me lar,legitimate,uci_sms_spam
I'm e person who's doing e sms survey...,legitimate,uci_sms_spam
Lol ok ill try to send. Be warned Sprint is dead slow. You'll prolly get it tomorrow,legitimate,uci_sms_spam
Thank You meet you monday,legitimate,uci_sms_spam
SO IS TH GOWER MATE WHICH IS WHERE I AM!?! HOW R U MAN? ALL IS GOOD IN WALES ILL B BACK MORROW. C U THIS WK? WHO WAS THE MSG 4?  RANDOM!,legitimate,uci_sms_spam
"Rock yr chik. Get 100's of filthy films &XXX pics on yr phone now. rply FILTH to 69669. Saristar Ltd, E14 9YT 08701752560. 450p per 5 days. Stop2 cancel",scam,uci_sms_spam
"I got like $ &lt;#&gt; , I can get some more later though. Get whatever you feel like",legitimate,uci_sms_spam
"Dad wanted to talk about the apartment so I got a late start, omw now",legitimate,uci_sms_spam
I love you both too :-),legitimate,uci_sms_spam
Lol u still feeling sick?,legitimate,uci_sms_spam
Din i tell u jus now 420,legitimate,uci_sms_spam
am up to my eyes in philosophy,legitimate,uci_sms_spam
From next month get upto 50% More Calls 4 Ur standard network charge 2 activate Call 9061100010 C Wire3.net 1st4Terms PoBox84 M26 3UZ Cost £1.50 min MobcudB more,scam,uci_sms_spam
Ok lor. I'm in town now lei.,legitimate,uci_sms_spam
I had it already..sabarish asked me to go..,legitimate,uci_sms_spam
No da. . Vijay going to talk in jaya tv,legitimate,uci_sms_spam
URGENT! We are trying to contact U Todays draw shows that you have won a £800 prize GUARANTEED. Call 09050000460 from land line. Claim J89. po box245c2150pm,scam,uci_sms_spam
Lol I know! Hey someone did a great inpersonation of flea on the forums. I love it!,legitimate,uci_sms_spam
Text BANNEDUK to 89555 to see! cost 150p textoperator g696ga 18+ XXX,scam,uci_sms_spam
Still chance there. If you search hard you will get it..let have a try :),legitimate,uci_sms_spam
"Auction round 4. The highest bid is now £54. Next maximum bid is £71. To bid, send BIDS e. g. 10 (to bid £10) to 83383. Good luck.",scam,uci_sms_spam
Do you always celebrate NY's with your family ?,legitimate,uci_sms_spam
"We know TAJ MAHAL as symbol of love. But the other lesser known facts 1. Mumtaz was Shahjahan's 4th wife, out of his 7 wifes. 2. Shahjahan killed Mumtaz's husband to marry her. 3. Mumtaz died in her  &lt;#&gt; th delivery. 4. He then married Mumtaz's sister. Question arises where the Hell is the LOVE?:-| -The Great Hari-",legitimate,uci_sms_spam
Its ok..come to my home it vl nice to meet and v can chat..,legitimate,uci_sms_spam
Collect your VALENTINE'S weekend to PARIS inc Flight & Hotel + £200 Prize guaranteed! Text: PARIS to No: 69101. www.rtf.sphosting.com,scam,uci_sms_spam
Sent me de webadres for geting salary slip,legitimate,uci_sms_spam
She's fine. Sends her greetings,legitimate,uci_sms_spam
Customer Loyalty Offer:The NEW Nokia6650 Mobile from ONLY £10 at TXTAUCTION! Txt word: START to No: 81151 & get yours Now! 4T&Ctxt TC 150p/MTmsg,scam,uci_sms_spam
But you dint in touch with me.,legitimate,uci_sms_spam
"Yup, leaving right now, be back soon",legitimate,uci_sms_spam
You won't believe it but it's true. It's Incredible Txts! Reply G now to learn truly amazing things that will blow your mind. From O2FWD only 18p/txt,scam,uci_sms_spam
Yeah sure I'll leave in a min,legitimate,uci_sms_spam
And do you have any one that can teach me how to ship cars.,legitimate,uci_sms_spam
"The sign of maturity is not when we start saying big things.. But actually it is, when we start understanding small things... *HAVE A NICE EVENING* BSLVYL",legitimate,uci_sms_spam
Yeah confirmed for you staying at  that weekend,legitimate,uci_sms_spam
They said ü dun haf passport or smth like dat.. Or ü juz send to my email account..  ,legitimate,uci_sms_spam
"Multiply the numbers independently and count decimal points then, for the division, push the decimal places like i showed you.",legitimate,uci_sms_spam
"Have a lovely night and when you wake up to see this message, i hope you smile knowing all is as should be. Have a great morning",legitimate,uci_sms_spam
Ard 4 lor...,legitimate,uci_sms_spam
You are right. Meanwhile how's project twins comin up,legitimate,uci_sms_spam
I sent your maga that money yesterday oh.,legitimate,uci_sms_spam
I am hot n horny and willing I live local to you - text a reply to hear strt back from me 150p per msg Netcollex LtdHelpDesk: 02085076972 reply Stop to end,scam,uci_sms_spam
Our ride equally uneventful - not too many of those pesky cyclists around at that time of night ;).,legitimate,uci_sms_spam
If you were/are free i can give. Otherwise nalla adi entey nattil kittum,legitimate,uci_sms_spam
I've sent my wife your text. After we buy them she'll tell you what to do. So just relax. We should go get them this wkend.,legitimate,uci_sms_spam
I am in escape theatre now. . Going to watch KAVALAN in a few minutes,legitimate,uci_sms_spam
How much would it cost to hire a hitman,legitimate,uci_sms_spam
I anything lor...,legitimate,uci_sms_spam
Do you want a New Nokia 3510i Colour Phone Delivered Tomorrow? With 200 FREE minutes to any mobile + 100 FREE text + FREE camcorder Reply or Call 08000930705,scam,uci_sms_spam
Huh but i cant go 2 ur house empty handed right?,legitimate,uci_sms_spam
Good morning princess! Happy New Year!,legitimate,uci_sms_spam
Congratulations YOU'VE Won. You're a Winner in our August £1000 Prize Draw. Call 09066660100 NOW. Prize Code 2309.,scam,uci_sms_spam
"Aight, we'll head out in a few",legitimate,uci_sms_spam
Then wat r u doing now? Busy wif work?,legitimate,uci_sms_spam
I know you mood off today,legitimate,uci_sms_spam
"Jay told me already, will do",legitimate,uci_sms_spam
Cps is causing the outages to conserve energy.,legitimate,uci_sms_spam
"I'm not sure, I was just checking out what was happening around the area",legitimate,uci_sms_spam
Hey morning what you come to ask:-) pa...,legitimate,uci_sms_spam
Jordan got voted out last nite!,legitimate,uci_sms_spam
"That means you got an A in epi, she.s fine. She.s here now.",legitimate,uci_sms_spam
I have no idea where you are,legitimate,uci_sms_spam
Pls come quick cant bare this.,legitimate,uci_sms_spam
"Call me. I m unable to cal. Lets meet bhaskar, and deep",legitimate,uci_sms_spam
No. I.ll meet you in the library,legitimate,uci_sms_spam
"K, my roommate also wants a dubsack and another friend may also want some so plan on bringing extra, I'll tell you when they know for sure",legitimate,uci_sms_spam
Depends on individual lor e hair dresser say pretty but my parents say look gong. U kaypoh.. I also dunno wat she collecting.,legitimate,uci_sms_spam
Ok c ü then.,legitimate,uci_sms_spam
I enjoy watching and playing football and basketball. Anything outdoors. And you?,legitimate,uci_sms_spam
"Can you please ask macho what his price range is, does he want something new or used plus it he only interfued in the blackberry bold  &lt;#&gt;  or any bb",legitimate,uci_sms_spam
Sorry sent blank msg again. Yup but trying 2 do some serious studying now.,legitimate,uci_sms_spam
Hey check it da. I have listed da.,legitimate,uci_sms_spam
8007 25p 4 Alfie Moon's Children in Need song on ur mob. Tell ur m8s. Txt TONE CHARITY to 8007 for nokias or POLY CHARITY for polys :zed 08701417012 profit 2 charity ,scam,uci_sms_spam
I meant as an apology from me for texting you to get me drugs at  &lt;#&gt; at night,legitimate,uci_sms_spam
That means from february to april i'll be getting a place to stay down there so i don't have to hustle back and forth during audition season as i have since my sister moved away from harlem.,legitimate,uci_sms_spam
Goin to workout lor... Muz lose e fats... ,legitimate,uci_sms_spam
"Damn, poor zac doesn't stand a chance",legitimate,uci_sms_spam
I want to tel u one thing u should not mistake me k THIS IS THE MESSAGE THAT YOU SENT:),legitimate,uci_sms_spam
Yeah right! I'll bring my tape measure fri!,legitimate,uci_sms_spam
Should I head straight there or what,legitimate,uci_sms_spam
Get the official ENGLAND poly ringtone or colour flag on yer mobile for tonights game! Text TONE or FLAG to 84199. Optout txt ENG STOP Box39822 W111WX £1.50,scam,uci_sms_spam
Thank you princess! You are so sexy...,legitimate,uci_sms_spam
Oooh I got plenty of those!,legitimate,uci_sms_spam
Hui xin is in da lib.,legitimate,uci_sms_spam
Its a big difference.  &lt;#&gt;  versus  &lt;#&gt;  every  &lt;#&gt; hrs,legitimate,uci_sms_spam
"It's not that you make me cry. It's just that when all our stuff happens on top of everything else, it pushes me over the edge. You don't underdtand how often i cry over my sorry, sorry life.",legitimate,uci_sms_spam
ME 2 BABE I FEEL THE SAME LETS JUST 4GET ABOUT IT+BOTH TRY +CHEER UP+NOT FIT SOO MUCHXXLOVE U LOCAXX,legitimate,uci_sms_spam
You know what hook up means right?,legitimate,uci_sms_spam
"Customer service announcement. We recently tried to make a delivery to you but were unable to do so, please call 07090298926 to re-schedule. Ref:9307622",scam,uci_sms_spam
Wat's da model num of ur phone?,legitimate,uci_sms_spam
He's really into skateboarding now despite the fact that he gets thrown off of it and winds up with bandages and shit all over his arms every five minutes,legitimate,uci_sms_spam
"You can stop further club tones by replying ""STOP MIX"" See my-tone.com/enjoy. html for terms. Club tones cost GBP4.50/week. MFL, PO Box 1146 MK45 2WT (2/3)",scam,uci_sms_spam
My house here e sky quite dark liao... If raining then got excuse not 2 run already rite... Hee...,legitimate,uci_sms_spam
"Sorry, left phone upstairs. OK, might be hectic but would be all my birds with one fell swoop. It's a date.",legitimate,uci_sms_spam
* Thought I didn't see you.,legitimate,uci_sms_spam
wamma get laid?want real doggin locations sent direct to your mobile? join the UKs largest dogging network. txt dogs to 69696 now!nyt. ec2a. 3lp £1.50/msg.,scam,uci_sms_spam
Carlos says we can pick up from him later so yeah we're set,legitimate,uci_sms_spam
"Hey babe, my friend had to cancel, still up for a visit ?",legitimate,uci_sms_spam
Hmm ill have to think about it... ok you're forgiven! =D,legitimate,uci_sms_spam
"We are hoping to get away by 7, from Langport. You still up for town tonight?",legitimate,uci_sms_spam
Want to send me a virtual hug?... I need one,legitimate,uci_sms_spam
"Probably not, still going over some stuff here",legitimate,uci_sms_spam
It has issues right now. Ill fix for her by tomorrow.,legitimate,uci_sms_spam
Why i come in between you people,legitimate,uci_sms_spam
Senthil group company Apnt 5pm.,legitimate,uci_sms_spam
Oh really?? Did you make it on air? What's your talent?,legitimate,uci_sms_spam
Studying. But i.ll be free next weekend.,legitimate,uci_sms_spam
R u here yet? I'm wearing blue shirt n black pants.,legitimate,uci_sms_spam
Wait.i will come out.. &lt;#&gt;  min:),legitimate,uci_sms_spam
I will reach ur home in  &lt;#&gt;  minutes,legitimate,uci_sms_spam
Well then you have a great weekend!,legitimate,uci_sms_spam
"What are you doing in langport? Sorry, but I'll probably be in bed by 9pm. It sucks being ill at xmas! When do you and go2sri lanka? ",legitimate,uci_sms_spam
"Frnd s not juz a word.....not merely a relationship.....its a silent promise which says ... "" I will be with YOU "" Wherevr.. Whenevr.. Forevr... Gudnyt dear..",legitimate,uci_sms_spam
Huh? 6 also cannot? Then only how many mistakes?,legitimate,uci_sms_spam
Ha... U jus ate honey ar? So sweet...,legitimate,uci_sms_spam
I'm turning off my phone. My moms telling everyone I have cancer. And my sister won't stop calling. It hurts to talk. Can't put up with it. See u when u get home. Love u,legitimate,uci_sms_spam
"Honey ? Sweetheart ? Darling ? Sexy buns ? Sugar plum ? Loverboy ? I miss you, boytoy ... *smacks your ass* Did you go to the gym too ?",legitimate,uci_sms_spam
Thanks for loving me so. You rock,legitimate,uci_sms_spam
Yeah imma come over cause jay wants to do some drugs,legitimate,uci_sms_spam
Ok thanx... Take care then...,legitimate,uci_sms_spam
Yup. Thk of u oso boring wat.,legitimate,uci_sms_spam
" came to look at the flat, seems ok, in his 50s? * Is away alot wiv work. Got woman coming at 6.30 too.",legitimate,uci_sms_spam
Moji just informed me that you saved our lives. Thanks.,legitimate,uci_sms_spam
Whos this am in class:-),legitimate,uci_sms_spam
Hey r ü still online? I've finished the formatting...,legitimate,uci_sms_spam
Great! So what attracts you to the brothas?,legitimate,uci_sms_spam
Promotion Number: 8714714 - UR awarded a City Break and could WIN a £200 Summer Shopping spree every WK. Txt STORE to 88039 . SkilGme. TsCs087147403231Winawk!Age16 £1.50perWKsub,scam,uci_sms_spam
LOL what happens in Vegas stays in vegas,legitimate,uci_sms_spam
"Hello, hello, hi lou sorry it took so long 2 reply- I left mobile at friends in Lancaster, just got it bak Neway im sorry I couldnt make ur bday 2 hun!",legitimate,uci_sms_spam
When did i use soc... I use it only at home... Ü dunno how 2 type it in word ar...,legitimate,uci_sms_spam
Dad says hurry the hell up,legitimate,uci_sms_spam
Wake me up at  &lt;#&gt;  am morning:),legitimate,uci_sms_spam
"I get out of class in bsn in like  &lt;#&gt;  minutes, you know where advising is?",legitimate,uci_sms_spam
Great! I shoot big loads so get ready!,legitimate,uci_sms_spam
I'll meet you in the lobby,legitimate,uci_sms_spam
You still coming tonight?,legitimate,uci_sms_spam
What happen dear tell me,legitimate,uci_sms_spam
"Sir, i am waiting for your call, once free please call me.",legitimate,uci_sms_spam
I was about to do it when i texted. I finished a long time ago and showered and er'ything!,legitimate,uci_sms_spam
Ok im not sure what time i finish tomorrow but i wanna spend the evening with you cos that would be vewy vewy lubly! Love me xxx,legitimate,uci_sms_spam
"Hello, As per request from  &lt;#&gt;  Rs.5 has been transfered to you",legitimate,uci_sms_spam
I am in tirupur.  call you da.,legitimate,uci_sms_spam
You are a winner you have been specially selected to receive £1000 cash or a £2000 award. Speak to a live operator to claim call 087147123779am-7pm. Cost 10p,scam,uci_sms_spam
S:)but he had some luck.2 catches put down:),legitimate,uci_sms_spam
How i noe... Did ü specify da domain as nusstu... Ü still in sch...,legitimate,uci_sms_spam
Oh...i asked for fun. Haha...take care. ü,legitimate,uci_sms_spam
Shall i get my pouch?,legitimate,uci_sms_spam
Hey loverboy! I love you !! I had to tell ... I look at your picture and ache to feel you between my legs ... Fuck I want you ... I need you ... I crave you .,legitimate,uci_sms_spam
"How is my boy? No sweet words left for me this morning ... *sighs* ... How goes you day, my love ? Did you start your studying?",legitimate,uci_sms_spam
Kent vale lor... Ü wait 4 me there ar?,legitimate,uci_sms_spam
Ok. Very good. Its all about making that money.,legitimate,uci_sms_spam
Reading gud habit.. Nan bari hudgi yorge pataistha ertini kano:-),legitimate,uci_sms_spam
Aight do you still want to get money,legitimate,uci_sms_spam
ARE YOU IN TOWN? THIS IS V. IMPORTANT,legitimate,uci_sms_spam
"Sorry pa, i dont knw who ru pa?",legitimate,uci_sms_spam
Wat u doing there?,legitimate,uci_sms_spam
If i not meeting ü all rite then i'll go home lor. If ü dun feel like comin it's ok.,legitimate,uci_sms_spam
"Oh, i will get paid. The most outstanding one is for a commercial i did for Hasbro...in AUGUST! They made us jump through so many hoops to get paid. Still not.",legitimate,uci_sms_spam
"I am late,so call you tomorrow morning.take care sweet dreams....u and me...ummifying...bye.",legitimate,uci_sms_spam
Networking technical support associate.,legitimate,uci_sms_spam
I'm gonna rip out my uterus.,legitimate,uci_sms_spam
Cool. Do you like swimming? I have a pool and jacuzzi at my house.,legitimate,uci_sms_spam
"Thanks for your ringtone order, reference number X49. Your mobile will be charged 4.50. Should your tone not arrive please call customer services 09065989182. From: [colour=red]text[/colour]TXTstar",scam,uci_sms_spam
"Yeah why not, is the gang all ready",legitimate,uci_sms_spam
Blank is Blank. But wat is blank? Lol,legitimate,uci_sms_spam
I'm in a movie... Collect car oredi...,legitimate,uci_sms_spam
We left already we at orchard now.,legitimate,uci_sms_spam
"Hi there, 2nights ur lucky night! Uve been invited 2 XCHAT, the Uks wildest chat! Txt CHAT to 86688 now! 150p/MsgrcvdHG/Suite342/2Lands/Row/W1J6HL LDN 18yrs",scam,uci_sms_spam
Nothing spl..wat abt u and whr ru?,legitimate,uci_sms_spam
No chikku nt yet.. Ya i'm free,legitimate,uci_sms_spam
"Aldrine, rakhesh ex RTM here.pls call.urgent.",legitimate,uci_sms_spam
The search 4 happiness is 1 of d main sources of unhappiness! Accept life the way it comes! U will find happiness in every moment u live.,legitimate,uci_sms_spam
"I guess you could be as good an excuse as any, lol.",legitimate,uci_sms_spam
"Isn't frnd a necesity in life? imagine urself witout a frnd.. hw'd u feel at ur colleg? wat'll u do wth ur cell? wat abt functions? thnk abt events espe'll cared, missed &amp; irritated u? 4wrd it to all those dear-loving frnds wthout whom u cant live.. I jst did it.. Takecare..:) GOODMORNING",legitimate,uci_sms_spam
Old Orchard near univ. How about you?,legitimate,uci_sms_spam
"4 tacos + 1 rajas burrito, right?",legitimate,uci_sms_spam
"It‘s £6 to get in, is that ok?",legitimate,uci_sms_spam
Hows the street where the end of library walk is?,legitimate,uci_sms_spam
"Plz note: if anyone calling from a mobile Co. &amp; asks u to type # &lt;#&gt;  or # &lt;#&gt; . Do not do so. Disconnect the call,coz it iz an attempt of 'terrorist' to make use of the sim card no. Itz confirmd by nokia n motorola n has been verified by CNN IBN.",legitimate,uci_sms_spam
We stopped to get ice cream and will go back after,legitimate,uci_sms_spam
Did you stitch his trouser,legitimate,uci_sms_spam
2/2 146tf150p,scam,uci_sms_spam
Hey i'm bored... So i'm thinking of u... So wat r u doing?,legitimate,uci_sms_spam
"Nah, Wednesday. When should I bring the mini cheetos bag over?",legitimate,uci_sms_spam
Nobody names their penis a girls name this story doesn't add up at all,legitimate,uci_sms_spam
"Aight, let me know when you're gonna be around usf",legitimate,uci_sms_spam
I'm not. She lip synced with shangela.,legitimate,uci_sms_spam
Ü neva tell me how i noe... I'm not at home in da aft wat... ,legitimate,uci_sms_spam
"A bit of Ur smile is my hppnss, a drop of Ur tear is my sorrow, a part of Ur heart is my life, a heart like mine wil care for U, forevr as my GOODFRIEND",legitimate,uci_sms_spam
Dear Voucher Holder 2 claim your 1st class airport lounge passes when using Your holiday voucher call 08704439680. When booking quote 1st class x 2,scam,uci_sms_spam
"Buzz! Hey, my Love ! I think of you and hope your day goes well. Did you sleep in ? I miss you babe. I long for the moment we are together again*loving smile*",legitimate,uci_sms_spam
"Haha... Sounds crazy, dunno can tahan anot...",legitimate,uci_sms_spam
Why are u up so early?,legitimate,uci_sms_spam
Ya that one is slow as poo,legitimate,uci_sms_spam
Im on gloucesterroad what are uup to later?,legitimate,uci_sms_spam
Lol no ouch but wish i'd stayed out a bit longer,legitimate,uci_sms_spam
"GOD ASKED, ""What is forgiveness?"" A little child gave lovely reply, ""It is d wonderful fruit that a tree gives when it is being hurt by a stone.. Good night......",legitimate,uci_sms_spam
We'll join the  &lt;#&gt;  bus,legitimate,uci_sms_spam
Was just about to ask. Will keep this one. Maybe that's why you didn't get all the messages we sent you on glo,legitimate,uci_sms_spam
K.i will send in  &lt;#&gt;  min:),legitimate,uci_sms_spam
Would me smoking you out help us work through this difficult time,legitimate,uci_sms_spam
"Someone U know has asked our dating service 2 contact you! Cant guess who? CALL 09058095107 NOW all will be revealed. POBox 7, S3XY 150p ",scam,uci_sms_spam
Yes.mum lookin strong:),legitimate,uci_sms_spam
"Sir Goodmorning, Once free call me.",legitimate,uci_sms_spam
Where are you call me.,legitimate,uci_sms_spam
Love it! The girls at the office may wonder why you are smiling but sore...,legitimate,uci_sms_spam
"Hi, wlcome back, did wonder if you got eaten by a lion or something, nothing much",legitimate,uci_sms_spam
Does uncle timi help in clearing cars,legitimate,uci_sms_spam
I came hostel. I m going to sleep. Plz call me up before class. Hrishi.,legitimate,uci_sms_spam
Ok... But bag again..,legitimate,uci_sms_spam
Ok lor. Msg me b4 u call.,legitimate,uci_sms_spam
"Mila, age23, blonde, new in UK. I look sex with UK guys. if u like fun with me. Text MTALK to 69866.18 . 30pp/txt 1st 5free. £1.50 increments. Help08718728876",scam,uci_sms_spam
"Once a fishrman woke early in d mrng. It was very dark. He waited a while &amp; found a sack ful of stones. He strtd throwin thm in2 d sea 2 pass time. Atlast he had jus 1stone, sun rose up &amp; he found out tht those r nt stones, those were diamonds. Moral:""Dont wake up early in d mrng'' GOOD night",legitimate,uci_sms_spam
"Claim a 200 shopping spree, just call 08717895698 now! Have you won! MobStoreQuiz10ppm",scam,uci_sms_spam
Then ur physics get a-?,legitimate,uci_sms_spam
"Dear friends, sorry for the late information. Today is the birthday of our loving Ar.Praveesh. for more details log on to face book and see. Its his number + &lt;#&gt; . Dont miss a delicious treat.",legitimate,uci_sms_spam
How r ü going to send it to me?,legitimate,uci_sms_spam
Can you do online transaction?,legitimate,uci_sms_spam
Dear got train and seat mine lower seat,legitimate,uci_sms_spam
Let me know if you need anything else. Salad or desert or something... How many beers shall i get?,legitimate,uci_sms_spam
WHORE YOU ARE UNBELIEVABLE.,legitimate,uci_sms_spam
"Want to funk up ur fone with a weekly new tone reply TONES2U 2 this text. www.ringtones.co.uk, the original n best. Tones 3GBP network operator rates apply",scam,uci_sms_spam
"Are you sure you don't mean ""get here, we made you hold all the weed""",legitimate,uci_sms_spam
"I love you !!! You know? Can you feel it? Does it make your belly warm? I wish it does, my love ... I shall meet you in your dreams, Ahmad ... *adoring kiss*",legitimate,uci_sms_spam
"Twinks, bears, scallies, skins and jocks are calling now. Don't miss the weekend's fun. Call 08712466669 at 10p/min. 2 stop texts call 08712460324(nat rate)",scam,uci_sms_spam
Love it! I want to flood that pretty pussy with cum...,legitimate,uci_sms_spam
Hey are you angry with me. Reply me dr.,legitimate,uci_sms_spam
"Short But Cute: ""Be a good person, but dont try to prove it.."" .Gud noon....",legitimate,uci_sms_spam
Also remember the beads don't come off. Ever.,legitimate,uci_sms_spam
They have a thread on the wishlist section of the forums where ppl post nitro requests. Start from the last page and collect from the bottom up.,legitimate,uci_sms_spam
For The First Time In The History 'Need' 'Comfort' And 'Luxury' Are Sold At Same Price In India..!! Onion-Rs. &lt;#&gt;  Petrol-Rs. &lt;#&gt;  Beer-Rs. &lt;#&gt;  SHESIL  &lt;#&gt;,legitimate,uci_sms_spam
"Actually nvm, got hella cash, we still on for  &lt;#&gt; ish?",legitimate,uci_sms_spam
We tried to contact you re your reply to our offer of a Video Handset? 750 anytime any networks mins? UNLIMITED TEXT? Camcorder? Reply or call 08000930705 NOW,scam,uci_sms_spam
"It's ok, at least armand's still around",legitimate,uci_sms_spam
No da. I am happy that we sit together na,legitimate,uci_sms_spam
Yup song bro. No creative. Neva test quality. He said check review online.,legitimate,uci_sms_spam
"No dude, its not fake..my frnds got money, thts y i'm reffering u..if u member wit my mail link, u vl be credited  &lt;#&gt; rs and il be getiing  &lt;#&gt; rs..i can draw my acc wen it is  &lt;#&gt; rs..",legitimate,uci_sms_spam
Dude while were makin those weirdy brownies my sister made awesome cookies. I took pics.,legitimate,uci_sms_spam
URGENT! We are trying to contact you. Last weekends draw shows that you have won a £900 prize GUARANTEED. Call 09061701851. Claim code K61. Valid 12hours only,scam,uci_sms_spam
Pls dont restrict her from eating anythin she likes for the next two days.,legitimate,uci_sms_spam
Mm you ask him to come its enough :-),legitimate,uci_sms_spam
At the funeral home with Audrey and dad,legitimate,uci_sms_spam
"Aight, can you text me the address?",legitimate,uci_sms_spam
Excellent! Wish we were together right now!,legitimate,uci_sms_spam
Yep then is fine 7.30 or 8.30 for ice age.,legitimate,uci_sms_spam
Pls i wont belive god.not only jesus.,legitimate,uci_sms_spam
Can. Dunno wat to get 4 her...,legitimate,uci_sms_spam
"Not yet chikku..k, then wat abt tht guy did he stopped irritating or msging to u..",legitimate,uci_sms_spam
How long does it take to get it.,legitimate,uci_sms_spam
This is my number by vivek..,legitimate,uci_sms_spam
74355 XMAS iscoming & ur awarded either £500 CD gift vouchers & free entry 2 r £100 weekly draw txt MUSIC to 87066 TnC,scam,uci_sms_spam
"sorry brah, just finished the last of my exams, what up",legitimate,uci_sms_spam
"I got arrested for possession at, I shit you not,  &lt;TIME&gt;  pm",legitimate,uci_sms_spam
You are right though. I can't give you the space you want and need. This is really starting to become an issue. I was going to suggest setting a definite move out--if i'm still there-- after greece. But maybe you are ready and should do it now.,legitimate,uci_sms_spam
Just normal only here :),legitimate,uci_sms_spam
"Please protect yourself from e-threats. SIB never asks for sensitive information like Passwords,ATM/SMS PIN thru email. Never share your password with anybody.",legitimate,uci_sms_spam
I miss you so much I'm so desparate I have recorded the message you left for me the other day and listen to it just to hear the sound of your voice. I love you,legitimate,uci_sms_spam
Hi. I'm always online on yahoo and would like to chat with you someday,legitimate,uci_sms_spam
"Goodmorning,my grandfather expired..so am on leave today.",legitimate,uci_sms_spam
Congratulations U can claim 2 VIP row A Tickets 2 C Blu in concert in November or Blu gift guaranteed Call 09061104276 to claim TS&Cs www.smsco.net cost£3.75max ,scam,uci_sms_spam
Where are you ? What are you doing ? Are yuou working on getting the pc to your mom's ? Did you find a spot that it would work ? I need you,legitimate,uci_sms_spam
"Sure, I'll see if I can come by in a bit",legitimate,uci_sms_spam
I agree. So i can stop thinkin about ipad. Can you please ask macho the same question.,legitimate,uci_sms_spam
Let's pool our money together and buy a bunch of lotto tickets. If we win I get &lt;#&gt; % u get &lt;#&gt; %. Deal?,legitimate,uci_sms_spam
Watching tv lor. Nice one then i like lor.,legitimate,uci_sms_spam
I'm thinking that chennai forgot to come for auction..,legitimate,uci_sms_spam
Then ü come n pick me at 530 ar?,legitimate,uci_sms_spam
Early bird! Any purchases yet?,legitimate,uci_sms_spam
Went to pay rent. So i had to go to the bank to authorise the payment.,legitimate,uci_sms_spam
"Erm … ill pick you up at about 6.45pm. That'll give enough time to get there, park and that.",legitimate,uci_sms_spam
HEY MATE! HOWS U HONEY?DID U AVE GOOD HOLIDAY? GIMMI DE GOSS!x,legitimate,uci_sms_spam
Howz pain.it will come down today.do as i said ystrday.ice and medicine.,legitimate,uci_sms_spam
"chile, please! It's only a  &lt;DECIMAL&gt;  hour drive for me. I come down all the time and will be subletting feb-april for audition season.",legitimate,uci_sms_spam
Yes ammae....life takes lot of turns you can only sit and try to hold the steering...,legitimate,uci_sms_spam
"Yeah that's what I thought, lemme know if anything's goin on later",legitimate,uci_sms_spam
Mmmm.... I cant wait to lick it!,legitimate,uci_sms_spam
Pls go there today  &lt;#&gt; . I dont want any excuses,legitimate,uci_sms_spam
Can you plz tell me the ans. BSLVYL sent via fullonsms.com,legitimate,uci_sms_spam
U in town alone?,legitimate,uci_sms_spam
I to am looking forward to all the sex cuddling.. Only two more sleeps ,legitimate,uci_sms_spam
We have all rounder:)so not required:),legitimate,uci_sms_spam
"No, its true..k,Do u knw dis no. &lt;#&gt; ?",legitimate,uci_sms_spam
"Dont worry, 1 day very big lambu ji vl come..til then enjoy batchlor party:-)",legitimate,uci_sms_spam
oh ya... Got hip hop open. Haha i was thinking can go for jazz then zoom to cine... Actually tonight i'm free leh... And there's a kb lesson tonight,legitimate,uci_sms_spam
Free msg: Single? Find a partner in your area! 1000s of real people are waiting to chat now!Send CHAT to 62220Cncl send STOPCS 08717890890£1.50 per msg,scam,uci_sms_spam
I'm ok. Will do my part tomorrow,legitimate,uci_sms_spam
"No! But we found a diff farm shop to buy some cheese. On way back now, can i call in?",legitimate,uci_sms_spam
R u still working now?,legitimate,uci_sms_spam
"Win the newest Harry Potter and the Order of the Phoenix (Book 5) reply HARRY, answer 5 questions - chance to be the first among readers!",scam,uci_sms_spam
Yep. I do like the pink furniture tho.,legitimate,uci_sms_spam
Free Msg: Ringtone!From: http://tms. widelive.com/index. wml?id=1b6a5ecef91ff9*37819&first=true18:0430-JUL-05,scam,uci_sms_spam
"Customer place, i wil cal u sir.",legitimate,uci_sms_spam
"Oh my god! I've found your number again! I'm so glad, text me back xafter this msgs cst std ntwk chg £1.50",scam,uci_sms_spam
A pure hearted person can have a wonderful smile that makes even his/her enemies to feel guilty for being an enemy.. So catch the world with your smile..:) GOODMORNING &amp; HAVE A SMILEY SUNDAY..:),legitimate,uci_sms_spam
"THATS ALRITE GIRL, U KNOW GAIL IS NEVA WRONG!!TAKE CARE SWEET AND DONT WORRY.C U L8TR HUN!LOVE Yaxxx",legitimate,uci_sms_spam
"Theoretically yeah, he could be able to come",legitimate,uci_sms_spam
"Alright we're hooked up, where you guys at",legitimate,uci_sms_spam
"not that I know of, most people up here are still out of town",legitimate,uci_sms_spam
No let me do the math. Your not good at it.,legitimate,uci_sms_spam
Oh ok wait 4 me there... My lect havent finish,legitimate,uci_sms_spam
Yeah my usual guy's out of town but there're definitely people around I know,legitimate,uci_sms_spam
I am joining today formally.Pls keep praying.will talk later.,legitimate,uci_sms_spam
"Happy or sad , one thing about past is- ""Its no more"" GOOD MORNING :-):-).",legitimate,uci_sms_spam
No. Did you multimedia message them or e-mail?,legitimate,uci_sms_spam
Okie but i scared u say i fat... Then u dun wan me already...,legitimate,uci_sms_spam
did u get that message,legitimate,uci_sms_spam
"Sorry sir, i will call you tomorrow.  senthil.hsbc",legitimate,uci_sms_spam
What you need. You have a person to give na.,legitimate,uci_sms_spam
She left it very vague. She just said she would inform the person in accounting about the delayed rent and that i should discuss with the housing agency about my renting another place. But checking online now and all places around usc are  &lt;#&gt;  and up,legitimate,uci_sms_spam
Hi juan. Im coming home on fri hey. Of course i expect a welcome party and lots of presents. Ill phone u when i get back. Loads of love nicky x x x x x x x x x,legitimate,uci_sms_spam
"Gumby's has a special where a  &lt;#&gt; "" cheese pizza is $2 so I know what we're doin tonight",legitimate,uci_sms_spam
A link to your picture has been sent. You can also use http://alto18.co.uk/wave/wave.asp?o=44345,scam,uci_sms_spam
Like a personal sized or what,legitimate,uci_sms_spam
"Same, I'm at my great aunts anniversary party in tarpon springs",legitimate,uci_sms_spam
Cab is available.they pick up and drop at door steps.,legitimate,uci_sms_spam
ok....take care.umma to you too...,legitimate,uci_sms_spam
Unlimited texts. Limited minutes.,legitimate,uci_sms_spam
"Double Mins & 1000 txts on Orange tariffs. Latest Motorola, SonyEricsson & Nokia with Bluetooth FREE! Call MobileUpd8 on 08000839402 or call2optout/HF8",scam,uci_sms_spam
No problem. We will be spending a lot of quality time together...,legitimate,uci_sms_spam
URGENT This is our 2nd attempt to contact U. Your £900 prize from YESTERDAY is still awaiting collection. To claim CALL NOW 09061702893. ACL03530150PM,scam,uci_sms_spam
Have you heard from this week?,legitimate,uci_sms_spam
Dear Dave this is your final notice to collect your 4* Tenerife Holiday or #5000 CASH award! Call 09061743806 from landline. TCs SAE Box326 CW25WX 150ppm,scam,uci_sms_spam
Yes. Last  practice,legitimate,uci_sms_spam
tells u 2 call 09066358152 to claim £5000 prize. U have 2 enter all ur mobile & personal details @ the prompts. Careful!,scam,uci_sms_spam
No. Thank you. You've been wonderful,legitimate,uci_sms_spam
Ü mean it's confirmed... I tot they juz say oni... Ok then... ,legitimate,uci_sms_spam
That depends. How would you like to be treated? :),legitimate,uci_sms_spam
"Right on brah, see you later",legitimate,uci_sms_spam
Waiting in e car 4 my mum lor. U leh? Reach home already?,legitimate,uci_sms_spam
Your 2004 account for 07XXXXXXXXX shows 786 unredeemed points. To claim call 08719181259 Identifier code: XXXXX Expires 26.03.05,scam,uci_sms_spam
Do you want a new video handset? 750 anytime any network mins? Half Price Line Rental? Camcorder? Reply or call 08000930705 for delivery tomorrow,scam,uci_sms_spam
Went fast asleep dear.take care.,legitimate,uci_sms_spam
No that just means you have a fat head,legitimate,uci_sms_spam
Sounds like a plan! Cardiff is still here and still cold! I'm sitting on the radiator!,legitimate,uci_sms_spam
Serious? What like proper tongued her,legitimate,uci_sms_spam
She.s good. She was wondering if you wont say hi but she.s smiling now. So how are you coping with the long distance,legitimate,uci_sms_spam
How i noe... She's in da car now... Later then c lar... I'm wearing shorts...,legitimate,uci_sms_spam
Yeah whatever lol,legitimate,uci_sms_spam
Ard 530 lor. I ok then message ü lor.,legitimate,uci_sms_spam
Ok. C u then.,legitimate,uci_sms_spam
Eh ur laptop got no stock lei... He say mon muz come again to take a look c got a not...,legitimate,uci_sms_spam
No need to ke qi... Ü too bored izzit y suddenly thk of this...,legitimate,uci_sms_spam
I wish! I don't think its gonna snow that much. But it will be more than those flurries we usually get that melt before they hit the ground. Eek! We haven't had snow since &lt;#&gt; before I was even born!,legitimate,uci_sms_spam
FREE>Ringtone! Reply REAL or POLY eg REAL1 1. PushButton 2. DontCha 3. BabyGoodbye 4. GoldDigger 5. WeBeBurnin 1st tone FREE and 6 more when u join for £3/wk,scam,uci_sms_spam
"Oh really? perform, write a paper, go to a movie AND be home by midnight, huh?",legitimate,uci_sms_spam
Okay lor... Will they still let us go a not ah? Coz they will not know until later. We drop our cards into the box right?,legitimate,uci_sms_spam
How? Izzit still raining?,legitimate,uci_sms_spam
As if i wasn't having enough trouble sleeping.,legitimate,uci_sms_spam
I havent add ü yet right.. ,legitimate,uci_sms_spam
Lol ... I really need to remember to eat when I'm drinking but I do appreciate you keeping me company that night babe *smiles*,legitimate,uci_sms_spam
Babe ? I lost you ... Will you try rebooting ?,legitimate,uci_sms_spam
Yes. Nigh you cant aha.,legitimate,uci_sms_spam
I thk ü gotta go home by urself. Cos i'll b going out shopping 4 my frens present. ,legitimate,uci_sms_spam
Nooooooo I'm gonna be bored to death all day. Cable and internet outage.,legitimate,uci_sms_spam
Sos! Any amount i can get pls.,legitimate,uci_sms_spam
"Playin space poker, u?",legitimate,uci_sms_spam
How come guoyang go n tell her? Then u told her?,legitimate,uci_sms_spam
You need to get up. Now.,legitimate,uci_sms_spam
They r giving a second chance to rahul dengra.,legitimate,uci_sms_spam
"Yeah, in fact he just asked if we needed anything like an hour ago. When and how much?",legitimate,uci_sms_spam
WHEN THE FIRST STRIKE IS A RED ONE. THE BIRD + ANTELOPE BEGIN TOPLAY IN THE FIELDOF SELFINDEPENDENCE BELIEVE THIS + THE FLOWER OF CONTENTION WILL GROW.RANDOM!,legitimate,uci_sms_spam
Y ü wan to go there? C doctor?,legitimate,uci_sms_spam
Does daddy have a bb now.,legitimate,uci_sms_spam
"Free Msg: get Gnarls Barkleys ""Crazy"" ringtone TOTALLY FREE just reply GO to this message right now!",scam,uci_sms_spam
She's borderline but yeah whatever.,legitimate,uci_sms_spam
"Until 545 lor... Ya, can go 4 dinner together...",legitimate,uci_sms_spam
I will be gentle princess! We will make sweet gentle love...,legitimate,uci_sms_spam
How u doin baby girl ?? hope u are okay every time I call ure phone is off! I miss u get in touch,legitimate,uci_sms_spam
"Sorry, went to bed early, nightnight",legitimate,uci_sms_spam
I like to think there's always the possibility of being in a pub later.,legitimate,uci_sms_spam
HMM yeah if your not too grooved out! And im looking forward to my pound special :),legitimate,uci_sms_spam
I got to video tape pple type in message lor. U so free wan 2 help me? Hee... Cos i noe u wan 2 watch infernal affairs so ask u along. Asking shuhui oso.,legitimate,uci_sms_spam
Hi dude hw r u da realy mising u today,legitimate,uci_sms_spam
Me hungry buy some food good lei... But mum n yun dun wan juz buy a little bit... ,legitimate,uci_sms_spam
Refused a loan? Secured or Unsecured? Can't get credit? Call free now 0800 195 6669 or text back 'help' & we will!,scam,uci_sms_spam
I probably won't eat at all today. I think I'm gonna pop. How was your weekend? Did u miss me?,legitimate,uci_sms_spam
I knew it... U slept v late yest? Wake up so late...,legitimate,uci_sms_spam
Haha... dont be angry with yourself... Take it as a practice for the real thing. =) ,legitimate,uci_sms_spam
Where is that one day training:-),legitimate,uci_sms_spam
So i could kiss and feel you next to me...,legitimate,uci_sms_spam
Have a nice day my dear.,legitimate,uci_sms_spam
I sent lanre fakeye's Eckankar details to the mail box,legitimate,uci_sms_spam
Your dad is back in ph?,legitimate,uci_sms_spam
"You have been specially selected to receive a ""3000 award! Call 08712402050 BEFORE the lines close. Cost 10ppm. 16+. T&Cs apply. AG Promo",scam,uci_sms_spam
If you ask her or she say any please message.,legitimate,uci_sms_spam
"If e timing can, then i go w u lor...",legitimate,uci_sms_spam
I was just callin to say hi. Take care bruv!,legitimate,uci_sms_spam
YOU HAVE WON! As a valued Vodafone customer our computer has picked YOU to win a £150 prize. To collect is easy. Just call 09061743386,scam,uci_sms_spam
Did u turn on the heater? The heater was on and set to &lt;#&gt; degrees.,legitimate,uci_sms_spam
Thanks for your message. I really appreciate your sacrifice. I'm not sure of the process of direct pay but will find out on my way back from the test tomorrow. I'm in class now. Do have a wonderful day.,legitimate,uci_sms_spam
"That's the trouble with classes that go well - you're due a dodgey one … Expecting mine tomo! See you for recovery, same time, same place ",legitimate,uci_sms_spam
Free video camera phones with Half Price line rental for 12 mths and 500 cross ntwk mins 100 txts. Call MobileUpd8 08001950382 or Call2OptOut/674&,scam,uci_sms_spam
WOT U UP 2 J?,legitimate,uci_sms_spam
"Night night, see you tomorrow",legitimate,uci_sms_spam
Roger that. We‘re probably going to rem in about 20,legitimate,uci_sms_spam
do u think that any girl will propose u today by seing ur bloody funky shit fucking face...............asssssholeeee................,legitimate,uci_sms_spam
I wish u were here. I feel so alone,legitimate,uci_sms_spam
Reason is if the team budget is available at last they buy the unsold players for at base rate..,legitimate,uci_sms_spam
CERI U REBEL! SWEET DREAMZ ME LITTLE BUDDY!! C YA 2MORO! WHO NEEDS BLOKES,legitimate,uci_sms_spam
ringtoneking 84484,scam,uci_sms_spam
Huh i cant thk of more oredi how many pages do we have?,legitimate,uci_sms_spam
His frens go then he in lor. Not alone wif my mum n sis lor.,legitimate,uci_sms_spam
Nationwide auto centre (or something like that) on Newport road. I liked them there,legitimate,uci_sms_spam
"Hey, I missed you tm of last night as my phone was on the charge ... *smiles* ... I am meeting a friend shortly",legitimate,uci_sms_spam
"Whatever, juliana. Do whatever you want.",legitimate,uci_sms_spam
Ringtone Club: Gr8 new polys direct to your mobile every week !,scam,uci_sms_spam
"Hello. Sort of out in town already. That . So dont rush home, I am eating nachos. Will let you know eta.",legitimate,uci_sms_spam
Ok lor. Anyway i thk we cant get tickets now cos like quite late already. U wan 2 go look 4 ur frens a not? Darren is wif them now...,legitimate,uci_sms_spam
(Bank of Granite issues Strong-Buy) EXPLOSIVE PICK FOR OUR MEMBERS *****UP OVER 300% *********** Nasdaq Symbol CDGT That is a $5.00 per..,scam,uci_sms_spam
"Dizzamn, aight I'll ask my suitemates when I get back",legitimate,uci_sms_spam
"Nimbomsons. Yep phone knows that one. Obviously, cos thats a real word",legitimate,uci_sms_spam
I love to cuddle! I want to hold you in my strong arms right now...,legitimate,uci_sms_spam
R u in this continent?,legitimate,uci_sms_spam
We'll you pay over like  &lt;#&gt; yrs so its not too difficult,legitimate,uci_sms_spam
Bored housewives! Chat n date now! 0871750.77.11! BT-national rate 10p/min only from landlines!,scam,uci_sms_spam
We tried to call you re your reply to our sms for a video mobile 750 mins UNLIMITED TEXT free camcorder Reply or call now 08000930705 Del Thurs,scam,uci_sms_spam
K...k...when will you give treat?,legitimate,uci_sms_spam
"This is the 2nd time we have tried to contact u. U have won the £400 prize. 2 claim is easy, just call 087104711148 NOW! Only 10p per minute. BT-national-rate",scam,uci_sms_spam
He's just gonna worry for nothing. And he won't give you money its no use.,legitimate,uci_sms_spam
Did you get any gift? This year i didnt get anything. So bad,legitimate,uci_sms_spam
Well there's a pattern emerging of my friends telling me to drive up and come smoke with them and then telling me that I'm a weed fiend/make them smoke too much/impede their doing other things so you see how I'm hesitant,legitimate,uci_sms_spam
", ow u dey.i paid 60,400thousad.i told  u would call . ",legitimate,uci_sms_spam
IM FINE BABES AINT BEEN UP 2 MUCH THO! SAW SCARY MOVIE YEST ITS QUITE FUNNY! WANT 2MRW AFTERNOON? AT TOWN OR MALL OR SUMTHIN?xx,legitimate,uci_sms_spam
I'm reaching home in 5 min.,legitimate,uci_sms_spam
"Forgot you were working today! Wanna chat, but things are ok so drop me a text when you're free / bored etc and i'll ring. Hope all is well, nose essay and all xx",legitimate,uci_sms_spam
Ha... Then we must walk to everywhere... Cannot take tram. My cousin said can walk to vic market from our hotel ,legitimate,uci_sms_spam
Discussed with your mother ah?,legitimate,uci_sms_spam
"Sorry, I can't text &amp; drive coherently, see you in twenty",legitimate,uci_sms_spam
You will be receiving this week's Triple Echo ringtone shortly. Enjoy it!,scam,uci_sms_spam
In which place i can get rooms cheap:-),legitimate,uci_sms_spam
Eek that's a lot of time especially since American Pie is like 8 minutes long. I can't stop singing it.,legitimate,uci_sms_spam
GRAN ONLYFOUND OUT AFEW DAYS AGO.CUSOON HONI,legitimate,uci_sms_spam
"U've been selected to stay in 1 of 250 top British hotels - FOR NOTHING! Holiday valued at £350! Dial 08712300220 to claim - National Rate Call. Bx526, SW73SS",scam,uci_sms_spam
University of southern california.,legitimate,uci_sms_spam
We have to pick rayan macleran there.,legitimate,uci_sms_spam
U gd lor go shopping i got stuff to do. U wan 2 watch infernal affairs a not? Come lar...,legitimate,uci_sms_spam
Well. Balls. Time to make calls,legitimate,uci_sms_spam
Wat time ü wan today?,legitimate,uci_sms_spam
 &lt;#&gt;  in mca. But not conform.,legitimate,uci_sms_spam
Oh ok.. Wat's ur email?,legitimate,uci_sms_spam
"Yes, princess. Are you going to make me moan?",legitimate,uci_sms_spam
Lol its ok I didn't remember til last nite,legitimate,uci_sms_spam
"[…] anyway, many good evenings to u! s",legitimate,uci_sms_spam
"Cool, I'll text you in a few",legitimate,uci_sms_spam
"Sorry vikky, i'm Watching olave mandara movie kano in trishul theatre wit my frnds..",legitimate,uci_sms_spam
I'm very happy for you babe ! Woo hoo party on dude!,legitimate,uci_sms_spam
I am taking you for italian food. How about a pretty dress with no panties? :),legitimate,uci_sms_spam
Wot u up 2? Thout u were gonna call me!! Txt bak luv K,legitimate,uci_sms_spam
YOU ARE CHOSEN TO RECEIVE A £350 AWARD! Pls call claim number 09066364311 to collect your award which you are selected to receive as a valued mobile customer.,scam,uci_sms_spam
How are you holding up?,legitimate,uci_sms_spam
Dont flatter yourself... Tell that man of mine two pints of carlin in ten minutes please.... ,legitimate,uci_sms_spam
Hope you are not scared!,legitimate,uci_sms_spam
I'm at home n ready...,legitimate,uci_sms_spam
What time do u get out?,legitimate,uci_sms_spam
I am literally in bed and have been up for like  &lt;#&gt;  hours,legitimate,uci_sms_spam
"Yes, my reg is  Ciao!",legitimate,uci_sms_spam
If You mean the website. Yes.,legitimate,uci_sms_spam
Win a £1000 cash prize or a prize worth £5000,scam,uci_sms_spam
"Thanks for your ringtone order, reference number X49.Your mobile will be charged 4.50. Should your tone not arrive please call customer services 09065989182",scam,uci_sms_spam
Lol or I could just starve and lose a pound by the end of the day.,legitimate,uci_sms_spam
Yeah that's the impression I got,legitimate,uci_sms_spam
Ok ok take care. I can understand.,legitimate,uci_sms_spam
"Motivate Behind every darkness, there is a shining light waiting for you to find it... Behind every best friend, there is always trust and love... BSLVYL",legitimate,uci_sms_spam
"Ya ok, then had dinner?",legitimate,uci_sms_spam
I was slept that time.you there?,legitimate,uci_sms_spam
dont make ne plans for nxt wknd coz she wants us to come down then ok,legitimate,uci_sms_spam
When is school starting. Where will you stay. What's the weather like. And the food. Do you have a social support system like friends in the school. All these things are important.,legitimate,uci_sms_spam
"Ha ha nan yalrigu heltini..Iyo kothi chikku, u shared many things wit me..so far i didn't told any body and even uttered a word abt u.. If ur trusting me so much how can i tell these to others.. Plz nxt time dont use those words to me..ok, chikku:-);-)B-)",legitimate,uci_sms_spam
Noice. Text me when you're here,legitimate,uci_sms_spam
Hi di is yijue we're meeting at 7 pm at esaplanade tonight.,legitimate,uci_sms_spam
Moby Pub Quiz.Win a £100 High Street prize if u know who the new Duchess of Cornwall will be? Txt her first name to 82277.unsub STOP £1.50 008704050406 SP,scam,uci_sms_spam
"This weeks SavaMob member offers are now accessible. Just call 08709501522 for details! SavaMob, POBOX 139, LA3 2WU. Only £1.50/week. SavaMob - offers mobile!",scam,uci_sms_spam
"Aight I've been set free, think you could text me blake's address? It occurs to me I'm not quite as sure what I'm doing as I thought I was",legitimate,uci_sms_spam
Hi dear we saw dear. We both are happy. Where you my battery is low,legitimate,uci_sms_spam
How are you. Its been ages. How's abj,legitimate,uci_sms_spam
Prof: you have passed in all the papers in this sem congrats . . . . Student: Enna kalaachutaarama..!! Prof:???? Gud mrng!,legitimate,uci_sms_spam
Dont kick coco when he's down,legitimate,uci_sms_spam
Fyi I'm gonna call you sporadically starting at like  &lt;#&gt;  bc we are not not doin this shit,legitimate,uci_sms_spam
"You are being contacted by our Dating Service by someone you know! To find out who it is, call from your mobile or landline 09064017305 PoBox75LDNS7 ",scam,uci_sms_spam
TBS/PERSOLVO. been chasing us since Sept for£38 definitely not paying now thanks to your information. We will ignore them. Kath. Manchester.,scam,uci_sms_spam
Hope youre not having too much fun without me!! see u tomorrow love jess x,legitimate,uci_sms_spam
Ok i wont call or disturb any one. I know all are avoiding me. I am a burden for all,legitimate,uci_sms_spam
I've reached home n i bathe liao... U can call me now...,legitimate,uci_sms_spam
Loans for any purpose even if you have Bad Credit! Tenants Welcome. Call NoWorriesLoans.com on 08717111821,scam,uci_sms_spam
Was the actual exam harder than NBME,legitimate,uci_sms_spam
A lot of this sickness thing going round. Take it easy. Hope u feel better soon. Lol,legitimate,uci_sms_spam
87077: Kick off a new season with 2wks FREE goals & news to ur mobile! Txt ur club name to 87077 eg VILLA to 87077,scam,uci_sms_spam
Hey sathya till now we dint meet not even a single time then how can i saw the situation sathya.,legitimate,uci_sms_spam
Gam gone after outstanding innings.,legitimate,uci_sms_spam
O i played smash bros  &lt;#&gt;  religiously.,legitimate,uci_sms_spam
"Sir, good morning. Hope you had a good weekend. I called to let you know that i was able to raise  &lt;#&gt;  from my dad. He however said he would make the rest available by mid feb. This amount is still quite short and i was hoping you would help. Do have a good day. Abiola",legitimate,uci_sms_spam
Hurry home. Soup is DONE!,legitimate,uci_sms_spam
"Good afternoon, my love. It was good to see your words on YM and get your tm. Very smart move, my slave ... *smiles* ... I drink my coffee and await you.",legitimate,uci_sms_spam
Quite ok but a bit ex... U better go eat smth now else i'll feel guilty...,legitimate,uci_sms_spam
"Orange brings you ringtones from all time Chart Heroes, with a free hit each week! Go to Ringtones & Pics on wap. To stop receiving these tips reply STOP.",scam,uci_sms_spam
Lemme know when you're here,legitimate,uci_sms_spam
PRIVATE! Your 2003 Account Statement for 07973788240 shows 800 un-redeemed S. I. M. points. Call 08715203649 Identifier Code: 40533 Expires 31/10/04,scam,uci_sms_spam
He needs to stop going to bed and make with the fucking dealing,legitimate,uci_sms_spam
"How are you, my Love ? Are you with your brother ? Time to talk english with him ? *grins* Say : Hey Muhommad, Penny says hello from across the sea",legitimate,uci_sms_spam
We tried to call you re your reply to our sms for a video mobile 750 mins UNLIMITED TEXT + free camcorder Reply of call 08000930705 Now,scam,uci_sms_spam
"Hey doc pls I want to get nice t shirt for my hubby nice fiting ones my budget is  &lt;#&gt; k help pls I will load d card abi hw,keep me posted luv. 2 mj",legitimate,uci_sms_spam
I remain unconvinced that this isn't an elaborate test of my willpower,legitimate,uci_sms_spam
"Life is nothing wen v get everything. But ""life is everything wen v miss something "". Real value of people wil be realized only in their absence.... gud mrng",legitimate,uci_sms_spam
how are you? I miss you!,legitimate,uci_sms_spam
I ain't answerin no phone at what is actually a pretty reasonable hour but I'm sleepy,legitimate,uci_sms_spam
"Hey , is * rite u put »10 evey mnth is that all?",legitimate,uci_sms_spam
i am going to bed now prin,legitimate,uci_sms_spam
I think just yourself …Thanks and see you tomo,legitimate,uci_sms_spam
If u dun drive then how i go 2 sch.,legitimate,uci_sms_spam
I not at home now lei...,legitimate,uci_sms_spam
GSOH? Good with SPAM the ladies?U could b a male gigolo? 2 join the uk's fastest growing mens club reply ONCALL. mjzgroup. 08714342399.2stop reply STOP. msg@£1.50rcvd,scam,uci_sms_spam
Do u hav any frnd by name ashwini in ur college?,legitimate,uci_sms_spam
Jus finish my lunch on my way home lor... I tot u dun wan 2 stay in sch today...,legitimate,uci_sms_spam
K then 2marrow are you coming to class.,legitimate,uci_sms_spam
"HOT LIVE FANTASIES call now 08707500020 Just 20p per min NTT Ltd, PO Box 1327 Croydon CR9 5WB 0870 is a national rate call",scam,uci_sms_spam
Pls send me your address sir.,legitimate,uci_sms_spam
I want to lick your pussy now...,legitimate,uci_sms_spam
"Yo, you gonna still be in stock tomorrow/today? I'm trying to get a dubsack",legitimate,uci_sms_spam
URGENT! Your Mobile number has been awarded a <UKP>2000 prize GUARANTEED. Call 09061790125 from landline. Claim 3030. Valid 12hrs only 150ppm,scam,uci_sms_spam
"I'll see, but prolly yeah",legitimate,uci_sms_spam
Thought we could go out for dinner. I'll treat you! Seem ok?,legitimate,uci_sms_spam
Where are you ? What do you do ? How can you stand to be away from me ? Doesn't your heart ache without me ? Don't you wonder of me ? Don't you crave me ?,legitimate,uci_sms_spam
Sorry. You never hear unless you book it. One was kinda a joke--thet were really looking for skinny white girls. The other was one line--you can only do so much on camera with that. Something like that they're casting on the look.,legitimate,uci_sms_spam
"Sure thing big man. i have hockey elections at 6, shouldn‘t go on longer than an hour though",legitimate,uci_sms_spam
Watch lor. I saw a few swatch one i thk quite ok. Ard 116 but i need 2nd opinion leh...,legitimate,uci_sms_spam
Hiya do u like the hlday pics looked horrible in them so took mo out! Hows the camp Amrca thing? Speak soon Serena:),legitimate,uci_sms_spam
"Babe! How goes that day ? What are you up to ? I miss you already, my Love ... * loving kiss* ... I hope everything goes well.",legitimate,uci_sms_spam
Yunny... I'm goin to be late,legitimate,uci_sms_spam
Doc prescribed me morphine cause the other pain meds aren't enough. Waiting for my mom to bring it. That med should kick in fast so I'm gonna try to be on later,legitimate,uci_sms_spam
"Cool, want me to go to kappa or should I meet you outside mu",legitimate,uci_sms_spam
"Hey sexy buns ! Have I told you ? I adore you, loverboy. I hope you remember to thank your sister in law for those meatballs *grins* ... i love you, babe",legitimate,uci_sms_spam
May b approve panalam...but it should have more posts..,legitimate,uci_sms_spam
"SPJanuary Male Sale! Hot Gay chat now cheaper, call 08709222922. National rate from 1.5p/min cheap to 7.8p/min peak! To stop texts call 08712460324 (10p/min)",scam,uci_sms_spam
Me i'm not workin. Once i get job...,legitimate,uci_sms_spam
And by when you're done I mean now,legitimate,uci_sms_spam
"Its Ur luck to Love someone. Its Ur fortune to Love the one who Loves U. But, its a miracle to Love a person who can't Love anyone except U... Gud nyt...",legitimate,uci_sms_spam
Hi baby ive just got back from work and i was wanting to see u allday! I hope i didnt piss u off on the phone today. If u are up give me a call xxx,legitimate,uci_sms_spam
FreeMsg Today's the day if you are ready! I'm horny & live in your town. I love sex fun & games! Netcollex Ltd 08700621170150p per msg reply Stop to end,scam,uci_sms_spam
Is it your yahoo boys that bring in the perf? Or legal.,legitimate,uci_sms_spam
No need to say anything to me. I know i am an outsider,legitimate,uci_sms_spam
have you ever had one foot before?,legitimate,uci_sms_spam
Just got to  &lt;#&gt;,legitimate,uci_sms_spam
"Good! No, don‘t need any receipts—well done! (…) Yes, please tell . What‘s her number, i could ring her",legitimate,uci_sms_spam
Leave it wif me lar... Ü wan to carry meh so heavy... Is da num 98321561 familiar to ü?,legitimate,uci_sms_spam
Beautiful truth : Expression of the face could Be seen by everyone... But the depression of heart Could be understood only By the Loved ones.. Gud Ni8;-),legitimate,uci_sms_spam
Infact happy new year. How are you where are you when are we seeing,legitimate,uci_sms_spam
"In The Simpsons Movie released in July 2007 name the band that died at the start of the film? A-Green Day, B-Blue Day, C-Red Day. (Send A, B or C)",scam,uci_sms_spam
That's a shame! Maybe cld meet for few hrs tomo?,legitimate,uci_sms_spam
Lol I would but despite these cramps I like being a girl.,legitimate,uci_sms_spam
I cant wait for cornwall. Hope tonight isnt too bad as well but its rock night shite. Anyway im going for a kip now have a good night. Speak to you soon.,legitimate,uci_sms_spam
Pls help me tell sura that i'm expecting a battery from hont. And that if should pls send me a message about how to download movies. Thanks,legitimate,uci_sms_spam
Please call Amanda with regard to renewing or upgrading your current T-Mobile handset free of charge. Offer ends today. Tel 0845 021 3680 subject to T's and C's,scam,uci_sms_spam
"Haven't found a way to get another app for your phone, eh ? Will you go to the net cafe ? Did you take that job? Geeee I need you babe. I crave to see you ...",legitimate,uci_sms_spam
I only work from mon to thurs but Sat i cant leh... Booked liao... Which other day u free?,legitimate,uci_sms_spam
Ü comin to fetch us oredi...,legitimate,uci_sms_spam
What's nannys address?,legitimate,uci_sms_spam
Haf u eaten? Wat time u wan me 2 come?,legitimate,uci_sms_spam
Want a new Video Phone? 750 anytime any network mins? Half price line rental free text for 3 months? Reply or call 08000930705 for free delivery,scam,uci_sms_spam
"Yo, call me when you get the chance, a friend of mine wanted me to ask you about a big order",legitimate,uci_sms_spam
This single single answers are we fighting? Plus i said am broke and you didnt reply,legitimate,uci_sms_spam
It certainly puts things into perspective when something like this happens,legitimate,uci_sms_spam
Now got tv 2 watch meh? U no work today?,legitimate,uci_sms_spam
i felt so...not any conveying reason.. Ese he... What about me?,legitimate,uci_sms_spam
How's it going? Got any exciting karaoke type activities planned? I'm debating whether to play football this eve. Feeling lazy though.,legitimate,uci_sms_spam
I told that am coming on wednesday.,legitimate,uci_sms_spam
"Its ok, called mom instead have fun",legitimate,uci_sms_spam
"Dear Voucher Holder, To claim this weeks offer, at your PC please go to http://www.wtlp.co.uk/text. Ts&Cs apply.",scam,uci_sms_spam
Well if I'm that desperate I'll just call armand again,legitimate,uci_sms_spam
Are you at work right now ?,legitimate,uci_sms_spam
Haven't heard anything and he's not answering my texts so I'm guessing he flaked. That said the jb is fantastic,legitimate,uci_sms_spam
"Mmmmmm ... I love you,so much, Ahmad ... I can't wait for this year to begin as every second takes me closer to being at your side. Happy New Year, my love!!",legitimate,uci_sms_spam
Pls what's the full name of joke's school cos fees in university of florida seem to actually be  &lt;#&gt; k. Pls holla back,legitimate,uci_sms_spam
Ok... But they said i've got wisdom teeth hidden inside n mayb need 2 remove.,legitimate,uci_sms_spam
And pls pls drink plenty plenty water,legitimate,uci_sms_spam
How are you doing. How's the queen. Are you going for the royal wedding,legitimate,uci_sms_spam
He's in lag. That's just the sad part but we keep in touch thanks to skype,legitimate,uci_sms_spam
Ok lor then we go tog lor...,legitimate,uci_sms_spam
Two teams waiting for some players,legitimate,uci_sms_spam
Can ü send me a copy of da report?,legitimate,uci_sms_spam
"swhrt how u dey,hope ur ok, tot about u 2day.love n miss.take care.",legitimate,uci_sms_spam
"Ok da, i already planned. I wil pick you.",legitimate,uci_sms_spam
"Urgent! Please call 0906346330. Your ABTA complimentary 4* Spanish Holiday or £10,000 cash await collection SAE T&Cs BOX 47 PO19 2EZ 150ppm 18+",scam,uci_sms_spam
I just really need shit before tomorrow and I know you won't be awake before like 6,legitimate,uci_sms_spam
I'm good. Have you registered to vote?,legitimate,uci_sms_spam
"Hmm ok, i'll stay for like an hour cos my eye is really sore!",legitimate,uci_sms_spam
Dear got bus directly to calicut,legitimate,uci_sms_spam
Mm umma ask vava also to come tell him can play later together,legitimate,uci_sms_spam
"Well the general price is  &lt;#&gt; /oz, let me know if/when/how much you want",legitimate,uci_sms_spam
"Each Moment in a day,has its own value-Morning brings hope,afternoon brings faith,Evening brings luv,Night brings rest,Wish u find them all today.Good Morning",legitimate,uci_sms_spam
&lt;#&gt;  w jetton ave if you forgot,legitimate,uci_sms_spam
Ok i'm coming home now.,legitimate,uci_sms_spam
Can not use foreign stamps in this country.,legitimate,uci_sms_spam
"Sorry, it's a lot of friend-of-a-friend stuff, I'm just now about to talk to the actual guy who wants to buy",legitimate,uci_sms_spam
"cmon babe, make me horny, *turn* me on! Txt me your fantasy now babe -) Im hot, sticky and need you now. All replies cost £1.50. 2 cancel send STOP",scam,uci_sms_spam
Wylie update: my weed dealer carlos went to freedom and had a class with lunsford,legitimate,uci_sms_spam
Are you happy baby ? Are you alright ? Did you take that job ? I hope your fine. I send you a kiss to make you smile from across the sea ... *kiss* *kiss*,legitimate,uci_sms_spam
C movie is juz last minute decision mah. Juz watch 2 lar but i tot ü not interested.,legitimate,uci_sms_spam
How are you enjoying this semester? Take care brother.,legitimate,uci_sms_spam
IMPORTANT INFORMATION 4 ORANGE USER 0796XXXXXX. TODAY IS UR LUCKY DAY!2 FIND OUT WHY LOG ONTO http://www.urawinner.com THERE'S A FANTASTIC PRIZEAWAITING YOU!,scam,uci_sms_spam
"Get the door, I'm here",legitimate,uci_sms_spam
"Lets use it next week, princess :)",legitimate,uci_sms_spam
Or i go home first lar ü wait 4 me lor.. I put down my stuff first..,legitimate,uci_sms_spam
I want kfc its Tuesday. Only buy 2 meals ONLY 2. No gravy. Only 2 Mark. 2!,legitimate,uci_sms_spam
No da:)he is stupid da..always sending like this:)don believe any of those message.pandy is a mental:),legitimate,uci_sms_spam
Oi when you gonna ring,legitimate,uci_sms_spam
Missed call alert. These numbers called but left no message. 07008009200,scam,uci_sms_spam
I attended but nothing is there.,legitimate,uci_sms_spam
Ard 530 like dat lor. We juz meet in mrt station then ü dun haf to come out.,legitimate,uci_sms_spam
No dear i was sleeping :-P,legitimate,uci_sms_spam
Er mw im filled tuth is aight,legitimate,uci_sms_spam
Will be office around 4 pm. Now i am going hospital.,legitimate,uci_sms_spam
Actually i'm waiting for 2 weeks when they start putting ad.,legitimate,uci_sms_spam
Anything lor if they all go then i go lor...,legitimate,uci_sms_spam
U free on sat rite? U wan 2 watch infernal affairs wif me n darren n mayb xy?,legitimate,uci_sms_spam
Yo you around? A friend of mine's lookin to pick up later tonight,legitimate,uci_sms_spam
Stupid auto correct on my phone,legitimate,uci_sms_spam
Double eviction this week - Spiral and Michael and good riddance to them!,legitimate,uci_sms_spam
"The world suffers a lot... Not because of the violence of bad people. But because of the silence of good people!, Gud night....",legitimate,uci_sms_spam
"Ok thats cool. Its , just off either raglan rd or edward rd. Behind the cricket ground. Gimme ring when ur closeby see you tuesday.",legitimate,uci_sms_spam
Buy one egg for me da..please:),legitimate,uci_sms_spam
Have you started in skye,legitimate,uci_sms_spam
Have you bookedthe hut? And also your time off? How are you by the way?,legitimate,uci_sms_spam
And several to you sir.,legitimate,uci_sms_spam
U really pig leh sleep so much. My dad wake me up at 10 smth 2 eat lunch today.,legitimate,uci_sms_spam
My love ... I hope your not doing anything drastic. Don't you dare sell your pc or your phone ...,legitimate,uci_sms_spam
FREEMSG: Our records indicate you may be entitled to 3750 pounds for the Accident you had. To claim for free reply with YES to this msg. To opt out text STOP,scam,uci_sms_spam
Life style garments account no please.,legitimate,uci_sms_spam
Lol wtf random. Btw is that your lunch break,legitimate,uci_sms_spam
"Sez, hows u & de arab boy? Hope u r all good give my love 2 evry1 love ya eshxxxxxxxxxxx",legitimate,uci_sms_spam
"The LAY MAN! Just to let you know you are missed and thought off. Do have a great day. And if you can send me bimbo and ugo's numbers, ill appreciate. Safe",legitimate,uci_sms_spam
Detroit. The home of snow. Enjoy it.,legitimate,uci_sms_spam
Show ur colours! Euro 2004 2-4-1 Offer! Get an England Flag & 3Lions tone on ur phone! Click on the following service message for info!,scam,uci_sms_spam
"Aight, I'm chillin in a friend's room so text me when you're on the way",legitimate,uci_sms_spam
Is toshiba portege m100 gd?,legitimate,uci_sms_spam
Well welp is sort of a semiobscure internet thing,legitimate,uci_sms_spam
Text PASS to 69669 to collect your polyphonic ringtones. Normal gprs charges apply only. Enjoy your tones,scam,uci_sms_spam
"accordingly. I repeat, just text the word ok on your mobile phone and send",scam,uci_sms_spam
Loosu go to hospital. De dont let it careless.,legitimate,uci_sms_spam
How much for an eighth?,legitimate,uci_sms_spam
Omg Joanna is freaking me out. She's looked thru all my friends to find photos of me. And then she's asking about stuff on my MySpace which I haven't even logged on in like a year. :/,legitimate,uci_sms_spam
"Send ur birthdate with month and year, I will tel u ur LIFE PARTNER'S name. and the method of calculation. Reply must.",legitimate,uci_sms_spam
Juz now havent woke up so a bit blur blur... Can? Dad went out liao... I cant cum now oso...,legitimate,uci_sms_spam
"How about clothes, jewelry, and trips?",legitimate,uci_sms_spam
Block Breaker now comes in deluxe format with new features and great graphics from T-Mobile. Buy for just £5 by replying GET BBDELUXE and take the challenge,scam,uci_sms_spam
Aah! A cuddle would be lush! I'd need lots of tea and soup before any kind of fumbling!,legitimate,uci_sms_spam
important information 4 orange user . today is your lucky day!2find out why log onto http://www.urawinner.com THERE'S A FANTASTIC SURPRISE AWAITING YOU!,scam,uci_sms_spam
Are you plans with your family set in stone ?,legitimate,uci_sms_spam
Pls dont forget to study,legitimate,uci_sms_spam
You'll never believe this but i have actually got off at taunton. Wow,legitimate,uci_sms_spam
"Den only weekdays got special price... Haiz... Cant eat liao... Cut nails oso muz wait until i finish drivin wat, lunch still muz eat wat... ",legitimate,uci_sms_spam
She just broke down a list of reasons why nobody's in town and I can't tell if she's being sarcastic or just faggy,legitimate,uci_sms_spam
 &lt;DECIMAL&gt; m but its not a common car here so its better to buy from china or asia. Or if i find it less expensive. I.ll holla,legitimate,uci_sms_spam
The greatest test of courage on earth is to bear defeat without losing heart....gn tc,legitimate,uci_sms_spam
SORRY IM STIL FUCKED AFTER LAST NITE WENT TOBED AT 430 GOT UP 4 WORK AT 630,legitimate,uci_sms_spam
Hey so whats the plan this sat? ,legitimate,uci_sms_spam
Beauty sleep can help ur pimples too.,legitimate,uci_sms_spam
Great. Hope you are using your connections from mode men also cos you can never know why old friends can lead you to today,legitimate,uci_sms_spam
Natalja (25/F) is inviting you to be her friend. Reply YES-440 or NO-440 See her: www.SMS.ac/u/nat27081980 STOP? Send STOP FRND to 62468,scam,uci_sms_spam
Where to get those?,legitimate,uci_sms_spam
"Kind of. Just missed train cos of asthma attack, nxt one in half hr so driving in. not sure where to park.",legitimate,uci_sms_spam
Ball is moving a lot.will spin in last :)so very difficult to bat:),legitimate,uci_sms_spam
Haiyoh... Maybe your hamster was jealous of million,legitimate,uci_sms_spam
Can you please send me my aunty's number,legitimate,uci_sms_spam
I'm glad. You are following your dreams.,legitimate,uci_sms_spam
I've reached home finally...,legitimate,uci_sms_spam
"URGENT. Important information for 02 user. Today is your lucky day! 2 find out why , log onto http://www.urawinner.com there is a fantastic surprise awaiting you !",scam,uci_sms_spam
"Wn u r hurt by d prsn who s close 2 u, do fight wit dem. Coz somtimes dis fight saves a relation bt being quiet leaves nothin in a relation.. Gud eveB-)",legitimate,uci_sms_spam
U can call now...,legitimate,uci_sms_spam
"Science tells that chocolate will melt under the sunlight. Please don't walk under the sunlight. BCoz,I don't want to loss a sweet friend.",legitimate,uci_sms_spam
Yes. I come to nyc for audiitions and am trying to relocate.,legitimate,uci_sms_spam
I pocked you up there before,legitimate,uci_sms_spam
Congrats. That's great. I wanted to tell you not to tell me your score cos it might make me relax. But its motivating me so thanks for sharing,legitimate,uci_sms_spam
I wud never mind if u dont miss me or if u dont need me.. But u wil really hurt me wen u need me &amp; u dont tell me......... Take care:-),legitimate,uci_sms_spam
Hey mr whats the name of that bill brison book the one about language and words ,legitimate,uci_sms_spam
"Okay, good, no problem, and thanx!",legitimate,uci_sms_spam
"For you information, IKEA is spelled with all caps. That is not yelling. when you thought i had left you, you were sitting on the bed among the mess when i came in. i said we were going after you got home from class. please don't try and bullshit me. It makes me want to listen to you less.",legitimate,uci_sms_spam
Call me when u're done...,legitimate,uci_sms_spam
G.W.R,legitimate,uci_sms_spam
You best watch what you say cause I get drunk as a motherfucker,legitimate,uci_sms_spam
Kit Strip - you have been billed 150p. Netcollex Ltd. PO Box 1013 IG11 OJA,scam,uci_sms_spam
Please CALL 08712402578 immediately as there is an urgent message waiting for you,scam,uci_sms_spam
thesmszone.com lets you send free anonymous and masked messages..im sending this message from there..do you see the potential for abuse???,scam,uci_sms_spam
"Erm... Woodland avenue somewhere. Do you get the parish magazine, his telephone number will be in there.",legitimate,uci_sms_spam
Are there TA jobs available? Let me know please cos i really need to start working,legitimate,uci_sms_spam
Aiyar hard 2 type. U later free then tell me then i call n scold n tell u.,legitimate,uci_sms_spam
Yup i'm free...,legitimate,uci_sms_spam
"Good good, billy mates all gone. Just been jogging, again! Did enjoy concert?",legitimate,uci_sms_spam
Yo come over carlos will be here soon,legitimate,uci_sms_spam
Awww dat is sweet! We can think of something to do he he! Have a nice time tonight ill probably txt u later cos im lonely :( xxx.,legitimate,uci_sms_spam
I guess it is useless calling u 4 something important.,legitimate,uci_sms_spam
Ha ha - had popped down to the loo when you hello-ed me. Hello!,legitimate,uci_sms_spam
He dint tell anything. He is angry on me that why you told to abi.,legitimate,uci_sms_spam
It so happens that there r 2waxsto do wat you want. She can come and ill get her medical insurance. And she'll be able to deliver and have basic care. I'm currently shopping for the right medical insurance for her. So just give me til friday morning. Thats when i.ll see the major person that can guide me to the right insurance.,legitimate,uci_sms_spam
I keep ten rs in my shelf:) buy two egg.,legitimate,uci_sms_spam
"I wasn't well babe, i have swollen glands at my throat ... What did you end up doing ?",legitimate,uci_sms_spam
Is ur changes 2 da report big? Cos i've already made changes 2 da previous report.,legitimate,uci_sms_spam
Captain is in our room:),legitimate,uci_sms_spam
"I can't speak, bcaz mobile have problem. I can listen you but you cann't listen my voice. So i calls you later.",legitimate,uci_sms_spam
HIYA STU WOT U UP 2.IM IN SO MUCH TRUBLE AT HOME AT MOMENT EVONE HATES ME EVEN U! WOT THE HELL AV I DONE NOW? Y WONT U JUST TELL ME TEXT BCK PLEASE LUV DAN ,legitimate,uci_sms_spam
S...i will take mokka players only:),legitimate,uci_sms_spam
Are you still playing with gautham?,legitimate,uci_sms_spam
Hey mr  and I are going to the sea view and having a couple of gays I mean games! Give me a bell when ya finish ,legitimate,uci_sms_spam
"K, jason says he's gonna be around so I'll be up there around  &lt;#&gt;",legitimate,uci_sms_spam
Sorry . I will be able to get to you. See you in the morning.,legitimate,uci_sms_spam
Aight well keep me informed,legitimate,uci_sms_spam
Am only searching for good dual sim mobile pa.,legitimate,uci_sms_spam
That seems unnecessarily hostile,legitimate,uci_sms_spam
Dude got a haircut. Now its breezy up there,legitimate,uci_sms_spam
"Congrats! 2 mobile 3G Videophones R yours. call 09061744553 now! videochat wid ur mates, play java games, Dload polyH music, noline rentl. bx420. ip4. 5we. 150pm",scam,uci_sms_spam
1Apple/Day=No Doctor. 1Tulsi Leaf/Day=No Cancer. 1Lemon/Day=No Fat. 1Cup Milk/day=No Bone Problms 3 Litres Watr/Day=No Diseases Snd ths 2 Whom U Care..:-),legitimate,uci_sms_spam
i thought we were doing a king of the hill thing there.,legitimate,uci_sms_spam
Nope i'll come online now..,legitimate,uci_sms_spam
ALSO TELL HIM I SAID HAPPY BIRTHDAY,legitimate,uci_sms_spam
Y bishan lei... I tot ü say lavender? ,legitimate,uci_sms_spam
Boo what time u get out? U were supposed to take me shopping today. :(,legitimate,uci_sms_spam
"Now u sound like manky scouse boy steve,like! I is travelling on da bus home.wot has u inmind 4 recreation dis eve?",legitimate,uci_sms_spam
"Fyi I'm taking a quick shower, be at epsilon in like  &lt;#&gt;  min",legitimate,uci_sms_spam
on a Tuesday night r u 4 real,legitimate,uci_sms_spam
Yes when is the appt again?,legitimate,uci_sms_spam
Just got outta class gonna go gym.,legitimate,uci_sms_spam
I want to sent  &lt;#&gt; mesages today. Thats y. Sorry if i hurts,legitimate,uci_sms_spam
Ü all write or wat..,legitimate,uci_sms_spam
Ha! I wouldn't say that I just didn't read anything into way u seemed. I don't like 2 be judgemental....i save that for fridays in the pub!,legitimate,uci_sms_spam
Its a valentine game. . . send dis msg to all ur friends. . If 5 answers r d same then someone really loves u. . Ques- which colour suits me the best?,legitimate,uci_sms_spam
Hi:)did you asked to waheeda fathima about leave?,legitimate,uci_sms_spam
Enjoy urself tmr...,legitimate,uci_sms_spam
You still around? I could use a half-8th,legitimate,uci_sms_spam
You give us back my id proof and  &lt;#&gt;  rs. We wont allow you to work. We will come to your home within days,legitimate,uci_sms_spam
Ü bot notes oredi... Cos i juz rem i got...,legitimate,uci_sms_spam
Yes. Rent is very expensive so its the way we save.,legitimate,uci_sms_spam
Hows the pain dear?y r u smiling?,legitimate,uci_sms_spam
"Fun fact: although you would think armand would eventually build up a tolerance or some shit considering how much he smokes, he gets fucked up in like 2 hits",legitimate,uci_sms_spam
important information 4 orange user 0789xxxxxxx. today is your lucky day!2find out why log onto http://www.urawinner.com THERE'S A FANTASTIC SURPRISE AWAITING YOU!,scam,uci_sms_spam
Great. So should i send you my account number.,legitimate,uci_sms_spam
"HELLOGORGEOUS, HOWS U? MY FONE WAS ON CHARGE LST NITW WEN U TEXD ME. HOPEU AD A NICE WKEND AS IM SURE U DID LOOKIN 4WARD 2 C-IN U 2MRW LUV JAZ",legitimate,uci_sms_spam
"Our dating service has been asked 2 contact U by someone shy! CALL 09058091870 NOW all will be revealed. POBox84, M26 3UZ 150p",scam,uci_sms_spam
Ü only send me the contents page...,legitimate,uci_sms_spam
"Night sweet, sleep well! I've just been to see The Exorcism of Emily Rose and may never sleep again! Hugs and snogs! ",legitimate,uci_sms_spam
"Don't Think About ""What u Have Got"" Think About ""How to Use It That You Have Got"" gooD ni8",legitimate,uci_sms_spam
"I can't right this second, gotta hit people up first",legitimate,uci_sms_spam
"Evry Emotion dsn't hav Words.Evry Wish dsn't hav Prayrs.. If u Smile,D World is wit u.Othrwise even d Drop of Tear dsn't lik 2 Stay wit u.So b happy.. Good morning, keep smiling:-)",legitimate,uci_sms_spam
So what about you. What do you remember,legitimate,uci_sms_spam
Ujhhhhhhh computer shipped out with address to sandiago and parantella lane. Wtf. Poop.,legitimate,uci_sms_spam
Mm yes dear look how i am hugging you both. :-P,legitimate,uci_sms_spam
I like dis sweater fr mango but no more my size already so irritating.,legitimate,uci_sms_spam
1 I don't have her number and 2 its gonna be a massive pain in the ass and i'd rather not get involved if that's possible,legitimate,uci_sms_spam
Anytime lor...,legitimate,uci_sms_spam
Do you want a new Video handset? 750 any time any network mins? UNLIMITED TEXT? Camcorder? Reply or Call now 08000930705 for del Sat AM,scam,uci_sms_spam
"Ur balance is now £600. Next question: Complete the landmark, Big, A. Bob, B. Barry or C. Ben ?. Text A, B or C to 83738. Good luck!",scam,uci_sms_spam
Me fine..absolutly fine,legitimate,uci_sms_spam
K and you're sure I don't have to have consent forms to do it :V,legitimate,uci_sms_spam
Ur TONEXS subscription has been renewed and you have been charged £4.50. You can choose 10 more polys this month. www.clubzed.co.uk *BILLING MSG*,scam,uci_sms_spam
"If you don't, your prize will go to another customer. T&C at www.t-c.biz 18+ 150p/min Polo Ltd Suite 373 London W1J 6HL Please call back if busy",scam,uci_sms_spam
How much is torch in 9ja.,legitimate,uci_sms_spam
"Doing nothing, then u not having dinner w us?",legitimate,uci_sms_spam
How are you. Just checking up on you,legitimate,uci_sms_spam
Done it but internet connection v slow and can‘t send it. Will try again later or first thing tomo.,legitimate,uci_sms_spam
Mathews or tait or edwards or anderson,legitimate,uci_sms_spam
yeah sure thing mate haunt got all my stuff sorted but im going sound anyway promoting hex for .by the way who is this? dont know number. Joke,legitimate,uci_sms_spam
No need lar i go engin? Cos my sis at arts today...,legitimate,uci_sms_spam
Thanks honey but still haven't heard anything I will leave it a bit longer so not 2 crowd him and will try later - great advice thanks hope cardiff is still there!,legitimate,uci_sms_spam
Do you want a New Nokia 3510i Colour Phone Delivered Tomorrow? With 200 FREE minutes to any mobile + 100 FREE text + FREE camcorder Reply or Call 8000930705,scam,uci_sms_spam
", im .. On the snowboarding trip. I was wondering if your planning to get everyone together befor we go..a meet and greet kind of affair? Cheers, ",legitimate,uci_sms_spam
S.i'm watching it in live..,legitimate,uci_sms_spam
"see you then, we're all christmassy here!",legitimate,uci_sms_spam
"K I'm ready,  &lt;#&gt; ?",legitimate,uci_sms_spam
what are your new years plans?,legitimate,uci_sms_spam
RECPT 1/3. You have ordered a Ringtone. Your order is being processed...,scam,uci_sms_spam
Baaaaaaaabe! Wake up ! I miss you ! I crave you! I need you!,legitimate,uci_sms_spam
"Only just got this message, not ignoring you. Yes, i was. Shopping that is",legitimate,uci_sms_spam
Dear :-/ why you mood off. I cant drive so i brother to drive,legitimate,uci_sms_spam
When did dad get back.,legitimate,uci_sms_spam
"Can you tell Shola to please go to college of medicine and visit the academic department, tell the academic secretary what the current situation is and ask if she can transfer there. She should ask someone to check Sagamu for the same thing and lautech. Its vital she completes her medical education in Nigeria. Its less expensive much less expensive. Unless she will be getting citizen rates in new zealand.",legitimate,uci_sms_spam
Yes just finished watching days of our lives. I love it.,legitimate,uci_sms_spam
Juz go google n search 4 qet...,legitimate,uci_sms_spam
Many times we lose our best ones bcoz we are ,legitimate,uci_sms_spam
"Good FRIENDS CaRE for each Other.. CLoSE Friends UNDERSTaND each Other... and TRUE Friends STaY forever beyond words, beyond time. Gud ni8",legitimate,uci_sms_spam
Just getting back home,legitimate,uci_sms_spam
"Sorry, I'll call later  &lt;#&gt; mins",legitimate,uci_sms_spam
Dun need to use dial up juz open da browser n surf...,legitimate,uci_sms_spam
As one of our registered subscribers u can enter the draw 4 a 100 G.B. gift voucher by replying with ENTER. To unsubscribe text STOP,scam,uci_sms_spam
"Awesome, plan to get here any time after like  &lt;#&gt; , I'll text you details in a wee bit",legitimate,uci_sms_spam
Take care and sleep well.you need to learn to change in life.you only need to get CONVINCED on that.i will wait but no more conversations between us.GET CONVINCED by that time.Your family is over for you in many senses.respect them but not overemphasise.or u have no role in my life.,legitimate,uci_sms_spam
"For your chance to WIN a FREE Bluetooth Headset then simply reply back with ""ADP""",scam,uci_sms_spam
You also didnt get na hi hi hi hi hi,legitimate,uci_sms_spam
Ya but it cant display internal subs so i gotta extract them,legitimate,uci_sms_spam
If i said anything wrong sorry de:-),legitimate,uci_sms_spam
How stupid to say that i challenge god.You dont think at all on what i write instead you respond immed.,legitimate,uci_sms_spam
"Yeah I should be able to, I'll text you when I'm ready to meet up",legitimate,uci_sms_spam
V skint too but fancied few bevies.waz gona go meet &othrs in spoon but jst bin watchng planet earth&sofa is v comfey; If i dont make it hav gd night,legitimate,uci_sms_spam
" says that he's quitting at least5times a day so i wudn't take much notice of that. Nah, she didn't mind. Are you gonna see him again? Do you want to come to taunton tonight? U can tell me all about !",legitimate,uci_sms_spam
"When you get free, call me",legitimate,uci_sms_spam
How have your little darlings been so far this week? Need a coffee run tomo?Can't believe it's that time of week already …,legitimate,uci_sms_spam
Still at west coast... Haiz... Ü'll take forever to come back...,legitimate,uci_sms_spam
MMM ... Fuck .... Merry Christmas to me,legitimate,uci_sms_spam
alright. Thanks for the advice. Enjoy your night out. I'ma try to get some sleep...,legitimate,uci_sms_spam
Update your face book status frequently :),legitimate,uci_sms_spam
Just now saw your message.it k da:),legitimate,uci_sms_spam
Was it something u ate?,legitimate,uci_sms_spam
So what did the bank say about the money?,legitimate,uci_sms_spam
Aiyar dun disturb u liao... Thk u have lots 2 do aft ur cupboard come...,legitimate,uci_sms_spam
Hey they r not watching movie tonight so i'll prob b home early...,legitimate,uci_sms_spam
Yar lor... How u noe? U used dat route too?,legitimate,uci_sms_spam
2mro i am not coming to gym machan. Goodnight.,legitimate,uci_sms_spam
Dont think you need yellow card for uk travel. Ask someone that has gone before. If you do its just  &lt;#&gt; bucks,legitimate,uci_sms_spam
Can u look 4 me in da lib i got stuff havent finish yet.,legitimate,uci_sms_spam
Sounds great! Im going to sleep now. Have a good night!,legitimate,uci_sms_spam
Don't b floppy... b snappy & happy! Only gay chat service with photo upload call 08718730666 (10p/min). 2 stop our texts call 08712460324,scam,uci_sms_spam
How come u got nothing to do?,legitimate,uci_sms_spam
Nothing will ever be easy. But don't be looking for a reason not to take a risk on life and love,legitimate,uci_sms_spam
i want to grasp your pretty booty :),legitimate,uci_sms_spam
I've got it down to a tea. not sure which flavour,legitimate,uci_sms_spam
I'm going 2 orchard now laready me reaching soon. U reaching?,legitimate,uci_sms_spam
Dear i am not denying your words please,legitimate,uci_sms_spam
You know my old Dom I told you about yesterday ? His name is Roger? He got in touch with me last night and wants me to meet him today at 2 pm,legitimate,uci_sms_spam
COME BACK TO TAMPA FFFFUUUUUUU,legitimate,uci_sms_spam
"2 celebrate my bday, y else?",legitimate,uci_sms_spam
Merry christmas to u too annie!,legitimate,uci_sms_spam
Please tell me you have some of that special stock you were talking about,legitimate,uci_sms_spam
I sent them. Do you like?,legitimate,uci_sms_spam
"Awesome, be there in a minute",legitimate,uci_sms_spam
"And that is the problem. You walk around in ""julianaland"" oblivious to what is going on around you. I say the same things constantly and they go in one ear and out the other while you go off doing whatever you want to do. It's not that you don't know why I'm upset--it's that you don't listen when i tell you WHAT is going to upset me. Then you want to be surprised when I'm mad.",legitimate,uci_sms_spam
I've told you everything will stop. Just dont let her get dehydrated.,legitimate,uci_sms_spam
Or I guess  &lt;#&gt;  min,legitimate,uci_sms_spam
I'm home. Ard wat time will u reach?,legitimate,uci_sms_spam
"If you want to mapquest it or something look up ""usf dogwood drive"", that's the tiny street where the parking lot is",legitimate,uci_sms_spam
Aight should I just plan to come up later tonight?,legitimate,uci_sms_spam
Die... I accidentally deleted e msg i suppose 2 put in e sim archive. Haiz... I so sad...,legitimate,uci_sms_spam
"Welcome to UK-mobile-date this msg is FREE giving you free calling to 08719839835. Future mgs billed at 150p daily. To cancel send ""go stop"" to 89123",scam,uci_sms_spam
This is wishing you a great day. Moji told me about your offer and as always i was speechless. You offer so easily to go to great lengths on my behalf and its stunning. My exam is next friday. After that i will keep in touch more. Sorry.,legitimate,uci_sms_spam
"Thanks again for your reply today. When is ur visa coming in. And r u still buying the gucci and bags. My sister things are not easy, uncle john also has his own bills so i really need to think about how to make my own money. Later sha.",legitimate,uci_sms_spam
"Sorry I flaked last night, shit's seriously goin down with my roommate, what you up to tonight?",legitimate,uci_sms_spam
He said i look pretty wif long hair wat. But i thk he's cutting quite short 4 me leh.,legitimate,uci_sms_spam
CHEERS FOR CALLIN BABE.SOZI CULDNT TALKBUT I WANNATELL U DETAILS LATER WENWECAN CHAT PROPERLY X,legitimate,uci_sms_spam
Hey u still at the gym?,legitimate,uci_sms_spam
Much better now thanks lol,legitimate,uci_sms_spam
"Nothing, smsing u n xy lor. Sorry lor da guys neva c u in person but they sort of know u lor. So u wan 2 meet them xy ask me 2 bring u along 4 our next meeting.",legitimate,uci_sms_spam
"Lemme know when I can swing by and pick up, I'm free basically any time after 1 all this semester",legitimate,uci_sms_spam
Wa... U so efficient... Gee... Thanx...,legitimate,uci_sms_spam
3. You have received your mobile content. Enjoy,scam,uci_sms_spam
S but not able to sleep.,legitimate,uci_sms_spam
Want explicit SEX in 30 secs? Ring 02073162414 now! Costs 20p/min,scam,uci_sms_spam
We will meet soon princess! Ttyl!,legitimate,uci_sms_spam
I'll pick you up at about 5.15pm to go to taunton if you still want to come.,legitimate,uci_sms_spam
Oh :-)only 4 outside players allowed to play know,legitimate,uci_sms_spam
I anything lor.,legitimate,uci_sms_spam
Erutupalam thandiyachu,legitimate,uci_sms_spam
"Y cant u try new invention to fly..i'm not joking.,",legitimate,uci_sms_spam
No..its ful of song lyrics..,legitimate,uci_sms_spam
"What do u reckon as need 2 arrange transport if u can't do it, thanks",legitimate,uci_sms_spam
True lov n care wil nevr go unrecognized. though somone often makes mistakes when valuing it. but they will definitly undrstnd once when they start missing it.,legitimate,uci_sms_spam
Shopping? Eh ger i toking abt syd leh...Haha,legitimate,uci_sms_spam
What not under standing.,legitimate,uci_sms_spam
have * good weekend.,legitimate,uci_sms_spam
Miss call miss call khelate kintu opponenter miss call dhorte lage. Thats d rule. One with great phone receiving quality wins.,legitimate,uci_sms_spam
Call me when you get the chance plz &lt;3,legitimate,uci_sms_spam
The new deus ex game comin early next yr,legitimate,uci_sms_spam
My computer just fried the only essential part we don't keep spares of because my fucking idiot roommates looovvve leaving the thing running on full  &lt;#&gt; /7,legitimate,uci_sms_spam
"My friend, she's studying at warwick, we've planned to go shopping and to concert tmw, but it may be canceled, havn't seen  for ages, yeah we should get together sometime!",legitimate,uci_sms_spam
Probably a couple hours tops,legitimate,uci_sms_spam
"LOL .. *grins* .. I'm not babe, but thanks for thinking of me!",legitimate,uci_sms_spam
Man this bus is so so so slow. I think you're gonna get there before me,legitimate,uci_sms_spam
Hope this text meets you smiling. If not then let this text give you a reason to smile. Have a beautiful day.,legitimate,uci_sms_spam
"In case you wake up wondering where I am, I forgot I have to take care of something for grandma today, should be done before the parade",legitimate,uci_sms_spam
"Latest Nokia Mobile or iPOD MP3 Player +£400 proze GUARANTEED! Reply with: WIN to 83355 now! Norcorp Ltd.£1,50/Mtmsgrcvd18+",scam,uci_sms_spam
"SMS SERVICES. for your inclusive text credits, pls goto www.comuk.net login= 3qxj9 unsubscribe with STOP, no extra charge. help 08702840625.COMUK. 220-CM2 9AE",scam,uci_sms_spam
Nvm take ur time.,legitimate,uci_sms_spam
So wat's da decision?,legitimate,uci_sms_spam
Wot is u up 2 then bitch?,legitimate,uci_sms_spam
She told to hr that he want posting in chennai:)because i'm working here:),legitimate,uci_sms_spam
Mobile Club: Choose any of the top quality items for your mobile. 7cfca1a,scam,uci_sms_spam
When are you guys leaving?,legitimate,uci_sms_spam
He neva grumble but i sad lor... Hee... Buy tmr lor aft lunch. But we still meetin 4 lunch tmr a not. Neva hear fr them lei. Ü got a lot of work ar?,legitimate,uci_sms_spam
Not able to do anything.,legitimate,uci_sms_spam
Ü takin linear algebra today?,legitimate,uci_sms_spam
This weekend is fine (an excuse not to do too much decorating),legitimate,uci_sms_spam
"Sorry I missed you babe. I was up late and slept in. I hope you enjoy your driving lesson, boytoy. I miss you too ... *teasing kiss*",legitimate,uci_sms_spam
Now project pa. After that only i can come.,legitimate,uci_sms_spam
Money i have won wining number 946 wot do i do next,scam,uci_sms_spam
"Sure, whenever you show the fuck up &gt;:(",legitimate,uci_sms_spam
That was random saw my old roomate on campus. He graduated,legitimate,uci_sms_spam
"Men always needs a beautiful, intelligent, caring, loving, adjustable, cooperative wife. But the law allows only one wife....",legitimate,uci_sms_spam
That sucks. So what do you got planned for your yo valentine? I am your yo valentine aren't I?,legitimate,uci_sms_spam
"Just got part Nottingham - 3 hrs 63miles. Good thing i love my man so much, but only doing 40mph. Hey ho",legitimate,uci_sms_spam
What to think no one saying clearly. Ok leave no need to ask her. I will go if she come or not,legitimate,uci_sms_spam
Hi good mornin.. Thanku wish u d same..,legitimate,uci_sms_spam
DO U WANT 2 MEET UP 2MORRO,legitimate,uci_sms_spam
Actually I decided I was too hungry so I haven't left yet :V,legitimate,uci_sms_spam
I've sent ü my part..,legitimate,uci_sms_spam
Cos i was out shopping wif darren jus now n i called him 2 ask wat present he wan lor. Then he started guessing who i was wif n he finally guessed darren lor.,legitimate,uci_sms_spam
"I want some cock! My hubby's away, I need a real man 2 satisfy me. Txt WIFE to 89938 for no strings action. (Txt STOP 2 end, txt rec £1.50ea. OTBox 731 LA1 7WS. )",scam,uci_sms_spam
Understand. his loss is my gain :) so do you work? School?,legitimate,uci_sms_spam
HOW ARE U? I HAVE MISSED U! I HAVENT BEEN UP 2 MUCH A BIT BORED WITH THE HOLIDAY WANT 2 GO BAK 2 COLLEGE! SAD ISNT IT?xx,legitimate,uci_sms_spam
"Hiya, probably coming home * weekend after next",legitimate,uci_sms_spam
Don't forget though that I love you .... And I walk beside you. Watching over you and keeping your heart warm.,legitimate,uci_sms_spam
I wish things were different. I wonder when i will be able to show you how much i value you. Pls continue the brisk walks no drugs without askin me please and find things to laugh about. I love you dearly.,legitimate,uci_sms_spam
Ok both our days. So what are you making for dinner tonite? Am I invited?,legitimate,uci_sms_spam
Gr8 new service - live sex video chat on your mob - see the sexiest dirtiest girls live on ur phone - 4 details text horny to 89070 to cancel send STOP to 89070,scam,uci_sms_spam
I have no money 4 steve mate! !,legitimate,uci_sms_spam
IM LATE TELLMISS IM ON MY WAY,legitimate,uci_sms_spam
Normally i use to drink more water daily:),legitimate,uci_sms_spam
Dare i ask... Any luck with sorting out the car?,legitimate,uci_sms_spam
"Party's at my place at usf, no charge (but if you can contribute in any way it is greatly appreciated) and yeah, we got room for one more",legitimate,uci_sms_spam
"Urgh, coach hot, smells of chip fat! Thanks again, especially for the duvet (not a predictive text word).",legitimate,uci_sms_spam
Hiya. How was last night? I've been naughty and bought myself clothes and very little ... Ready for more shopping tho! What kind of time do you wanna meet?,legitimate,uci_sms_spam
FreeMsg Hi baby wow just got a new cam moby. Wanna C a hot pic? or Fancy a chat?Im w8in 4uTxt / rply CHAT to 82242 Hlp 08712317606 Msg150p 2rcv,scam,uci_sms_spam
I've been trying to reach him without success,legitimate,uci_sms_spam
when you and derek done with class?,legitimate,uci_sms_spam
Never y lei... I v lazy... Got wat? Dat day ü send me da url cant work one...,legitimate,uci_sms_spam
Never try alone to take the weight of a tear that comes out of ur heart and falls through ur eyes... Always remember a STUPID FRIEND is here to share... BSLVYL,legitimate,uci_sms_spam
Hey mate. Spoke to the mag people. We‘re on.  the is deliver by the end of the month. Deliver on the 24th sept. Talk later. ,legitimate,uci_sms_spam
"Haha, my friend tyler literally just asked if you could get him a dubsack",legitimate,uci_sms_spam
Hey! do u fancy meetin me at 4 at cha  hav a lil beverage on me. if not txt or ring me and we can meet up l8r. quite tired got in at 3 v.pist ;) love Pete x x x,legitimate,uci_sms_spam
Great. Have a safe trip. Dont panic surrender all.,legitimate,uci_sms_spam
"SYMPTOMS when U are in love: ""1.U like listening songs 2.U get stopped where u see the name of your beloved 3.U won't get angry when your",legitimate,uci_sms_spam
Sun ah... Thk mayb can if dun have anythin on... Thk have to book e lesson... E pilates is at orchard mrt u noe hor...  ,legitimate,uci_sms_spam
Try to do something dear. You read something for exams,legitimate,uci_sms_spam
Gettin rdy to ship comp,legitimate,uci_sms_spam
I am in hospital da. . I will return home in evening,legitimate,uci_sms_spam
PISS IS TALKING IS SOMEONE THAT REALISE U THAT POINT THIS AT IS IT.(NOW READ IT BACKWARDS),legitimate,uci_sms_spam
Think + da. You wil do.,legitimate,uci_sms_spam
I'm awake oh. What's up.,legitimate,uci_sms_spam
Good afternoon my boytoy. How goes that walking here and there day ? Did you get that police abstract? Are you still out and about? I wake and miss you babe,legitimate,uci_sms_spam
How much u trying to get?,legitimate,uci_sms_spam
"Come around  &lt;DECIMAL&gt; pm vikky..i'm otside nw, il come by tht time",legitimate,uci_sms_spam
Tell me again what your address is,legitimate,uci_sms_spam
Should i buy him a blackberry bold 2 or torch. Should i buy him new or used. Let me know. Plus are you saying i should buy the  &lt;#&gt; g wifi ipad. And what are you saying about the about the  &lt;#&gt; g?,legitimate,uci_sms_spam
But you were together so you should be thinkin about him,legitimate,uci_sms_spam
hiya hows it going in sunny africa? hope u r avin a good time. give that big old silver back a big kiss from me.,legitimate,uci_sms_spam
At WHAT TIME should i come tomorrow,legitimate,uci_sms_spam
Wanna have a laugh? Try CHIT-CHAT on your mobile now! Logon by txting the word: CHAT and send it to No: 8883 CM PO Box 4217 London W1A 6ZF 16+ 118p/msg rcvd,scam,uci_sms_spam
"CHA QUITEAMUZING THATSCOOL BABE,PROBPOP IN & CU SATTHEN HUNNY 4BREKKIE! LOVE JEN XXX. PSXTRA LRG PORTIONS 4 ME PLEASE ",legitimate,uci_sms_spam
Omg how did u know what I ate?,legitimate,uci_sms_spam
URGENT! This is the 2nd attempt to contact U!U have WON £1000CALL 09071512432 b4 300603t&csBCM4235WC1N3XX.callcost150ppmmobilesvary. max£7. 50,scam,uci_sms_spam
:( but your not here....,legitimate,uci_sms_spam
Not directly behind... Abt 4 rows behind ü...,legitimate,uci_sms_spam
Congratulations ur awarded 500 of CD vouchers or 125gift guaranteed & Free entry 2 100 wkly draw txt MUSIC to 87066,scam,uci_sms_spam
"Had your contract mobile 11 Mnths? Latest Motorola, Nokia etc. all FREE! Double Mins & Text on Orange tariffs. TEXT YES for callback, no to remove from records",scam,uci_sms_spam
"Urgent! call 09066350750 from your landline. Your complimentary 4* Ibiza Holiday or 10,000 cash await collection SAE T&Cs PO BOX 434 SK3 8WP 150 ppm 18+",scam,uci_sms_spam
No plans yet. What are you doing ?,legitimate,uci_sms_spam
Hi ....My engagement has been fixd on  &lt;#&gt; th of next month. I know its really shocking bt....hmm njan vilikkam....t ws al of a sudn;-(.,legitimate,uci_sms_spam
Not course. Only maths one day one chapter with in one month we can finish.,legitimate,uci_sms_spam
Wow didn't think it was that common. I take it all back ur not a freak! Unless u chop it off:-),legitimate,uci_sms_spam
Noooooooo please. Last thing I need is stress. For once in your life be fair.,legitimate,uci_sms_spam
U have a Secret Admirer who is looking 2 make contact with U-find out who they R*reveal who thinks UR so special-call on 09065171142-stopsms-08718727870150ppm,scam,uci_sms_spam
"I'll see if I can swing by in a bit, got some things to take care of here firsg",legitimate,uci_sms_spam
I wanted to wish you a Happy New Year and I wanted to talk to you about some legal advice to do with when Gary and I split but in person. I'll make a trip to Ptbo for that. I hope everything is good with you babe and I love ya :),legitimate,uci_sms_spam
Have you not finished work yet or something?,legitimate,uci_sms_spam
Right it wasnt you who phoned it was someone with a number like yours!,legitimate,uci_sms_spam
It's ok i wun b angry. Msg u aft i come home tonight.,legitimate,uci_sms_spam
I had a good time too. Its nice to do something a bit different with my weekends for a change. See ya soon,legitimate,uci_sms_spam
Yo sorry was in the shower sup,legitimate,uci_sms_spam
"Carlos is down but I have to pick it up from him, so I'll swing by usf in a little bit",legitimate,uci_sms_spam
Full heat pa:-) i have applyed oil pa.,legitimate,uci_sms_spam
I'm stuck in da middle of da row on da right hand side of da lt... ,legitimate,uci_sms_spam
Have you laid your airtel line to rest?,legitimate,uci_sms_spam
Hi did u decide wot 2 get 4 his bday if not ill prob jus get him a voucher frm virgin or sumfing ,legitimate,uci_sms_spam
FreeMsg: Txt: CALL to No: 86888 & claim your reward of 3 hours talk time to use from your phone now! Subscribe6GBP/mnth inc 3hrs 16 stop?txtStop,scam,uci_sms_spam
"Hey j! r u feeling any better, hopeSo hunny. i amnow feelin ill & ithink i may have tonsolitusaswell! damn iam layin in bedreal bored. lotsof luv me xxxx",legitimate,uci_sms_spam
And I don't plan on staying the night but I prolly won't be back til late,legitimate,uci_sms_spam
THANX 4 PUTTIN DA FONE DOWN ON ME!!,legitimate,uci_sms_spam
"I need an 8th but I'm off campus atm, could I pick up in an hour or two?",legitimate,uci_sms_spam
"Oh... Haha... Den we shld had went today too... Gee, nvm la... Kaiez, i dun mind goin jazz oso... Scared hiphop open cant catch up... ",legitimate,uci_sms_spam
Been running but only managed 5 minutes and then needed oxygen! Might have to resort to the roller option!,legitimate,uci_sms_spam
We live in the next  &lt;#&gt; mins,legitimate,uci_sms_spam
Y de asking like this.,legitimate,uci_sms_spam
Just glad to be talking to you.,legitimate,uci_sms_spam
Wat time ü finish?,legitimate,uci_sms_spam
Sorry da. I gone mad so many pending works what to do.,legitimate,uci_sms_spam
How much you got for cleaning,legitimate,uci_sms_spam
hows my favourite person today? r u workin hard? couldn't sleep again last nite nearly rang u at 4.30,legitimate,uci_sms_spam
Sunshine Quiz! Win a super Sony DVD recorder if you canname the capital of Australia? Text MQUIZ to 82277. B,scam,uci_sms_spam
Ü called dad oredi...,legitimate,uci_sms_spam
Good. do you think you could send me some pix? I would love to see your top and bottom...,legitimate,uci_sms_spam
Nvm... I'm going to wear my sport shoes anyway... I'm going to be late leh.,legitimate,uci_sms_spam
"Sorry, I'll call later In meeting.",legitimate,uci_sms_spam
THIS IS A LONG FUCKIN SHOWR,legitimate,uci_sms_spam
"Received, understood n acted upon!",legitimate,uci_sms_spam
They finally came to fix the ceiling.,legitimate,uci_sms_spam
"U need my presnts always bcz U cant mis love. ""jeevithathile irulinae neekunna prakasamanu sneham"" prakasam ennal prabha 'That mns prabha is'LOVE' Got it. Dont mis me....",legitimate,uci_sms_spam
Jus finish blowing my hair. U finish dinner already?,legitimate,uci_sms_spam
I'm on the bus. Love you,legitimate,uci_sms_spam
Lol ... I knew that .... I saw him in the dollar store,legitimate,uci_sms_spam
Todays Voda numbers ending with 7634 are selected to receive a £350 reward. If you have a match please call 08712300220 quoting claim code 7684 standard rates apply.,scam,uci_sms_spam
Only saturday and sunday holiday so its very difficult:),legitimate,uci_sms_spam
Everybody had fun this evening. Miss you.,legitimate,uci_sms_spam
"Got hella gas money, want to go on a grand nature adventure with galileo in a little bit?",legitimate,uci_sms_spam
Oh wow thats gay. Will firmware update help,legitimate,uci_sms_spam
These won't do. Have to move on to morphine,legitimate,uci_sms_spam
How come i din c ü... Yup i cut my hair...,legitimate,uci_sms_spam
K k pa Had your lunch aha.,legitimate,uci_sms_spam
Captain vijaykanth is doing comedy in captain tv..he is drunken :),legitimate,uci_sms_spam
Of course. I guess god's just got me on hold right now.,legitimate,uci_sms_spam
Do you hide anythiing or keeping distance from me,legitimate,uci_sms_spam
Havent.,legitimate,uci_sms_spam
You are being ripped off! Get your mobile content from www.clubmoby.com call 08717509990 poly/true/Pix/Ringtones/Games six downloads for only 3,scam,uci_sms_spam
Sorry i din lock my keypad.,legitimate,uci_sms_spam
Are you planning to come chennai?,legitimate,uci_sms_spam
We tried to contact you re your reply to our offer of a Video Phone 750 anytime any network mins Half Price Line Rental Camcorder Reply or call 08000930705,scam,uci_sms_spam
God created gap btwn ur fingers so dat sum1 vry special will fill those gaps by holding ur hands.. Now plz dont ask y he created so much gap between legs !!!,legitimate,uci_sms_spam
We are okay. Going to sleep now. Later,legitimate,uci_sms_spam
"Finally it has happened..! Aftr decades..! BEER is now cheaper than PETROL! The goverment expects us to ""DRINK"". . . But don't ""DRIVE """,legitimate,uci_sms_spam
A £400 XMAS REWARD IS WAITING FOR YOU! Our computer has randomly picked you from our loyal mobile customers to receive a £400 reward. Just call 09066380611 ,scam,uci_sms_spam
Where r e meeting tmr?,legitimate,uci_sms_spam
Lol yes. But it will add some spice to your day.,legitimate,uci_sms_spam
Our Prasanth ettans mother passed away last night. Just pray for her and family.,legitimate,uci_sms_spam
"K, I'll work something out",legitimate,uci_sms_spam
PRIVATE! Your 2003 Account Statement for shows 800 un-redeemed S. I. M. points. Call 08718738002 Identifier Code: 48922 Expires 21/11/04,scam,uci_sms_spam
This message is from a great Doctor in India:-): 1) Do not drink APPY FIZZ. It contains Cancer causing age,legitimate,uci_sms_spam
You call him and tell now infront of them. Call him now.,legitimate,uci_sms_spam
Ok no prob...,legitimate,uci_sms_spam
Ladies first and genus second k .,legitimate,uci_sms_spam
No. Yes please. Been swimming?,legitimate,uci_sms_spam
Mum not going robinson already.,legitimate,uci_sms_spam
Ok set let u noe e details later...,legitimate,uci_sms_spam
Not..tel software name..,legitimate,uci_sms_spam
I send the print  outs da.,legitimate,uci_sms_spam
IM REALY SOZ IMAT MY MUMS 2NITE WHAT ABOUT 2MORO ,legitimate,uci_sms_spam
"When I was born, GOD said, ""Oh No! Another IDIOT"". When you were born, GOD said, ""OH No! COMPETITION"". Who knew, one day these two will become FREINDS FOREVER!",legitimate,uci_sms_spam
"I didnt get ur full msg..sometext is missing, send it again",legitimate,uci_sms_spam
"Probably not, I'm almost out of gas and I get some cash tomorrow",legitimate,uci_sms_spam
"Customer service announcement. We recently tried to make a delivery to you but were unable to do so, please call 07099833605 to re-schedule. Ref:9280114",scam,uci_sms_spam
I forgot 2 ask ü all smth.. There's a card on da present lei... How? Ü all want 2 write smth or sign on it?,legitimate,uci_sms_spam
I'm leaving my house now.,legitimate,uci_sms_spam
"Hi babe its Chloe, how r u? I was smashed on saturday night, it was great! How was your weekend? U been missing me? SP visionsms.com Text stop to stop 150p/text",scam,uci_sms_spam
Ü ready then call me...,legitimate,uci_sms_spam
Wewa is 130. Iriver 255. All 128 mb.,legitimate,uci_sms_spam
It is a good thing I'm now getting the connection to bw,legitimate,uci_sms_spam
Sry da..jst nw only i came to home..,legitimate,uci_sms_spam
"That's cool he'll be here all night, lemme know when you're around",legitimate,uci_sms_spam
Are you staying in town ?,legitimate,uci_sms_spam
"Haha yeah, 2 oz is kind of a shitload",legitimate,uci_sms_spam
Ok u can take me shopping when u get paid =D,legitimate,uci_sms_spam
"Alright we'll bring it to you, see you in like  &lt;#&gt;  mins",legitimate,uci_sms_spam
But pls dont play in others life.,legitimate,uci_sms_spam
Eatin my lunch...,legitimate,uci_sms_spam
Hmmm.but you should give it on one day..,legitimate,uci_sms_spam
"Didn't try, g and I decided not to head out",legitimate,uci_sms_spam
Ok no prob,legitimate,uci_sms_spam
Surly ill give it to you:-) while coming to review.,legitimate,uci_sms_spam
"By march ending, i should be ready. But will call you for sure. The problem is that my capital never complete. How far with you. How's work and the ladies",legitimate,uci_sms_spam
Pls give her the food preferably pap very slowly with loads of sugar. You can take up to an hour to give it. And then some water. Very very slowly.,legitimate,uci_sms_spam
"URGENT! Your Mobile No 07808726822 was awarded a £2,000 Bonus Caller Prize on 02/09/03! This is our 2nd attempt to contact YOU! Call 0871-872-9758 BOX95QU",scam,uci_sms_spam
A guy who gets used but is too dumb to realize it.,legitimate,uci_sms_spam
"Okey dokey, i‘ll be over in a bit just sorting some stuff out.",legitimate,uci_sms_spam
Yes fine ,legitimate,uci_sms_spam
I liked the new mobile,legitimate,uci_sms_spam
Anytime...,legitimate,uci_sms_spam
Mmmmmmm *snuggles into you* ...*deep contented sigh* ... *whispers* ... I fucking love you so much I can barely stand it ...,legitimate,uci_sms_spam
Yar but they say got some error.,legitimate,uci_sms_spam
Hey anyway i have to :-),legitimate,uci_sms_spam
Wow so healthy. Old airport rd lor. Cant thk of anything else. But i'll b bathing my dog later.,legitimate,uci_sms_spam
Wif my family booking tour package.,legitimate,uci_sms_spam
"Did you say bold, then torch later. Or one torch and 2bold?",legitimate,uci_sms_spam
"Haha awesome, I might need to take you up on that, what you doin tonight?",legitimate,uci_sms_spam
Ya i knw u vl giv..its ok thanks kano..anyway enjoy wit ur family wit 1st salary..:-);-),legitimate,uci_sms_spam
Huh so slow i tot u reach long ago liao... U 2 more days only i 4 more leh...,legitimate,uci_sms_spam
Thats cool princess! I will cover your face in hot sticky cum :),legitimate,uci_sms_spam
Big brother‘s really scraped the barrel with this shower of social misfits,legitimate,uci_sms_spam
Oops i thk i dun haf enuff... I go check then tell ü..,legitimate,uci_sms_spam
S:)8 min to go for lunch:),legitimate,uci_sms_spam
"Hey. What happened? U switch off ur cell d whole day. This isnt good. Now if u do care, give me a call tomorrow.",legitimate,uci_sms_spam
"K will do, addie &amp; I are doing some art so I'll be here when you get home",legitimate,uci_sms_spam
"Aiyo... Her lesson so early... I'm still sleepin, haha... Okie, u go home liao den confirm w me lor...",legitimate,uci_sms_spam
Forgot to tell ü smth.. Can ü like number the sections so that it's clearer..,legitimate,uci_sms_spam
"Yup. Anything lor, if u dun wan it's ok...",legitimate,uci_sms_spam
"I'm home, my love ... If your still awake ... *loving kiss*",legitimate,uci_sms_spam
HELLO PEACH! MY CAKE TASTS LUSH!,legitimate,uci_sms_spam
"FREE GAME. Get Rayman Golf 4 FREE from the O2 Games Arcade. 1st get UR games settings. Reply POST, then save & activ8. Press 0 key for Arcade. Termsapply",scam,uci_sms_spam
"There'll be a minor shindig at my place later tonight, you interested?",legitimate,uci_sms_spam
Jason says it's cool if we pick some up from his place in like an hour,legitimate,uci_sms_spam
"Had your mobile 10 mths? Update to the latest Camera/Video phones for FREE. KEEP UR SAME NUMBER, Get extra free mins/texts. Text YES for a call",scam,uci_sms_spam
I (Career Tel) have added u as a contact on INDYAROCKS.COM to send FREE SMS. To remove from phonebook - sms NO to  &lt;#&gt;,legitimate,uci_sms_spam
I've reached already.,legitimate,uci_sms_spam
I dont know ask to my brother. Nothing problem some thing that. Just i told .,legitimate,uci_sms_spam
K:)eng rocking in ashes:),legitimate,uci_sms_spam
Wat time r ü going to xin's hostel?,legitimate,uci_sms_spam
Good Morning my Dear Shijutta........... Have a great &amp; successful day.,legitimate,uci_sms_spam
Oh k:)after that placement there ah?,legitimate,uci_sms_spam
"Not for possession, especially not first offense",legitimate,uci_sms_spam
"Nt only for driving even for many reasons she is called BBD..thts it chikku, then hw abt dvg cold..heard tht vinobanagar violence hw is the condition..and hw ru ? Any problem?",legitimate,uci_sms_spam
I bought the test yesterday. Its something that lets you know the exact day u ovulate.when will get 2u in about 2 to 3wks. But pls pls dont fret. I know u r worried. Pls relax. Also is there anything in ur past history u need to tell me?,legitimate,uci_sms_spam
We have pizza if u want,legitimate,uci_sms_spam
"I keep seeing weird shit and bein all ""woah"" then realising it's actually reasonable and I'm all ""oh""",legitimate,uci_sms_spam
Many more happy returns of the day. I wish you happy birthday.,legitimate,uci_sms_spam
Thinking of u ;) x,legitimate,uci_sms_spam
Orh i tot u say she now still dun believe.,legitimate,uci_sms_spam
"When you just put in the + sign, choose my number and the pin will show. Right?",legitimate,uci_sms_spam
The beauty of life is in next second.. which hides thousands of secrets. I wish every second will be wonderful in ur life...!! gud n8,legitimate,uci_sms_spam
Thanx u darlin!im cool thanx. A few bday drinks 2 nite. 2morrow off! Take care c u soon.xxx,legitimate,uci_sms_spam
"If you're still up, maybe leave the credit card so I can get gas when I get back like he told me to",legitimate,uci_sms_spam
Your weekly Cool-Mob tones are ready to download !This weeks new Tones include: 1) Crazy Frog-AXEL F>>> 2) Akon-Lonely>>> 3) Black Eyed-Dont P >>>More info in n,scam,uci_sms_spam
Well boy am I glad G wasted all night at applebees for nothing,legitimate,uci_sms_spam
Cashbin.co.uk (Get lots of cash this weekend!) www.cashbin.co.uk Dear Welcome to the weekend We have got our biggest and best EVER cash give away!! These..,scam,uci_sms_spam
Ok lor... Or u wan me go look 4 u?,legitimate,uci_sms_spam
U wan 2 haf lunch i'm in da canteen now.,legitimate,uci_sms_spam
Don't make life too stressfull.. Always find time to Laugh.. It may not add years to your Life! But surely adds more life to ur years!! Gud ni8..swt dreams..,legitimate,uci_sms_spam
"hey, looks like I was wrong and one of the kappa guys numbers is still on my phone, if you want I can text him and see if he's around",legitimate,uci_sms_spam
Thanks 4 your continued support Your question this week will enter u in2 our draw 4 £100 cash. Name the NEW US President? txt ans to 80082,scam,uci_sms_spam
I'm home. Doc gave me pain meds says everything is fine.,legitimate,uci_sms_spam
It's é only $140 ard...É rest all ard $180 at least...Which is é price 4 é 2 bedrm ($900),legitimate,uci_sms_spam
Me too! Have a lovely night xxx,legitimate,uci_sms_spam
Prepare to be pleasured :),legitimate,uci_sms_spam
Hi.:)technical support.providing assistance to us customer through call and email:),legitimate,uci_sms_spam
if you text on your way to cup stop that should work. And that should be BUS,legitimate,uci_sms_spam
Whens your radio show?,legitimate,uci_sms_spam
Your unique user ID is 1172. For removal send STOP to 87239 customer services 08708034412,scam,uci_sms_spam
I'm not sure if its still available though,legitimate,uci_sms_spam
watever reLation u built up in dis world only thing which remains atlast iz lonlines with lotz n lot memories! feeling..,legitimate,uci_sms_spam
CHEERS LOU! YEAH WAS A GOODNITE SHAME U NEVA CAME! C YA GAILxx,legitimate,uci_sms_spam
Hi..i got the money da:),legitimate,uci_sms_spam
Ok then u tell me wat time u coming later lor.,legitimate,uci_sms_spam
U repeat e instructions again. Wat's e road name of ur house?,legitimate,uci_sms_spam
Quite lor. But dun tell him wait he get complacent...,legitimate,uci_sms_spam
Sorry completely forgot * will pop em round this week if your still here?,legitimate,uci_sms_spam
U R THE MOST BEAUTIFUL GIRL IVE EVER SEEN. U R MY BABY COME AND C ME IN THE COMMON ROOM,legitimate,uci_sms_spam
O we cant see if we can join denis and mina? Or does denis want alone time,legitimate,uci_sms_spam
Sen told that he is going to join his uncle finance in cbe,legitimate,uci_sms_spam
Yup... Hey then one day on fri we can ask miwa and jiayin take leave go karaoke ,legitimate,uci_sms_spam
"Call me, i am senthil from hsbc.",legitimate,uci_sms_spam
"Especially since i talk about boston all up in my personal statement, lol! I woulda changed that if i had realized it said nyc! It says boston now.",legitimate,uci_sms_spam
Indeed and by the way it was either or - not both !,legitimate,uci_sms_spam
"Urgent -call 09066649731from Landline. Your complimentary 4* Ibiza Holiday or £10,000 cash await collection SAE T&Cs PO BOX 434 SK3 8WP 150ppm 18+",scam,uci_sms_spam
Holy living christ what is taking you so long,legitimate,uci_sms_spam
Ü thk of wat to eat tonight.,legitimate,uci_sms_spam
"Thanx. Yup we coming back on sun. Finish dinner going back 2 hotel now. Time flies, we're tog 4 exactly a mth today. Hope we'll haf many more mths to come...",legitimate,uci_sms_spam
We're on the opposite side from where we dropped you off,legitimate,uci_sms_spam
Yup. Izzit still raining heavily cos i'm in e mrt i can't c outside.,legitimate,uci_sms_spam
Send me your resume:-),legitimate,uci_sms_spam
Gd luck 4 ur exams :-),legitimate,uci_sms_spam
Or u ask they all if next sat can a not. If all of them can make it then i'm ok lor.,legitimate,uci_sms_spam
Sorry that was my uncle. I.ll keep in touch,legitimate,uci_sms_spam
Saw Guys and Dolls last night with Patrick Swayze it was great,legitimate,uci_sms_spam
URGENT This is our 2nd attempt to contact U. Your £900 prize from YESTERDAY is still awaiting collection. To claim CALL NOW 09061702893,scam,uci_sms_spam
Santa calling! Would your little ones like a call from Santa Xmas Eve? Call 09077818151 to book you time. Calls1.50ppm last 3mins 30s T&C www.santacalling.com,scam,uci_sms_spam
Just come home. I don't want u to be miserable,legitimate,uci_sms_spam
I dont know why she.s not getting your messages,legitimate,uci_sms_spam
"its cool but tyler had to take off so we're gonna buy for him and drop it off at his place later tonight. Our total order is a quarter, you got enough?",legitimate,uci_sms_spam
"The guy at the car shop who was flirting with me got my phone number from the paperwork and called and texted me. I'm nervous because of course now he may have my address. Should i call his boss and tell him, knowing this may get him fired?",legitimate,uci_sms_spam
How do you plan to manage that,legitimate,uci_sms_spam
"Er, hello, things didn‘t quite go to plan – is limping slowly home followed by aa and with exhaust hanging off",legitimate,uci_sms_spam
Sorry for the delay. Yes masters,legitimate,uci_sms_spam
Call me when u finish then i come n pick u.,legitimate,uci_sms_spam
PRIVATE! Your 2004 Account Statement for 078498****7 shows 786 unredeemed Bonus Points. To claim call 08719180219 Identifier Code: 45239 Expires 06.05.05,scam,uci_sms_spam
What's up my own oga. Left my phone at home and just saw ur messages. Hope you are good. Have a great weekend.,legitimate,uci_sms_spam
"Don't worry though, I understand how important it is that I be put in my place with a poorly thought out punishment in the face of the worst thing that has ever happened to me. Brb gonna go kill myself",legitimate,uci_sms_spam
"Honey, can you pls find out how much they sell Predicte in Nigeria. And how many times can it be used. Its very important to have a reply before monday",legitimate,uci_sms_spam
E admin building there? I might b slightly earlier... I'll call u when i'm reaching...,legitimate,uci_sms_spam
"fyi I'm at usf now, swing by the room whenever",legitimate,uci_sms_spam
i can call in  &lt;#&gt;  min if thats ok,legitimate,uci_sms_spam
Ü no home work to do meh... ,legitimate,uci_sms_spam
Anything is valuable in only 2 situations: First- Before getting it... Second- After loosing it...,legitimate,uci_sms_spam
Me too. Mark is taking forever to pick up my prescription and the pain is coming back.,legitimate,uci_sms_spam
How's ur paper?,legitimate,uci_sms_spam
Got smaller capacity one? Quite ex...,legitimate,uci_sms_spam
Check Out Choose Your Babe Videos @ sms.shsex.netUN fgkslpoPW fgkslpo,scam,uci_sms_spam
Im good! I have been thinking about you...,legitimate,uci_sms_spam
u r a winner U ave been specially selected 2 receive £1000 cash or a 4* holiday (flights inc) speak to a live operator 2 claim 0871277810710p/min (18 ),scam,uci_sms_spam
:-) :-),legitimate,uci_sms_spam
Not thought bout it... || Drink in tap & spile at seven. || Is that pub on gas st off broad st by canal. || Ok?,legitimate,uci_sms_spam
I am going to sleep. I am tired of travel.,legitimate,uci_sms_spam
"Haha, just what I was thinkin",legitimate,uci_sms_spam
Yup but it's not giving me problems now so mayb i'll jus leave it...,legitimate,uci_sms_spam
Lol no. Just trying to make your day a little more interesting,legitimate,uci_sms_spam
"How long before you get reply, just defer admission til next semester",legitimate,uci_sms_spam
"The word ""Checkmate"" in chess comes from the Persian phrase ""Shah Maat"" which means; ""the king is dead.."" Goodmorning.. Have a good day..:)",legitimate,uci_sms_spam
Po de :-):):-):-):-). No need job aha.,legitimate,uci_sms_spam
Rats. Hey did u ever vote for the next themes?,legitimate,uci_sms_spam
"New Mobiles from 2004, MUST GO! Txt: NOKIA to No: 89545 & collect yours today! From ONLY £1. www.4-tc.biz 2optout 087187262701.50gbp/mtmsg18 TXTAUCTION.",scam,uci_sms_spam
I hope your pee burns tonite.,legitimate,uci_sms_spam
"OH RITE. WELL IM WITH MY BEST MATE PETE, WHO I WENT OUT WITH 4 A WEEK+ NOW WERE 2GEVA AGAIN. ITS BEEN LONGER THAN A WEEK.",legitimate,uci_sms_spam
Yay can't wait to party together!,legitimate,uci_sms_spam
....photoshop makes my computer shut down.,legitimate,uci_sms_spam
All boys made fun of me today. Ok i have no problem. I just sent one message just for fun,legitimate,uci_sms_spam
That's one of the issues but california is okay. No snow so its manageable,legitimate,uci_sms_spam
PRIVATE! Your 2003 Account Statement for shows 800 un-redeemed S. I. M. points. Call 08715203652 Identifier Code: 42810 Expires 29/10/0,scam,uci_sms_spam
"Hmmm.... Mayb can try e shoppin area one, but forgot e name of hotel...",legitimate,uci_sms_spam
"Awesome, that gonna be soon or later tonight?",legitimate,uci_sms_spam
I need details about that online job.,legitimate,uci_sms_spam
YOU HAVE WON! As a valued Vodafone customer our computer has picked YOU to win a £150 prize. To collect is easy. Just call 09061743386 ,scam,uci_sms_spam
Missing you too.pray inshah allah,legitimate,uci_sms_spam
Pls help me tell Ashley that i cant find her number oh,legitimate,uci_sms_spam
S.this will increase the chance of winning.,legitimate,uci_sms_spam
either way works for me. I am  &lt;#&gt;  years old. Hope that doesnt bother you.,legitimate,uci_sms_spam
Maybe you should find something else to do instead???,legitimate,uci_sms_spam
Gain the rights of a wife.dont demand it.i am trying as husband too.Lets see,legitimate,uci_sms_spam
I liked your new house,legitimate,uci_sms_spam
I'm fine. Hope you are also,legitimate,uci_sms_spam
"Also north carolina and texas atm, you would just go to the gre site and pay for the test results to be sent.",legitimate,uci_sms_spam
Same to u...,legitimate,uci_sms_spam
yes baby! I need to stretch open your pussy!,legitimate,uci_sms_spam
Thanks  and ! Or bomb and date as my phone wanted to say! ,legitimate,uci_sms_spam
"Hey, a guy I know is breathing down my neck to get him some bud, anyway you'd be able to get a half track to usf tonight?",legitimate,uci_sms_spam
"Response is one of d powerful weapon 2 occupy a place in others 'HEART'... So, always give response 2 who cares 4 U""... Gud night..swt dreams..take care",legitimate,uci_sms_spam
Nokia phone is lovly..,legitimate,uci_sms_spam
**FREE MESSAGE**Thanks for using the Auction Subscription Service. 18 . 150p/MSGRCVD 2 Skip an Auction txt OUT. 2 Unsubscribe txt STOP CustomerCare 08718726270,scam,uci_sms_spam
Sorry da..today i wont come to play..i have driving clas..,legitimate,uci_sms_spam
I'm really sorry I lit your hair on fire,legitimate,uci_sms_spam
"Oh! Shit, I thought that was your trip! Loooooool ... That just makes SO much more sense now ... *grins* and the sofa reference was ... The ""sleep on a couch"" link you sent me ... Wasn't that how you went on your trip ? Oh ... And didn't your babe go with you for that celebration with your rents?",legitimate,uci_sms_spam
Okey dokey swashbuckling stuff what oh.,legitimate,uci_sms_spam
1. Tension face 2. Smiling face 3. Waste face 4. Innocent face 5.Terror face 6.Cruel face 7.Romantic face 8.Lovable face 9.decent face  &lt;#&gt; .joker face.,legitimate,uci_sms_spam
Dip's cell dead. So i m coming with him. U better respond else we shall come back.,legitimate,uci_sms_spam
Well. You know what i mean. Texting,legitimate,uci_sms_spam
Hi dis is yijue i would be happy to work wif ü all for gek1510...,legitimate,uci_sms_spam
Lol! Oops sorry! Have fun. ,legitimate,uci_sms_spam
Wat happened to the cruise thing,legitimate,uci_sms_spam
"I know dat feelin had it with Pete! Wuld get with em , nuther place nuther time mayb?",legitimate,uci_sms_spam
lyricalladie(21/F) is inviting you to be her friend. Reply YES-910 or NO-910. See her: www.SMS.ac/u/hmmross STOP? Send STOP FRND to 62468,scam,uci_sms_spam
The world's most happiest frnds never have the same characters... Dey just have the best understanding of their differences...,legitimate,uci_sms_spam
Yeah just open chat and click friend lists. Then make the list. Easy as pie,legitimate,uci_sms_spam
alright tyler's got a minor crisis and has to be home sooner than he thought so be here asap,legitimate,uci_sms_spam
When/where do I pick you up,legitimate,uci_sms_spam
As usual u can call me ard 10 smth.,legitimate,uci_sms_spam
For many things its an antibiotic and it can be used for chest abdomen and gynae infections even bone infections.,legitimate,uci_sms_spam
Poor girl can't go one day lmao,legitimate,uci_sms_spam
Or just do that 6times,legitimate,uci_sms_spam
You have to pls make a note of all she.s exposed to. Also find out from her school if anyone else was vomiting. Is there a dog or cat in the house? Let me know later.,legitimate,uci_sms_spam
Sounds like there could be a lot of time spent in that chastity device boy ... *grins* ... Or take your beatings like a good dog. Going to lounge in a nice long bath now ?,legitimate,uci_sms_spam
Its worse if if uses half way then stops. Its better for him to complete it.,legitimate,uci_sms_spam
Miserable. They don't tell u that the side effects of birth control are massive gut wrenching cramps for the first 2 months. I didn't sleep at all last night.,legitimate,uci_sms_spam
Send me the new number,legitimate,uci_sms_spam
Want the latest Video handset? 750 anytime any network mins? Half price line rental? Reply or call 08000930705 for delivery tomorrow,scam,uci_sms_spam
2 and half years i missed your friendship:-),legitimate,uci_sms_spam
Oh for fuck's sake she's in like tallahassee,legitimate,uci_sms_spam
"Haha, that was the first person I was gonna ask",legitimate,uci_sms_spam
"ou are guaranteed the latest Nokia Phone, a 40GB iPod MP3 player or a £500 prize! Txt word: COLLECT to No: 83355! IBHltd LdnW15H 150p/Mtmsgrcvd18",scam,uci_sms_spam
Taka lor. Wat time u wan 2 come n look 4 us?,legitimate,uci_sms_spam
* FREE* POLYPHONIC RINGTONE Text SUPER to 87131 to get your FREE POLY TONE of the week now! 16 SN PoBox202 NR31 7ZS subscription 450pw,scam,uci_sms_spam
I;m reaching in another 2 stops.,legitimate,uci_sms_spam
"no, i *didn't* mean to post it. I wrote it, and like so many other times i've ritten stuff to you, i let it sit there. it WAS what i was feeling at the time. I was angry. Before i left, i hit send, then stop. It wasn't there. I checked on my phone when i got to my car. It wasn't there. You said you didn't sleep, you were bored. So why wouldn't THAT be the time to clean, fold laundry, etc.? At least make the bed?",legitimate,uci_sms_spam
Warner Village 83118 C Colin Farrell in SWAT this wkend @Warner Village & get 1 free med. Popcorn!Just show msg+ticket@kiosk.Valid 4-7/12. C t&c @kiosk. Reply SONY 4 mre film offers,scam,uci_sms_spam
Will you come online today night,legitimate,uci_sms_spam
Then anything special?,legitimate,uci_sms_spam
"I'm in solihull, | do you want anything?",legitimate,uci_sms_spam
Will do. Have a good day,legitimate,uci_sms_spam
WE REGRET TO INFORM U THAT THE NHS HAS MADE A MISTAKE.U WERE NEVER ACTUALLY BORN.PLEASE REPORT 2 YOR LOCAL HOSPITAL 2B TERMINATED.WE R SORRY 4 THE INCONVENIENCE,legitimate,uci_sms_spam
Love that holiday Monday feeling even if I have to go to the dentists in an hour,legitimate,uci_sms_spam
I am on the way to tirupur.,legitimate,uci_sms_spam
"Goal! Arsenal 4 (Henry, 7 v Liverpool 2 Henry scores with a simple shot from 6 yards from a pass by Bergkamp to give Arsenal a 2 goal margin after 78 mins.",scam,uci_sms_spam
You've already got a flaky parent. It'snot supposed to be the child's job to support the parent...not until they're The Ride age anyway. I'm supposed to be there to support you. And now i've hurt you. unintentional. But hurt nonetheless.,legitimate,uci_sms_spam
We took hooch for a walk toaday and i fell over! Splat! Grazed my knees and everything! Should have stayed at home! See you tomorrow! ,legitimate,uci_sms_spam
"Just dropped em off, omw back now",legitimate,uci_sms_spam
Sitting in mu waiting for everyone to get out of my suite so I can take a shower,legitimate,uci_sms_spam
Re your call; You didn't see my facebook huh?,legitimate,uci_sms_spam
"G says you never answer your texts, confirm/deny",legitimate,uci_sms_spam
"Its so common hearin How r u? Wat r u doing? How was ur day? So let me ask u something different. Did u smile today? If not, do it now.... Gud evng.",legitimate,uci_sms_spam
Oh yah... We never cancel leh... Haha ,legitimate,uci_sms_spam
We can go 4 e normal pilates after our intro...  ,legitimate,uci_sms_spam
Ok... Let u noe when i leave my house.,legitimate,uci_sms_spam
"Oh yes, why is it like torture watching england?",legitimate,uci_sms_spam
Wanna do some art?! :D,legitimate,uci_sms_spam
Just hopeing that wasn‘t too pissed up to remember and has gone off to his sisters or something!,legitimate,uci_sms_spam
"Hi, the SEXYCHAT girls are waiting for you to text them. Text now for a great night chatting. send STOP to stop this service",scam,uci_sms_spam
"Good morning, my boytoy! How's those yummy lips ? Where's my sexy buns now ? What do you do ? Do you think of me ? Do you crave me ? Do you need me ?",legitimate,uci_sms_spam
Match started.india  &lt;#&gt;  for 2,legitimate,uci_sms_spam
Once free call me sir.,legitimate,uci_sms_spam
Hey do you want anything to buy:),legitimate,uci_sms_spam
"Hey babe, how's it going ? Did you ever figure out where your going for New Years ?",legitimate,uci_sms_spam
K..k.:)congratulation ..,legitimate,uci_sms_spam
G wants to know where the fuck you are,legitimate,uci_sms_spam
No it was cancelled yeah baby! Well that sounds important so i understand my darlin give me a ring later on this fone love Kate x,legitimate,uci_sms_spam
Tomarrow i want to got to court. At  &lt;DECIMAL&gt; . So you come to bus stand at 9.,legitimate,uci_sms_spam
Ü go home liao? Ask dad to pick me up at 6...,legitimate,uci_sms_spam
Omg you can make a wedding chapel in frontierville? Why do they get all the good stuff?,legitimate,uci_sms_spam
"I'm eatin now lor, but goin back to work soon... E mountain deer show huh... I watch b4 liao, very nice...",legitimate,uci_sms_spam
Check mail.i have mailed varma and kept copy to you regarding membership.take care.insha allah.,legitimate,uci_sms_spam
Wrong phone! This phone! I answer this one but assume the other is people i don't well,legitimate,uci_sms_spam
"Anyway I don't think I can secure anything up here, lemme know if you want me to drive down south and chill",legitimate,uci_sms_spam
I'm already back home so no probably not,legitimate,uci_sms_spam
"Hi this is Amy, we will be sending you a free phone number in a couple of days, which will give you an access to all the adult parties...",scam,uci_sms_spam
I am in bus on the way to calicut,legitimate,uci_sms_spam
Hi its me you are probably having too much fun to get this message but i thought id txt u cos im bored! and james has been farting at me all night,legitimate,uci_sms_spam
hi baby im sat on the bloody bus at the mo and i wont be home until about 7:30 wanna do somethin later? call me later ortxt back jess xx,legitimate,uci_sms_spam
"Welcome to Select, an O2 service with added benefits. You can now call our specially trained advisors FREE from your mobile by dialling 402.",scam,uci_sms_spam
I lost 4 pounds since my doc visit last week woot woot! Now I'm gonna celebrate by stuffing my face!,legitimate,uci_sms_spam
U coming back 4 dinner rite? Dad ask me so i re confirm wif u...,legitimate,uci_sms_spam
Doing my masters. When will you buy a bb cos i have for sale and how's bf,legitimate,uci_sms_spam
"Ahhhh...just woken up!had a bad dream about u tho,so i dont like u right now :) i didnt know anything about comedy night but i guess im up for it.",legitimate,uci_sms_spam
I'm vivek:)i got call from your number.,legitimate,uci_sms_spam
Why didn't u call on your lunch?,legitimate,uci_sms_spam
"What i mean was i left too early to check, cos i'm working a 9-6.",legitimate,uci_sms_spam
I want  &lt;#&gt;  rs da:)do you have it?,legitimate,uci_sms_spam
I want to see your pretty pussy...,legitimate,uci_sms_spam
Dear Voucher holder Have your next meal on us. Use the following link on your pc 2 enjoy a 2 4 1 dining experiencehttp://www.vouch4me.com/etlp/dining.asp,scam,uci_sms_spam
"A few people are at the game, I'm at the mall with iouri and kaila",legitimate,uci_sms_spam
URGENT! We are trying to contact U. Todays draw shows that you have won a £2000 prize GUARANTEED. Call 09058094507 from land line. Claim 3030. Valid 12hrs only,scam,uci_sms_spam
You can donate £2.50 to UNICEF's Asian Tsunami disaster support fund by texting DONATE to 864233. £2.50 will be added to your next bill,scam,uci_sms_spam
Future is not what we planned for tomorrow.....! it is the result of what we do today...! Do the best in present... enjoy the future.,legitimate,uci_sms_spam
I will cme i want to go to hos 2morow. After that i wil cme. This what i got from her dear what to do. She didnt say any time,legitimate,uci_sms_spam
We are supposed to meet to discuss abt our trip... Thought xuhui told you? In the afternoon. Thought we can go for lesson after that,legitimate,uci_sms_spam
Hey come online! Use msn... We are all there,legitimate,uci_sms_spam
I'm fine. Hope you are good. Do take care.,legitimate,uci_sms_spam
Oops I was in the shower when u called. Hey a parking garage collapsed at university hospital. See I'm not crazy. Stuff like that DOES happen.,legitimate,uci_sms_spam
Aiyo u so poor thing... Then u dun wan 2 eat? U bathe already?,legitimate,uci_sms_spam
Yar... I tot u knew dis would happen long ago already.,legitimate,uci_sms_spam
You are gorgeous! keep those pix cumming :) thank you!,legitimate,uci_sms_spam
JADE ITS PAUL. Y DIDNT U TXT ME? DO U REMEMBER ME FROM BARMED? I WANT 2 TALK 2 U! TXT ME,legitimate,uci_sms_spam
Spending new years with my brother and his family. Lets plan to meet next week. Are you ready to be spoiled? :),legitimate,uci_sms_spam
So what u doing today?,legitimate,uci_sms_spam
I said its okay. Sorry,legitimate,uci_sms_spam
Slept? I thinkThis time ( &lt;#&gt;  pm) is not dangerous,legitimate,uci_sms_spam
Networking job is there.,legitimate,uci_sms_spam
goldviking (29/M) is inviting you to be his friend. Reply YES-762 or NO-762 See him: www.SMS.ac/u/goldviking STOP? Send STOP FRND to 62468,scam,uci_sms_spam
Dont let studying stress you out. L8r.,legitimate,uci_sms_spam
That's y u haf 2 keep me busy...,legitimate,uci_sms_spam
No rushing. I'm not working. I'm in school so if we rush we go hungry.,legitimate,uci_sms_spam
Which channel:-):-):):-).,legitimate,uci_sms_spam
So your telling me I coulda been your real Valentine and I wasn't? U never pick me for NOTHING!!,legitimate,uci_sms_spam
Phony £350 award - Todays Voda numbers ending XXXX are selected to receive a £350 award. If you have a match please call 08712300220 quoting claim code 3100 standard rates app,scam,uci_sms_spam
"We made it! Eta at taunton is 12:30 as planned, hope that‘s still okday?! Good to see you! :-xx",legitimate,uci_sms_spam
I'm hungry buy smth home...,legitimate,uci_sms_spam
"HEY KATE, HOPE UR OK... WILL GIVE U A BUZ WEDLUNCH. GO OUTSOMEWHERE 4 ADRINK IN TOWN..CUD GO 2WATERSHD 4 A BIT? PPL FROMWRK WILL BTHERE. LOVE PETEXXX.",legitimate,uci_sms_spam
My drive can only be read. I need to write,legitimate,uci_sms_spam
"Just looked it up and addie goes back Monday, sucks to be her",legitimate,uci_sms_spam
Happy new year. Hope you are having a good semester,legitimate,uci_sms_spam
Esplanade lor. Where else...,legitimate,uci_sms_spam
Can you talk with me..,legitimate,uci_sms_spam
"Hmph. Go head, big baller.",legitimate,uci_sms_spam
Well its not like you actually called someone a punto. That woulda been worse.,legitimate,uci_sms_spam
"Nope. Since ayo travelled, he has forgotten his guy",legitimate,uci_sms_spam
You still around? Looking to pick up later,legitimate,uci_sms_spam
CDs 4u: Congratulations ur awarded £500 of CD gift vouchers or £125 gift guaranteed & Freeentry 2 £100 wkly draw xt MUSIC to 87066 TnCs www.ldew.com1win150ppmx3age16 ,scam,uci_sms_spam
There's someone here that has a year  &lt;#&gt;  toyota camry like mr olayiwola's own. Mileage is  &lt;#&gt; k.its clean but i need to know how much will it sell for. If i can raise the dough for it how soon after landing will it sell. Holla back.,legitimate,uci_sms_spam
Guess which pub im in? Im as happy as a pig in clover or whatever the saying is! ,legitimate,uci_sms_spam
ILL B DOWN SOON,legitimate,uci_sms_spam
Oh k. . I will come tomorrow,legitimate,uci_sms_spam
Go fool dont cheat others ok,legitimate,uci_sms_spam
"My mobile number.pls sms ur mail id.convey regards to achan,amma.Rakhesh.Qatar",legitimate,uci_sms_spam
"By the way, 'rencontre' is to meet again. Mountains dont....",legitimate,uci_sms_spam
You have WON a guaranteed £1000 cash or a £2000 prize. To claim yr prize call our customer service representative on 08714712412 between 10am-7pm Cost 10p,scam,uci_sms_spam
U attend ur driving lesson how many times a wk n which day?,legitimate,uci_sms_spam
"Uncle G, just checking up on you. Do have a rewarding month",legitimate,uci_sms_spam
Hello boytoy ! Geeee ... I'm missing you today. I like to send you a tm and remind you I'm thinking of you ... And you are loved ... *loving kiss*,legitimate,uci_sms_spam
I think the other two still need to get cash but we can def be ready by 9,legitimate,uci_sms_spam
Hey gals...U all wanna meet 4 dinner at nìte? ,legitimate,uci_sms_spam
Dear 0776xxxxxxx U've been invited to XCHAT. This is our final attempt to contact u! Txt CHAT to 86688 150p/MsgrcvdHG/Suite342/2Lands/Row/W1J6HL LDN 18yrs,scam,uci_sms_spam
Babe ! What are you doing ? Where are you ? Who are you talking to ? Do you think of me ? Are you being a good boy? Are you missing me? Do you love me ?,legitimate,uci_sms_spam
Great! How is the office today?,legitimate,uci_sms_spam
"It's cool, we can last a little while. Getting more any time soon?",legitimate,uci_sms_spam
:-( sad puppy noise,legitimate,uci_sms_spam
Yes its possible but dint try. Pls dont tell to any one k,legitimate,uci_sms_spam
Anyway holla at me whenever you're around because I need an excuse to go creep on people in sarasota,legitimate,uci_sms_spam
Where you. What happen,legitimate,uci_sms_spam
I was gonna ask you lol but i think its at 7,legitimate,uci_sms_spam
Ur cash-balance is currently 500 pounds - to maximize ur cash-in now send GO to 86688 only 150p/meg. CC: 08718720201 HG/Suite342/2lands Row/W1j6HL,scam,uci_sms_spam
PRIVATE! Your 2003 Account Statement for shows 800 un-redeemed S.I.M. points. Call 08715203685 Identifier Code:4xx26 Expires 13/10/04,scam,uci_sms_spam
Go chase after her and run her over while she's crossing the street,legitimate,uci_sms_spam
I'd like to tell you my deepest darkest fantasies. Call me 09094646631 just 60p/min. To stop texts call 08712460324 (nat rate),scam,uci_sms_spam
Hey... Very inconvenient for your sis a not huh?,legitimate,uci_sms_spam
Ok i vl..do u know i got adsense approved..,legitimate,uci_sms_spam
"* Was really good to see you the other day dudette, been missing you!",legitimate,uci_sms_spam
I want to go to perumbavoor,legitimate,uci_sms_spam
How many times i told in the stage all use to laugh. You not listen aha.,legitimate,uci_sms_spam
(You didn't hear it from me),legitimate,uci_sms_spam
Thanks for being there for me just to talk to on saturday. You are very dear to me. I cherish having you as a brother and role model.,legitimate,uci_sms_spam
Pls clarify back if an open return ticket that i have can be preponed for me to go back to kerala.,legitimate,uci_sms_spam
Natalie (20/F) is inviting you to be her friend. Reply YES-165 or NO-165 See her: www.SMS.ac/u/natalie2k9 STOP? Send STOP FRND to 62468,scam,uci_sms_spam
She ran off with a younger man. we will make pretty babies together :),legitimate,uci_sms_spam
Jamster! To get your free wallpaper text HEART to 88888 now! T&C apply. 16 only. Need Help? Call 08701213186.,scam,uci_sms_spam
O ic lol. Should play 9 doors sometime yo,legitimate,uci_sms_spam
"Dunno, my dad said he coming home 2 bring us out 4 lunch. Yup i go w u lor. I call u when i reach school lor...",legitimate,uci_sms_spam
Desires- u going to doctor 4 liver. And get a bit stylish. Get ur hair managed. Thats it.,legitimate,uci_sms_spam
Hmmm.still we dont have opener?,legitimate,uci_sms_spam
Yeah so basically any time next week you can get away from your mom &amp; get up before 3,legitimate,uci_sms_spam
I will vote for wherever my heart guides me,legitimate,uci_sms_spam
With my sis lor... We juz watched italian job.,legitimate,uci_sms_spam
"Tick, tick, tick .... Where are you ? I could die of loneliness you know ! *pouts* *stomps feet* I need you ...",legitimate,uci_sms_spam
Lmao you know me so well...,legitimate,uci_sms_spam
Am on a train back from northampton so i'm afraid not! I'm staying skyving off today ho ho! Will be around wednesday though. Do you fancy the comedy club this week by the way?,legitimate,uci_sms_spam
Goodnight da thangam I really miss u dear.,legitimate,uci_sms_spam
Hey next sun 1030 there's a basic yoga course... at bugis... We can go for that... Pilates intro next sat.... Tell me what time you r free,legitimate,uci_sms_spam
"Geeeee ... Your internet is really bad today, eh ?",legitimate,uci_sms_spam
Free video camera phones with Half Price line rental for 12 mths and 500 cross ntwk mins 100 txts. Call MobileUpd8 08001950382 or Call2OptOut/674,scam,uci_sms_spam
I think i am disturbing her da,legitimate,uci_sms_spam
"Sorry, I'll call you  later. I am in meeting sir.",legitimate,uci_sms_spam
Havent stuck at orchard in my dad's car. Going 4 dinner now. U leh? So r they free tonight?,legitimate,uci_sms_spam
Ok i also wan 2 watch e 9 pm show...,legitimate,uci_sms_spam
I dunno lei... Like dun haf...,legitimate,uci_sms_spam
But your brother transfered only  &lt;#&gt;  +  &lt;#&gt; . Pa.,legitimate,uci_sms_spam
I calls you later. Afternoon onwords mtnl service get problem in south mumbai. I can hear you but you cann't listen me.,legitimate,uci_sms_spam
83039 62735=£450 UK Break AccommodationVouchers terms & conditions apply. 2 claim you mustprovide your claim number which is 15541 ,scam,uci_sms_spam
Talk to g and x about that,legitimate,uci_sms_spam
Hai dear friends... This is my new &amp; present number..:) By Rajitha Raj (Ranju),legitimate,uci_sms_spam
5p 4 alfie Moon's Children in need song on ur mob. Tell ur m8s. Txt Tone charity to 8007 for Nokias or Poly charity for polys: zed 08701417012 profit 2 charity.,scam,uci_sms_spam
As in different styles?,legitimate,uci_sms_spam
WIN a £200 Shopping spree every WEEK Starting NOW. 2 play text STORE to 88039. SkilGme. TsCs08714740323 1Winawk! age16 £1.50perweeksub.,scam,uci_sms_spam
Gud ni8 dear..slp well..take care..swt dreams..Muah..,legitimate,uci_sms_spam
"This is the 2nd attempt to contract U, you have won this weeks top prize of either £1000 cash or £200 prize. Just call 09066361921",scam,uci_sms_spam
"Well, i'm glad you didn't find it totally disagreeable ... Lol",legitimate,uci_sms_spam
"Guy, no flash me now. If you go call me, call me. How madam. Take care oh.",legitimate,uci_sms_spam
Do you want a New Nokia 3510i colour phone DeliveredTomorrow? With 300 free minutes to any mobile + 100 free texts + Free Camcorder reply or call 08000930705.,scam,uci_sms_spam
Mark works tomorrow. He gets out at 5. His work is by your house so he can meet u afterwards.,legitimate,uci_sms_spam
"Keep ur problems in ur heart, b'coz nobody will fight for u. Only u &amp; u have to fight for ur self &amp; win the battle. -VIVEKANAND- G 9t.. SD..
ham	Yeah, give me a call if you've got a minute
ham	HI BABE UAWAKE?FEELLIKW SHIT.JUSTFOUND OUT VIA ALETTER THATMUM GOTMARRIED 4thNOV.BEHIND OURBACKS  FUCKINNICE!SELFISH,DEVIOUSBITCH.ANYWAY,IL CALL U""",legitimate,uci_sms_spam
Amazing : If you rearrange these letters it gives the same meaning... Dormitory = Dirty room Astronomer = Moon starer The eyes = They see Election results = Lies lets recount Mother-in-law = Woman Hitler Eleven plus two =Twelve plus one Its Amazing... !:-),legitimate,uci_sms_spam
Aiya we discuss later lar... Pick ü up at 4 is it?,legitimate,uci_sms_spam
Hey happy birthday...,legitimate,uci_sms_spam
Sorry i missed your call. Can you please call back.,legitimate,uci_sms_spam
Omg if its not one thing its another. My cat has worms :/ when does this bad day end?,legitimate,uci_sms_spam
"Good morning, im suffering from fever and dysentry ..will not be able to come to office today.",legitimate,uci_sms_spam
I wont do anything de.,legitimate,uci_sms_spam
What type of stuff do you sing?,legitimate,uci_sms_spam
"St andre, virgil's cream",legitimate,uci_sms_spam
"My fri ah... Okie lor,goin 4 my drivin den go shoppin after tt...",legitimate,uci_sms_spam
Gokila is talking with you aha:),legitimate,uci_sms_spam
"Hi Shanil,Rakhesh here.thanks,i have exchanged the uncut diamond stuff.leaving back. Excellent service by Dino and Prem.",legitimate,uci_sms_spam
K.k.this month kotees birthday know?,legitimate,uci_sms_spam
But i'm really really broke oh. No amount is too small even  &lt;#&gt; ,legitimate,uci_sms_spam
Sorry about that this is my mates phone and i didnt write it love Kate,legitimate,uci_sms_spam
"TheMob>Hit the link to get a premium Pink Panther game, the new no. 1 from Sugababes, a crazy Zebra animation or a badass Hoody wallpaper-all 4 FREE!",scam,uci_sms_spam
"Ah, well that confuses things, doesnt it? I thought was friends with now. Maybe i did the wrong thing but i already sort of invited -tho he may not come cos of money.",legitimate,uci_sms_spam
"Aight, call me once you're close",legitimate,uci_sms_spam
Nope thats fine. I might have a nap tho! ,legitimate,uci_sms_spam
This msg is for your mobile content order It has been resent as previous attempt failed due to network error Queries to customersqueries@netvision.uk.com,scam,uci_sms_spam
In other news after hassling me to get him weed for a week andres has no money. HAUGHAIGHGTUJHYGUJ,legitimate,uci_sms_spam
Ding me on ya break fassyole! Blacko from londn,legitimate,uci_sms_spam
I REALLY NEED 2 KISS U I MISS U MY BABY FROM UR BABY 4EVA,legitimate,uci_sms_spam
Oh you got many responsibilities.,legitimate,uci_sms_spam
You have 1 new message. Please call 08715205273,scam,uci_sms_spam
I've reached sch already...,legitimate,uci_sms_spam
December only! Had your mobile 11mths+? You are entitled to update to the latest colour camera mobile for Free! Call The Mobile Update VCo FREE on 08002986906 ,scam,uci_sms_spam
U definitely need a module from e humanities dis sem izzit? U wan 2 take other modules 1st?,legitimate,uci_sms_spam
Argh why the fuck is nobody in town ;_;,legitimate,uci_sms_spam
"Get 3 Lions England tone, reply lionm 4 mono or lionp 4 poly. 4 more go 2 www.ringtones.co.uk, the original n best. Tones 3GBP network operator rates apply.",scam,uci_sms_spam
Thanks. Fills me with complete calm and reassurance! ,legitimate,uci_sms_spam
Aslamalaikkum....insha allah tohar beeen muht albi mufti mahfuuz...meaning same here....,legitimate,uci_sms_spam
Are you driving or training?,legitimate,uci_sms_spam
Lol for real. She told my dad I have cancer,legitimate,uci_sms_spam
PRIVATE! Your 2003 Account Statement for 078,scam,uci_sms_spam
"Oops I did have it,  &lt;#&gt; ?",legitimate,uci_sms_spam
NOT ENUFCREDEIT TOCALL.SHALL ILEAVE UNI AT 6 +GET A BUS TO YOR HOUSE?,legitimate,uci_sms_spam
"Hi Chikku, send some nice msgs",legitimate,uci_sms_spam
"He is impossible to argue with and he always treats me like his sub, like he never released me ... Which he did and I will remind him of that if necessary",legitimate,uci_sms_spam
"After my work ah... Den 6 plus lor... U workin oso rite... Den go orchard lor, no other place to go liao...",legitimate,uci_sms_spam
"To the wonderful Okors, have a great month. We cherish you guys and wish you well each day. MojiBiola",legitimate,uci_sms_spam
Cuz ibored. And don wanna study,legitimate,uci_sms_spam
Wot about on wed nite I am 3 then but only til 9!,legitimate,uci_sms_spam
Any way where are you and what doing.,legitimate,uci_sms_spam
That sucks. I'll go over so u can do my hair. You'll do it free right?,legitimate,uci_sms_spam
it's still not working. And this time i also tried adding zeros. That was the savings. The checking is  &lt;#&gt; ,legitimate,uci_sms_spam
"Hmm... Dunno leh, mayb a bag 4 goigng out dat is not too small. Or jus anything except perfume, smth dat i can keep.",legitimate,uci_sms_spam
Sday only joined.so training we started today:),legitimate,uci_sms_spam
Sorry * was at the grocers.,legitimate,uci_sms_spam
There are some nice pubs near here or there is Frankie n Bennys near the warner cinema?,legitimate,uci_sms_spam
"YOU VE WON! Your 4* Costa Del Sol Holiday or £5000 await collection. Call 09050090044 Now toClaim. SAE, TC s, POBox334, Stockport, SK38xh, Cost£1.50/pm, Max10mins",scam,uci_sms_spam
Yup... I havent been there before... You want to go for the yoga? I can call up to book ,legitimate,uci_sms_spam
Oh shut it. Omg yesterday I had a dream that I had 2 kids both boys. I was so pissed. Not only about the kids but them being boys. I even told mark in my dream that he was changing diapers cause I'm not getting owed in the face.,legitimate,uci_sms_spam
Yeah I imagine he would be really gentle. Unlike the other docs who treat their patients like turkeys.,legitimate,uci_sms_spam
Now that you have started dont stop. Just pray for more good ideas and anything i see that can help you guys i.ll forward you a link.,legitimate,uci_sms_spam
Hi darlin im on helens fone im gonna b up the princes 2 nite please come up tb love Kate,legitimate,uci_sms_spam
I'm in office now da:)where are you?,legitimate,uci_sms_spam
Aiyar u so poor thing... I give u my support k... Jia you! I'll think of u...,legitimate,uci_sms_spam
Oh unintentionally not bad timing. Great. Fingers  the trains play along! Will give fifteen min warning.,legitimate,uci_sms_spam
Get your garden ready for summer with a FREE selection of summer bulbs and seeds worth £33:50 only with The Scotsman this Saturday. To stop go2 notxt.co.uk,scam,uci_sms_spam
K..then come wenever u lik to come and also tel vikky to come by getting free time..:-),legitimate,uci_sms_spam
Pls call me da. What happen.,legitimate,uci_sms_spam
"Happy new year to u and ur family...may this new year bring happiness , stability and tranquility to ur vibrant colourful life:):)",legitimate,uci_sms_spam
No problem with the renewal. I.ll do it right away but i dont know his details.,legitimate,uci_sms_spam
Idk. I'm sitting here in a stop and shop parking lot right now bawling my eyes out because i feel like i'm a failure in everything. Nobody wants me and now i feel like i'm failing you.,legitimate,uci_sms_spam
Haven't left yet so probably gonna be here til dinner,legitimate,uci_sms_spam
"Like  &lt;#&gt; , same question",legitimate,uci_sms_spam
MY NEW YEARS EVE WAS OK. I WENT TO A PARTY WITH MY BOYFRIEND. WHO IS THIS SI THEN HEY,legitimate,uci_sms_spam
"Sir, I need Velusamy sir's date of birth and company bank facilities details.",legitimate,uci_sms_spam
K k:) sms chat with me.,legitimate,uci_sms_spam
I will come with karnan car. Please wait till 6pm will directly goto doctor.,legitimate,uci_sms_spam
No but the bluray player can,legitimate,uci_sms_spam
Ok... Then r we meeting later?,legitimate,uci_sms_spam
Lol no. I just need to cash in my nitros. Hurry come on before I crash out!,legitimate,uci_sms_spam
Just send a text. We'll skype later.,legitimate,uci_sms_spam
Ok leave no need to ask,legitimate,uci_sms_spam
Ü still got lessons?  Ü in sch?,legitimate,uci_sms_spam
Y she dun believe leh? I tot i told her it's true already. I thk she muz c us tog then she believe.,legitimate,uci_sms_spam
Oh did you charge camera,legitimate,uci_sms_spam
"I‘ve got some salt, you can rub it in my open wounds if you like!",legitimate,uci_sms_spam
Now i'm going for lunch.,legitimate,uci_sms_spam
I'm in school now n i'll be in da lab doing some stuff give me a call when ü r done.,legitimate,uci_sms_spam
"Aight, text me tonight and we'll see what's up",legitimate,uci_sms_spam
U 2.,legitimate,uci_sms_spam
Water logging in desert. Geoenvironmental implications.,legitimate,uci_sms_spam
"Very strange.  and  are watching the 2nd one now but i'm in bed. Sweet dreams, miss u ",legitimate,uci_sms_spam
SMS AUCTION - A BRAND NEW Nokia 7250 is up 4 auction today! Auction is FREE 2 join & take part! Txt NOKIA to 86021 now!,scam,uci_sms_spam
"Hi hope u r both ok, he said he would text and he hasn't, have u seen him, let me down gently please ",legitimate,uci_sms_spam
"Babe! I fucking love you too !! You know? Fuck it was so good to hear your voice. I so need that. I crave it. I can't get enough. I adore you, Ahmad *kisses*",legitimate,uci_sms_spam
K sure am in my relatives home. Sms me de. Pls:-),legitimate,uci_sms_spam
"Fuuuuck I need to stop sleepin, sup",legitimate,uci_sms_spam
I'm in town now so i'll jus take mrt down later.,legitimate,uci_sms_spam
I just cooked a rather nice salmon a la you,legitimate,uci_sms_spam
I uploaded mine to Facebook,legitimate,uci_sms_spam
WHAT TIME U WRKIN?,legitimate,uci_sms_spam
ree entry in 2 a weekly comp for a chance to win an ipod. Txt POD to 80182 to get entry (std txt rate) T&C's apply 08452810073 for details 18+,scam,uci_sms_spam
Our records indicate u maybe entitled to 5000 pounds in compensation for the Accident you had. To claim 4 free reply with CLAIM to this msg. 2 stop txt STOP,scam,uci_sms_spam
Oh oh... Den muz change plan liao... Go back have to yan jiu again...,legitimate,uci_sms_spam
"It's wylie, you in tampa or sarasota?",legitimate,uci_sms_spam
Ok... Take ur time n enjoy ur dinner...,legitimate,uci_sms_spam
Darren was saying dat if u meeting da ge den we dun meet 4 dinner. Cos later u leave xy will feel awkward. Den u meet him 4 lunch lor.,legitimate,uci_sms_spam
"Spook up your mob with a Halloween collection of a logo & pic message plus a free eerie tone, txt CARD SPOOK to 8007 zed 08701417012150p per logo/pic ",scam,uci_sms_spam
I like cheap! But i‘m happy to splash out on the wine if it makes you feel better..,legitimate,uci_sms_spam
She.s fine. I have had difficulties with her phone. It works with mine. Can you pls send her another friend request.,legitimate,uci_sms_spam
Ugh my leg hurts. Musta overdid it on mon.,legitimate,uci_sms_spam
Call Germany for only 1 pence per minute! Call from a fixed line via access number 0844 861 85 85. No prepayment. Direct access! www.telediscount.co.uk,scam,uci_sms_spam
WOT STUDENT DISCOUNT CAN U GET ON BOOKS?,legitimate,uci_sms_spam
How come she can get it? Should b quite diff to guess rite...,legitimate,uci_sms_spam
Had your mobile 11mths ? Update for FREE to Oranges latest colour camera mobiles & unlimited weekend calls. Call Mobile Upd8 on freefone 08000839402 or 2StopTxt,scam,uci_sms_spam
"Babe, I'm answering you, can't you see me ? Maybe you'd better reboot YM ... I got the photo ... It's great !",legitimate,uci_sms_spam
Hi.what you think about match?,legitimate,uci_sms_spam
"I know you are thinkin malaria. But relax, children cant handle malaria. She would have been worse and its gastroenteritis. If she takes enough to replace her loss her temp will reduce. And if you give her malaria meds now she will just vomit. Its a self limiting illness she has which means in a few days it will completely stop",legitimate,uci_sms_spam
Dai i downloaded but there is only exe file which i can only run that exe after installing.,legitimate,uci_sms_spam
It is only yesterday true true.,legitimate,uci_sms_spam
K.k.how is your business now?,legitimate,uci_sms_spam
3 pa but not selected.,legitimate,uci_sms_spam
Well thats nice. Too bad i cant eat it,legitimate,uci_sms_spam
I accidentally brought em home in the box,legitimate,uci_sms_spam
Pls she needs to dat slowly or she will vomit more.,legitimate,uci_sms_spam
I have to take exam with in march 3,legitimate,uci_sms_spam
"Jane babes not goin 2 wrk, feel ill after lst nite. Foned in already cover 4 me chuck.:-)",legitimate,uci_sms_spam
5 nights...We nt staying at port step liao...Too ex,legitimate,uci_sms_spam
If I die I want u to have all my stuffs.,legitimate,uci_sms_spam
OH FUCK. JUSWOKE UP IN A BED ON A BOATIN THE DOCKS. SLEPT WID 25 YEAR OLD. SPINOUT! GIV U DA GOSSIP L8R. XXX,legitimate,uci_sms_spam
I re-met alex nichols from middle school and it turns out he's dealing!,legitimate,uci_sms_spam
PRIVATE! Your 2003 Account Statement for <fone no> shows 800 un-redeemed S. I. M. points. Call 08715203656 Identifier Code: 42049 Expires 26/10/04,scam,uci_sms_spam
It means u could not keep ur words.,legitimate,uci_sms_spam
"Nope, I'm still in the market",legitimate,uci_sms_spam
I realise you are a busy guy and i'm trying not to be a bother. I have to get some exams outta the way and then try the cars. Do have a gr8 day,legitimate,uci_sms_spam
Hey what how about your project. Started aha da.,legitimate,uci_sms_spam
Ok cool. See ya then.,legitimate,uci_sms_spam
Am on the uworld site. Am i buying the qbank only or am i buying it with the self assessment also?,legitimate,uci_sms_spam
Someonone you know is trying to contact you via our dating service! To find out who it could be call from your mobile or landline 09064015307 BOX334SK38ch ,scam,uci_sms_spam
Yeah I can still give you a ride,legitimate,uci_sms_spam
"Jay wants to work out first, how's 4 sound?",legitimate,uci_sms_spam
"Gud gud..k, chikku tke care.. sleep well gud nyt",legitimate,uci_sms_spam
Hmm thinking lor...,legitimate,uci_sms_spam
Of course ! Don't tease me ... You know I simply must see ! *grins* ... Do keep me posted my prey ... *loving smile* *devouring kiss*,legitimate,uci_sms_spam
thanks for the temales it was wonderful. Thank. Have a great week.,legitimate,uci_sms_spam
Thank you princess! I want to see your nice juicy booty...,legitimate,uci_sms_spam
Haven't eaten all day. I'm sitting here staring at this juicy pizza and I can't eat it. These meds are ruining my life.,legitimate,uci_sms_spam
U come n search tat vid..not finishd..,legitimate,uci_sms_spam
"K I'm leaving soon, be there a little after 9",legitimate,uci_sms_spam
Urgent! Please call 09061213237 from a landline. £5000 cash or a 4* holiday await collection. T &Cs SAE PO Box 177 M227XY. 16+,scam,uci_sms_spam
"Yeah work is fine, started last week, all the same stuff as before, dull but easy and guys are fun!",legitimate,uci_sms_spam
You do your studies alone without anyones help. If you cant no need to study.,legitimate,uci_sms_spam
Please tell me not all of my car keys are in your purse,legitimate,uci_sms_spam
I didnt get anything da,legitimate,uci_sms_spam
Ok... Sweet dreams...,legitimate,uci_sms_spam
Well she's in for a big surprise!,legitimate,uci_sms_spam
1 in cbe. 2 in chennai.,legitimate,uci_sms_spam
Can help u swoop by picking u up from wherever ur other birds r meeting if u want.,legitimate,uci_sms_spam
If anyone calls for a treadmill say you'll buy it. Make sure its working. I found an ad on Craigslist selling for $ &lt;#&gt; .,legitimate,uci_sms_spam
I absolutely LOVE South Park! I only recently started watching the office.,legitimate,uci_sms_spam
Did you see that film:),legitimate,uci_sms_spam
Pls speak with me. I wont ask anything other then you friendship.,legitimate,uci_sms_spam
Gud ni8.swt drms.take care,legitimate,uci_sms_spam
HI DARLIN ITS KATE ARE U UP FOR DOIN SOMETHIN TONIGHT? IM GOING TO A PUB CALLED THE SWAN OR SOMETHING WITH MY PARENTS FOR ONE DRINK SO PHONE ME IF U CAN,legitimate,uci_sms_spam
Anything lar then ü not going home 4 dinner?,legitimate,uci_sms_spam
"ER, ENJOYIN INDIANS AT THE MO..yeP. SaLL gOoD HehE ;> hows bout u shexy? Pete Xx",legitimate,uci_sms_spam
"If you don't, your prize will go to another customer. T&C at www.t-c.biz 18+ 150p/min Polo Ltd Suite 373 London W1J 6HL Please call back if busy ",scam,uci_sms_spam
Did u fix the teeth?if not do it asap.ok take care.,legitimate,uci_sms_spam
So u wan 2 come for our dinner tonight a not?,legitimate,uci_sms_spam
"Hello.How u doing?What u been up 2?When will u b moving out of the flat, cos I will need to arrange to pick up the lamp, etc. Take care. Hello caroline!",legitimate,uci_sms_spam
Its too late:)but its k.wish you the same.,legitimate,uci_sms_spam
"Hi. Hope ur day * good! Back from walk, table booked for half eight. Let me know when ur coming over.",legitimate,uci_sms_spam
Oh yeah clearly it's my fault,legitimate,uci_sms_spam
Dunno leh cant remember mayb lor. So wat time r we meeting tmr?,legitimate,uci_sms_spam
"Best msg: It's hard to be with a person, when u know that one more step foward will make u fall in love.. &amp; One step back can ruin ur friendship.. good night:-) ...",legitimate,uci_sms_spam
URGENT! Your Mobile number has been awarded with a £2000 prize GUARANTEED. Call 09061790126 from land line. Claim 3030. Valid 12hrs only 150ppm,scam,uci_sms_spam
"Vikky, come around  &lt;TIME&gt; ..",legitimate,uci_sms_spam
"And how you will do that, princess? :)",legitimate,uci_sms_spam
I have gone into get info bt dont know what to do,legitimate,uci_sms_spam
"Yeah, probably here for a while",legitimate,uci_sms_spam
I'm still pretty weak today .. Bad day ?,legitimate,uci_sms_spam
Hey ! Don't forget ... You are MINE ... For ME ... My possession ... MY property ... MMM ... *childish smile* ...,legitimate,uci_sms_spam
An excellent thought by a misundrstud frnd: I knw u hate me bt the day wen u'll knw the truth u'll hate urself:-( Gn:-),legitimate,uci_sms_spam
Hey! Congrats 2u2. id luv 2 but ive had 2 go home!,legitimate,uci_sms_spam
Dear where you. Call me,legitimate,uci_sms_spam
Xy trying smth now. U eat already? We havent...,legitimate,uci_sms_spam
Urgent! Please call 09061213237 from landline. £5000 cash or a luxury 4* Canary Islands Holiday await collection. T&Cs SAE PO Box 177. M227XY. 150ppm. 16+,scam,uci_sms_spam
I donno its in your genes or something,legitimate,uci_sms_spam
XMAS iscoming & ur awarded either £500 CD gift vouchers & free entry 2 r £100 weekly draw txt MUSIC to 87066 TnC www.Ldew.com1win150ppmx3age16subscription ,scam,uci_sms_spam
Alex says he's not ok with you not being ok with it,legitimate,uci_sms_spam
Are u coming to the funeral home,legitimate,uci_sms_spam
My darling sister. How are you doing. When's school resuming. Is there a minimum wait period before you reapply? Do take care,legitimate,uci_sms_spam
I.ll hand her my phone to chat wit u,legitimate,uci_sms_spam
Well good morning mr . Hows london treatin' ya treacle?,legitimate,uci_sms_spam
I can't make it tonight,legitimate,uci_sms_spam
About  &lt;#&gt; bucks. The banks fees are fixed. Better to call the bank and find out.,legitimate,uci_sms_spam
"I can. But it will tell quite long, cos i haven't finish my film yet...",legitimate,uci_sms_spam
Pls ask macho how much is budget for bb bold 2 is cos i saw a new one for  &lt;#&gt;  dollars.,legitimate,uci_sms_spam
Hi missed your Call and my mumHas beendropping red wine all over theplace! what is your adress?,legitimate,uci_sms_spam
Ill be at yours in about 3 mins but look out for me,legitimate,uci_sms_spam
What you did in  leave.,legitimate,uci_sms_spam
I'm coming back on Thursday. Yay. Is it gonna be ok to get the money. Cheers. Oh yeah and how are you. Everything alright. Hows school. Or do you call it work now,legitimate,uci_sms_spam
"Jolly good! By the way,  will give u tickets for sat eve 7.30. Speak before then x",legitimate,uci_sms_spam
"yeah, that's what I was thinking",legitimate,uci_sms_spam
K.k:)i'm going to tirunelvali this week to see my uncle ..i already spend the amount by taking dress .so only i want money.i will give it on feb 1,legitimate,uci_sms_spam
Here got ur favorite oyster... N got my favorite sashimi... Ok lar i dun say already... Wait ur stomach start rumbling...,legitimate,uci_sms_spam
My sister going to earn more than me da.,legitimate,uci_sms_spam
Jus finish watching tv... U?,legitimate,uci_sms_spam
"K, fyi I'm back in my parents' place in south tampa so I might need to do the deal somewhere else",legitimate,uci_sms_spam
"Good morning, my Love ... I go to sleep now and wish you a great day full of feeling better and opportunity ... You are my last thought babe, I LOVE YOU *kiss*",legitimate,uci_sms_spam
Kothi print out marandratha.,legitimate,uci_sms_spam
But we havent got da topic yet rite?,legitimate,uci_sms_spam
Ok no problem... Yup i'm going to sch at 4 if i rem correctly...,legitimate,uci_sms_spam
"Thanks, I'll keep that in mind",legitimate,uci_sms_spam
Aah bless! How's your arm?,legitimate,uci_sms_spam
"Dear Sir,Salam Alaikkum.Pride and Pleasure meeting you today at the Tea Shop.We are pleased to send you our contact number at Qatar.Rakhesh an Indian.Pls save our Number.Respectful Regards.",legitimate,uci_sms_spam
"Gal n boy walking in d park. gal-can i hold ur hand? boy-y? do u think i would run away? gal-no, jst wana c how it feels walking in heaven with an prince..GN:-)",legitimate,uci_sms_spam
What makes you most happy?,legitimate,uci_sms_spam
Wishing you a wonderful week.,legitimate,uci_sms_spam
Sweet heart how are you?,legitimate,uci_sms_spam
"Sir, waiting for your letter.",legitimate,uci_sms_spam
Dude im no longer a pisces. Im an aquarius now.,legitimate,uci_sms_spam
X course it 2yrs. Just so her messages on messenger lik you r sending me,legitimate,uci_sms_spam
I think steyn surely get one wicket:),legitimate,uci_sms_spam
"Neither [in sterm voice] - i'm studying. All fine with me! Not sure the  thing will be resolved, tho. Anyway. Have a fab hols",legitimate,uci_sms_spam
"Garbage bags, eggs, jam, bread, hannaford wheat chex",legitimate,uci_sms_spam
No. It's not pride. I'm almost  &lt;#&gt;  years old and shouldn't be takin money from my kid. You're not supposed to have to deal with this stuff. This is grownup stuff--why i don't tell you.,legitimate,uci_sms_spam
Sounds better than my evening im just doing my costume. Im not sure what time i finish tomorrow but i will txt you at the end.,legitimate,uci_sms_spam
My birthday is on feb  &lt;#&gt;  da. .,legitimate,uci_sms_spam
So when do you wanna gym?,legitimate,uci_sms_spam
You'd like that wouldn't you? Jerk!,legitimate,uci_sms_spam
Are u awake? Is there snow there?,legitimate,uci_sms_spam
And of course you should make a stink!,legitimate,uci_sms_spam
"u r subscribed 2 TEXTCOMP 250 wkly comp. 1st wk?s free question follows, subsequent wks charged@150p/msg.2 unsubscribe txt STOP 2 84128,custcare 08712405020",scam,uci_sms_spam
No go. No openings for that room 'til after thanksgiving without an upcharge.,legitimate,uci_sms_spam
When you guys planning on coming over?,legitimate,uci_sms_spam
Wat ü doing now?,legitimate,uci_sms_spam
No sir. That's why i had an 8-hr trip on the bus last week. Have another audition next wednesday but i think i might drive this time.,legitimate,uci_sms_spam
Do I? I thought I put it back in the box,legitimate,uci_sms_spam
I'm home...,legitimate,uci_sms_spam
No one interested. May be some business plan.,legitimate,uci_sms_spam
Yup it's at paragon... I havent decided whether 2 cut yet... Hee...,legitimate,uci_sms_spam
Good morning princess! Have a great day!,legitimate,uci_sms_spam
Guai... Ü shd haf seen him when he's naughty... Ü so free today? Can go jogging...,legitimate,uci_sms_spam
Aiyo cos i sms ü then ü neva reply so i wait 4 ü to reply lar. I tot ü havent finish ur lab wat.,legitimate,uci_sms_spam
"Living is very simple.. Loving is also simple.. Laughing is too simple.. Winning is tooo simple.. But, Being 'SIMPLE' is very difficult...;-) :-)",legitimate,uci_sms_spam
Tell me something. Thats okay.,legitimate,uci_sms_spam
Hmm. Shall i bring a bottle of wine to keep us amused? Just joking! I'll still bring a bottle. Red or white? See you tomorrow,legitimate,uci_sms_spam
This is ur face test ( 1 2 3 4 5 6 7 8 9  &lt;#&gt;  ) select any number i will tell ur face astrology.... am waiting. quick reply...,legitimate,uci_sms_spam
"Hey, iouri gave me your number, I'm wylie, ryan's friend",legitimate,uci_sms_spam
Yep get with the program. You're slacking.,legitimate,uci_sms_spam
I'm in inside office..still filling forms.don know when they leave me.,legitimate,uci_sms_spam
"I think your mentor is , but not 100 percent sure.",legitimate,uci_sms_spam
Call 09095350301 and send our girls into erotic ecstacy. Just 60p/min. To stop texts call 08712460324 (nat rate),scam,uci_sms_spam
A £400 XMAS REWARD IS WAITING FOR YOU! Our computer has randomly picked you from our loyal mobile customers to receive a £400 reward. Just call 09066380611,scam,uci_sms_spam
Just trying to figure out when I'm suppose to see a couple different people this week. We said we'd get together but I didn't set dates,legitimate,uci_sms_spam
IMPORTANT MESSAGE. This is a final contact attempt. You have important messages waiting out our customer claims dept. Expires 13/4/04. Call 08717507382 NOW!,scam,uci_sms_spam
Hi mom we might be back later than  &lt;#&gt; ,legitimate,uci_sms_spam
dating:i have had two of these. Only started after i sent a text to talk sport radio last week. Any connection do you think or coincidence?,scam,uci_sms_spam
"Lol, oh you got a friend for the dog ?",legitimate,uci_sms_spam
"Ok., is any problem to u frm him? Wats matter?",legitimate,uci_sms_spam
"K I'll head out in a few mins, see you there",legitimate,uci_sms_spam
I don't want you to leave. But i'm barely doing what i can to stay sane. fighting with you constantly isn't helping.,legitimate,uci_sms_spam
The current leading bid is 151. To pause this auction send OUT. Customer Care: 08718726270,scam,uci_sms_spam
"Free entry to the gr8prizes wkly comp 4 a chance to win the latest Nokia 8800, PSP or £250 cash every wk.TXT GREAT to 80878 http//www.gr8prizes.com 08715705022",scam,uci_sms_spam
Somebody set up a website where you can play hold em using eve online spacebucks,legitimate,uci_sms_spam
Its sunny in california. The weather's just cool,legitimate,uci_sms_spam
You have 1 new message. Call 0207-083-6089,scam,uci_sms_spam
"I can make it up there, squeezed  &lt;#&gt;  bucks out of my dad",legitimate,uci_sms_spam
Good day to You too.Pray for me.Remove the teeth as its painful maintaining other stuff.,legitimate,uci_sms_spam
How are you babes. Hope your doing ok. I had a shit nights sleep. I fell asleep at 5.Im knackered and im dreading work tonight. What are thou upto tonight. X,legitimate,uci_sms_spam
How do friends help us in problems? They give the most stupid suggestion that Lands us into another problem and helps us forgt the previous problem,legitimate,uci_sms_spam
I will be gentle baby! Soon you will be taking all  &lt;#&gt;  inches deep inside your tight pussy...,legitimate,uci_sms_spam
NOT MUCH NO FIGHTS. IT WAS A GOOD NITE!!,legitimate,uci_sms_spam
Nt joking seriously i told,legitimate,uci_sms_spam
Watching ajith film ah?,legitimate,uci_sms_spam
Ooooooh I forgot to tell u I can get on yoville on my phone,legitimate,uci_sms_spam
"All done, all handed in. Don't know if mega shop in asda counts as celebration but thats what i'm doing!",legitimate,uci_sms_spam
I dont know exactly could you ask chechi.,legitimate,uci_sms_spam
Dunno lei shd b driving lor cos i go sch 1 hr oni.,legitimate,uci_sms_spam
As in i want custom officer discount oh.,legitimate,uci_sms_spam
That's necessarily respectful,legitimate,uci_sms_spam
Hi. Hope you had a good day. Have a better night.,legitimate,uci_sms_spam
And he's apparently bffs with carly quick now,legitimate,uci_sms_spam
HARD BUT TRUE: How much you show &amp;  express your love to someone....that much it will hurt when they leave you or you get seperated...!鈥┾??〨ud evening...,legitimate,uci_sms_spam
Babes I think I got ur brolly I left it in English wil bring it in 2mrw 4 u luv Franxx,legitimate,uci_sms_spam
Hi babe its me thanks for coming even though it didnt go that well!i just wanted my bed! Hope to see you soon love and kisses xxx,legitimate,uci_sms_spam
So gd got free ice cream... I oso wan...,legitimate,uci_sms_spam
Pls give her prometazine syrup. 5mls then  &lt;#&gt; mins later feed.,legitimate,uci_sms_spam
So how many days since then?,legitimate,uci_sms_spam
Dear are you angry i was busy dear,legitimate,uci_sms_spam
Yup he msg me: is tat yijue? Then i tot it's my group mate cos we meeting today mah... I'm askin if ü leaving earlier or wat mah cos mayb ü haf to walk v far...,legitimate,uci_sms_spam
... Are you in the pub?,legitimate,uci_sms_spam
There is a first time for everything :),legitimate,uci_sms_spam
"Daddy, shu shu is looking 4 u... U wan me 2 tell him u're not in singapore or wat?",legitimate,uci_sms_spam
I ask if u meeting da ge tmr nite...,legitimate,uci_sms_spam
Gr8. So how do you handle the victoria island traffic. Plus when's the album due,legitimate,uci_sms_spam
Nite nite pocay wocay luv u more than n e thing 4eva I promise ring u 2morrowxxxx,legitimate,uci_sms_spam
East coast,legitimate,uci_sms_spam
You should get more chicken broth if you want ramen unless there's some I don't know about,legitimate,uci_sms_spam
My slave! I want you to take 2 or 3 pictures of yourself today in bright light on your cell phone! Bright light!,legitimate,uci_sms_spam
Nope. I just forgot. Will show next week,legitimate,uci_sms_spam
So how are you really. What are you up to. How's the masters. And so on.,legitimate,uci_sms_spam
I'm at bruce &amp; fowler now but I'm in my mom's car so I can't park (long story),legitimate,uci_sms_spam
I dont know oh. Hopefully this month.,legitimate,uci_sms_spam
"Hi elaine, is today's meeting confirmed?",legitimate,uci_sms_spam
Ok k..sry i knw 2 siva..tats y i askd..,legitimate,uci_sms_spam
U horrible gal... U knew dat i was going out wif him yest n u still come n ask me...,legitimate,uci_sms_spam
Oh yeah! And my diet just flew out the window,legitimate,uci_sms_spam
Santa Calling! Would your little ones like a call from Santa Xmas eve? Call 09058094583 to book your time.,scam,uci_sms_spam
You didnt complete your gist oh.,legitimate,uci_sms_spam
"Er yeah, i will b there at 15:26, sorry! Just tell me which pub/cafe to sit in and come wen u can",legitimate,uci_sms_spam
"If you can make it any time tonight or whenever you can it's cool, just text me whenever you're around",legitimate,uci_sms_spam
If I was I wasn't paying attention,legitimate,uci_sms_spam
Thanx a lot 4 ur help!,legitimate,uci_sms_spam
You're gonna have to be way more specific than that,legitimate,uci_sms_spam
Jesus armand really is trying to tell everybody he can find,legitimate,uci_sms_spam
I'm wif him now buying tix lar...,legitimate,uci_sms_spam
Mode men or have you left.,legitimate,uci_sms_spam
Am slow in using biola's fne,legitimate,uci_sms_spam
What are youdoing later? Sar xxx,legitimate,uci_sms_spam
Hey i've booked the 2 lessons on sun liao...,legitimate,uci_sms_spam
Thank you. do you generally date the brothas?,legitimate,uci_sms_spam
"By the way, make sure u get train to worc foregate street not shrub hill. Have fun night x",legitimate,uci_sms_spam
"I thought i'd get him a watch, just cos thats the kind of thing u get4an18th. And he loves so much!",legitimate,uci_sms_spam
You have won a guaranteed 32000 award or maybe even £1000 cash to claim ur award call free on 0800 ..... (18+). Its a legitimat efreefone number wat do u think???,scam,uci_sms_spam
Good morning. At the repair shop--the ONLY reason i'm up at this hour.,legitimate,uci_sms_spam
"And that's fine, I got enough bud to last most of the night at least",legitimate,uci_sms_spam
I am back. Good journey! Let me know if you need any of the receipts. Shall i tell you like the pendent?,legitimate,uci_sms_spam
So that takes away some money worries,legitimate,uci_sms_spam
"aight we can pick some up, you open before tonight?",legitimate,uci_sms_spam
"Latest News! Police station toilet stolen, cops have nothing to go on!",scam,uci_sms_spam
Sac needs to carry on:),legitimate,uci_sms_spam
Just sing HU. I think its also important to find someone female that know the place well preferably a citizen that is also smart to help you navigate through. Even things like choosing a phone plan require guidance. When in doubt ask especially girls.,legitimate,uci_sms_spam
What???? Hello wats talks email address?,legitimate,uci_sms_spam
Except theres a chick with huge boobs.,legitimate,uci_sms_spam
Im just wondering what your doing right now?,legitimate,uci_sms_spam
Wishing you a beautiful day. Each moment revealing even more things to keep you smiling. Do enjoy it.,legitimate,uci_sms_spam
For the most sparkling shopping breaks from 45 per person; call 0121 2025050 or visit www.shortbreaks.org.uk,scam,uci_sms_spam
If you hear a loud scream in about &lt;#&gt; minutes its cause my Gyno will be shoving things up me that don't belong :/,legitimate,uci_sms_spam
Ok i thk i got it. Then u wan me 2 come now or wat?,legitimate,uci_sms_spam
Txt: CALL to No: 86888 & claim your reward of 3 hours talk time to use from your phone now! Subscribe6GBP/mnth inc 3hrs 16 stop?txtStop www.gamb.tv,scam,uci_sms_spam
U GOIN OUT 2NITE?,legitimate,uci_sms_spam
I will treasure every moment we spend together...,legitimate,uci_sms_spam
Shall I bring us a bottle of wine to keep us amused? Only joking! I‘ll bring one anyway,legitimate,uci_sms_spam
http//tms. widelive.com/index. wml?id=820554ad0a1705572711&first=true¡C C Ringtone¡,scam,uci_sms_spam
"URGENT! Last weekend's draw shows that you have won £1000 cash or a Spanish holiday! CALL NOW 09050000332 to claim. T&C: RSTM, SW7 3SS. 150ppm",scam,uci_sms_spam
I thought slide is enough.,legitimate,uci_sms_spam
Well obviously not because all the people in my cool college life went home ;_;,legitimate,uci_sms_spam
Ok lor ü reaching then message me.,legitimate,uci_sms_spam
Where's mummy's boy ? Is he being good or bad ? Is he being positive or negative ? Why is mummy being made to wait? Hmmmm?,legitimate,uci_sms_spam
Dhoni have luck to win some big title.so we will win:),legitimate,uci_sms_spam
Yes princess! I want to please you every night. Your wish is my command...,legitimate,uci_sms_spam
No probably  &lt;#&gt; %.,legitimate,uci_sms_spam
Really do hope the work doesnt get stressful. Have a gr8 day.,legitimate,uci_sms_spam
Have you seen who's back at Holby?!,legitimate,uci_sms_spam
Shall call now dear having food,legitimate,uci_sms_spam
URGENT We are trying to contact you Last weekends draw shows u have won a £1000 prize GUARANTEED Call 09064017295 Claim code K52 Valid 12hrs 150p pm,scam,uci_sms_spam
So li hai... Me bored now da lecturer repeating last weeks stuff waste time... ,legitimate,uci_sms_spam
", ,  and  picking them up from various points | going 2 yeovil | and they will do the motor project 4 3 hours | and then u take them home. || 12 2 5.30 max. || Very easy",legitimate,uci_sms_spam
Also fuck you and your family for going to rhode island or wherever the fuck and leaving me all alone the week I have a new bong &gt;:(,legitimate,uci_sms_spam
Ofcourse I also upload some songs,legitimate,uci_sms_spam
2p per min to call Germany 08448350055 from your BT line. Just 2p per min. Check PlanetTalkInstant.com for info & T's & C's. Text stop to opt out,scam,uci_sms_spam
Oh thanks a lot..i already bought 2 eggs ..,legitimate,uci_sms_spam
U studying in sch or going home? Anyway i'll b going 2 sch later.,legitimate,uci_sms_spam
Marvel Mobile Play the official Ultimate Spider-man game (£4.50) on ur mobile right now. Text SPIDER to 83338 for the game & we ll send u a FREE 8Ball wallpaper,scam,uci_sms_spam
I think if he rule tamilnadu..then its very tough for our people.,legitimate,uci_sms_spam
"Cool, we shall go and see, have to go to tip anyway. Are you at home, got something to drop in later? So lets go to town tonight! Maybe mum can take us in.",legitimate,uci_sms_spam
"Good afternoon, my love ... How goes your day ? How did you sleep ? I hope your well, my boytoy ... I think of you ...",legitimate,uci_sms_spam
Yes... I trust u to buy new stuff ASAP so I can try it out,legitimate,uci_sms_spam
Why did I wake up on my own &gt;:(,legitimate,uci_sms_spam
Now get step 2 outta the way. Congrats again.,legitimate,uci_sms_spam
Love has one law; Make happy the person you love. In the same way friendship has one law; Never make ur friend feel alone until you are alive.... Gud night,legitimate,uci_sms_spam
PRIVATE! Your 2003 Account Statement for 07808247860 shows 800 un-redeemed S. I. M. points. Call 08719899229 Identifier Code: 40411 Expires 06/11/04,scam,uci_sms_spam
Apo all other are mokka players only,legitimate,uci_sms_spam
"Perhaps * is much easy give your account identification, so i will tomorrow at UNI",legitimate,uci_sms_spam
Wait . I will msg after  &lt;#&gt;  min.,legitimate,uci_sms_spam
What i told before i tell. Stupid hear after i wont tell anything to you. You dad called to my brother and spoken. Not with me.,legitimate,uci_sms_spam
God's love has no limit. God's grace has no measure. God's power has no boundaries. May u have God's endless blessings always in ur life...!! Gud ni8,legitimate,uci_sms_spam
I want to be inside you every night...,legitimate,uci_sms_spam
"Machan you go to gym tomorrow,  i wil come late goodnight.",legitimate,uci_sms_spam
Lol they were mad at first but then they woke up and gave in.,legitimate,uci_sms_spam
"It‘s reassuring, in this crazy world.",legitimate,uci_sms_spam
"Just making dinner, you ?",legitimate,uci_sms_spam
Yes. Please leave at  &lt;#&gt; . So that at  &lt;#&gt;  we can leave,legitimate,uci_sms_spam
Oh... Okie lor...We go on sat... ,legitimate,uci_sms_spam
You are a great role model. You are giving so much and i really wish each day for a miracle but God as a reason for everything and i must say i wish i knew why but i dont. I've looked up to you since i was young and i still do. Have a great day.,legitimate,uci_sms_spam
"Ya, i'm referin to mei's ex wat... No ah, waitin 4 u to treat, somebody shld b rich liao...So gd, den u dun have to work frm tmr onwards...",legitimate,uci_sms_spam
Miles and smiles r made frm same letters but do u know d difference..? smile on ur face keeps me happy even though I am miles away from u.. :-)keep smiling.. Good nyt,legitimate,uci_sms_spam
"By the way, i've put a skip right outside the front of the house so you can see which house it is. Just pull up before it.",legitimate,uci_sms_spam
Can you pls send me that company name. In saibaba colany,legitimate,uci_sms_spam
No. I dont want to hear anything,legitimate,uci_sms_spam
You are a big chic. Common. Declare,legitimate,uci_sms_spam
Thats cool. I want to please you...,legitimate,uci_sms_spam
Going to join tomorrow.,legitimate,uci_sms_spam
I want to tell you how bad I feel that basically the only times I text you lately are when I need drugs,legitimate,uci_sms_spam
PRIVATE! Your 2003 Account Statement for shows 800 un-redeemed S.I.M. points. Call 08718738001 Identifier Code: 49557 Expires 26/11/04,scam,uci_sms_spam
"Total disappointment, when I texted you was the craziest shit got :(",legitimate,uci_sms_spam
Its just the effect of irritation. Just ignore it,legitimate,uci_sms_spam
What about this one then.,legitimate,uci_sms_spam
I think that tantrum's finished so yeah I'll be by at some point,legitimate,uci_sms_spam
Compliments to you. Was away from the system. How your side.,legitimate,uci_sms_spam
happened here while you were adventuring,legitimate,uci_sms_spam
"Hey chief, can you give me a bell when you get this. Need to talk to you about this royal visit on the 1st june. ",legitimate,uci_sms_spam
Ok which your another number,legitimate,uci_sms_spam
Aiyah ok wat as long as got improve can already wat...,legitimate,uci_sms_spam
Want explicit SEX in 30 secs? Ring 02073162414 now! Costs 20p/min Gsex POBOX 2667 WC1N 3XX,scam,uci_sms_spam
I can't believe how attached I am to seeing you every day. I know you will do the best you can to get to me babe. I will go to teach my class at your midnight,legitimate,uci_sms_spam
ASKED 3MOBILE IF 0870 CHATLINES INCLU IN FREE MINS. INDIA CUST SERVs SED YES. L8ER GOT MEGA BILL. 3 DONT GIV A SHIT. BAILIFF DUE IN DAYS. I O £250 3 WANT £800,scam,uci_sms_spam
Yeah it's jus rite...,legitimate,uci_sms_spam
Armand says get your ass over to epsilon,legitimate,uci_sms_spam
U still havent got urself a jacket ah?,legitimate,uci_sms_spam
"I'm taking derek &amp; taylor to walmart, if I'm not back by the time you're done just leave the mouse on my desk and I'll text you when priscilla's ready",legitimate,uci_sms_spam
Hi its in durban are you still on this number,legitimate,uci_sms_spam
Ic. There are a lotta childporn cars then.,legitimate,uci_sms_spam
"Had your contract mobile 11 Mnths? Latest Motorola, Nokia etc. all FREE! Double Mins & Text on Orange tariffs. TEXT YES for callback, no to remove from records.",scam,uci_sms_spam
"No, I was trying it all weekend ;V",legitimate,uci_sms_spam
"You know, wot people wear. T shirts, jumpers, hat, belt, is all we know. We r at Cribbs",legitimate,uci_sms_spam
"Cool, what time you think you can get here?",legitimate,uci_sms_spam
Wen did you get so spiritual and deep. That's great,legitimate,uci_sms_spam
Have a safe trip to Nigeria. Wish you happiness and very soon company to share moments with,legitimate,uci_sms_spam
Well keep in mind I've only got enough gas for one more round trip barring a sudden influx of cash,legitimate,uci_sms_spam
Yeh. Indians was nice. Tho it did kane me off a bit he he. We shud go out 4 a drink sometime soon. Mite hav 2 go 2 da works 4 a laugh soon. Love Pete x x,legitimate,uci_sms_spam
Yes i have. So that's why u texted. Pshew...missing you so much,legitimate,uci_sms_spam
No. I meant the calculation is the same. That  &lt;#&gt; units at  &lt;#&gt; . This school is really expensive. Have you started practicing your accent. Because its important. And have you decided if you are doing 4years of dental school or if you'll just do the nmde exam.,legitimate,uci_sms_spam
if you aren't here in the next  &lt;#&gt;  hours imma flip my shit,legitimate,uci_sms_spam
Anything lor. Juz both of us lor.,legitimate,uci_sms_spam
Get me out of this dump heap. My mom decided to come to lowes. BORING.,legitimate,uci_sms_spam
Ok lor... Sony ericsson salesman... I ask shuhui then she say quite gd 2 use so i considering...,legitimate,uci_sms_spam
Ard 6 like dat lor.,legitimate,uci_sms_spam
Why don't you wait 'til at least wednesday to see if you get your .,legitimate,uci_sms_spam
Huh y lei...,legitimate,uci_sms_spam
"REMINDER FROM O2: To get 2.50 pounds free call credit and details of great offers pls reply 2 this text with your valid name, house no and postcode",scam,uci_sms_spam
"This is the 2nd time we have tried 2 contact u. U have won the £750 Pound prize. 2 claim is easy, call 087187272008 NOW1! Only 10p per minute. BT-national-rate.",scam,uci_sms_spam
Will ü b going to esplanade fr home?,legitimate,uci_sms_spam
"Pity, * was in mood for that. So...any other suggestions?",legitimate,uci_sms_spam
The guy did some bitching but I acted like i'd be interested in buying something else next week and he gave it to us for free,legitimate,uci_sms_spam
Rofl. Its true to its name,legitimate,uci_sms_spam
